strong,lemma,inflectionEndings,pos,gloss,freq,updatedAt
G0001,Ἀλφα,,n.,Alpha,3,2024-11-01T08:15:49.825Z
G0002,Ἀαρών,,n. pr. m.,"Aaron = «Haut placé, ou éclairé»",5,
G0003,Ἀβαδδών,-ονος,n. pr.,Abaddon = «le destructeur»,1,
G0004,ἀβαρής,-ές,adj.,non à charge,1,
G0005,ἀββά,,n. m.,Abba = «père»,3,
G0006,Ἄβελ,,n. pr. m.,Abel = «souffle - vapeur»,4,
G0007,Ἀβιά,,n. pr. m.,Abia = «L’Éternel est un père»,3,
G0008,Ἀβιαθάρ,,n. pr. m.,Abiathar = «père de l’abondance»,1,
G0009,Ἀβιληνή,-ῆς,n. pr. f.,Abilène = «prairie»,1,
G0010,Ἀβιούδ,,n. pr. m.,Abiud = «père de l’éloge ou père loué»,2,
G0011,Ἀβραάμ,,n. pr. m.,Abraham = «père d’une multitude»,73,2024-11-01T08:15:49.825Z
G0012,ἄβυσσος,-ου,n. f.,"abîme, lieu inférieur d’obscurité",9,
G0013,Ἄγαβος,-ου,n. pr. m.,Agabus = «sauterelle»,2,
G0014,ἀγαθοεργέω,,vb.,faire du bien,2,
G0015,ἀγαθοποιέω,,vb.,faire du bien,9,
G0016,ἀγαθοποιΐα,-ας,n. f.,"bien, bienfaisance",1,
G0017,ἀγαθοποιός,-οῦ,n. f.,qui fait le bien,1,
G0018,ἀγαθός,"-ή, -όν",adj. / adv.,"bon, bien",102,2024-11-01T08:15:49.825Z
G0019,ἀγαθωσύνη,-ης,n. f.,"bonté, bien, bienveillance",4,
G0020,ἀγαλλίασις,-εως,n. f.,"joie extrême, allégresse",5,2024-11-01T08:15:49.825Z
G0021,ἀγαλλιάω,,vb.,se réjouir ; se réjouir avec allégresse ; tressaillir de joie,11,
G0022,ἄγαμος,-ου,n. m./f.,celui qui n’est pas marié,4,
G0023,ἀγανακτέω,,vb.,"être indigné, s’indigner, être révolté, être en colère",7,
G0024,ἀγανάκτησις,-εως,n. f.,"indignation, irritation, vexation",1,
G0025,ἀγαπάω,,vb.,aimer ; (participe) bien-aimé,143,
G0026,ἀγάπη,-ης,n. f.,"amour fraternel, affection, (pluriel) agapes",116,2024-11-01T08:15:49.825Z
G0027,ἀγαπητός,"-ή, -όν",adj.,bien-aimé,61,2024-11-01T08:15:49.825Z
G0028,Ἄγαρ,,n. pr. f.,Agar = «fuite»,2,
G0029,ἀγγαρεύω,,vb.,"contraindre, requérir, forcer",3,
G0030,ἀγγεῖον,-ου,n. m.,"vaisseau, vase, récipient",1,
G0031,ἀγγελία,-ας,n. f.,message,2,
G0032,ἄγγελος,-ου,n. m.,"l'ange, le messager",175,2024-11-01T08:15:49.825Z
G0034,ἀγέλη,-ης,n. f.,troupeau,7,
G0035,ἀγενεαλόγητος,-ον,adj.,sans généalogie,1,
G0036,ἀγενής,-ές,adj.,"vil, sans renommée, méprisable",1,
G0037,ἁγιάζω,,vb.,"sanctifier, consacrer",28,
G0038,ἁγιασμός,-οῦ,n. f.,"sainteté, sanctification, pureté morale",10,
G0039,ἅγιος,,adj.,ce qui est saint ; lieu saint ; sanctuaire,12,
G0040,ἅγιος,"-α, -ον",adj.,saint,224,
G0041,ἁγιότης,-ητος,n. f.,sainteté,1,
G0042,ἁγιωσύνη,-ης,n. f.,"sainteté, mise à part",3,
G0043,ἀγκάλη,-ης,n. f.,bras,1,2024-11-01T08:15:49.825Z
G0044,ἄγκιστρον,-ου,n. m.,hameçon,1,
G0045,ἄγκυρα,-ας,n. f.,ancre,4,
G0046,ἄγναφος,-ον,adj.,"neuf, non porté, non foulé, non usé",2,
G0047,ἁγνεία,-ας,n. f.,"pureté, chasteté",2,
G0048,ἁγνίζω,,vb.,"purifier, sanctifier",7,
G0049,ἁγνισμός,-οῦ,n. f.,purification,1,
G0050,ἀγνοέω,,vb.,ignorer,22,2024-11-01T08:15:49.825Z
G0051,ἀγνόημα,-τος,n. n.,"faute, erreur",1,
G0052,ἄγνοια,-ας,n. f.,ignorance,4,
G0053,ἁγνός,"-ή, -όν",adj.,"pur, digne de révérence, vénérable, sacré",8,2024-11-01T08:15:49.825Z
G0054,ἁγνότης,-ητος,n. f.,pureté,2,
G0055,ἁγνῶς,,adv.,"purement, avec sincérité",1,2024-11-01T08:15:49.825Z
G0056,ἀγνωσία,-ας,n. f.,"ignorance, méconnaissance, absence de savoir",2,
G0057,ἄγνωστος,-ον,adj.,"inconnu, étranger, anonyme",1,
G0058,ἀγορά,-ᾶς,n. f.,"place publique, place du marché, marché, rue",11,
G0059,ἀγοράζω,,vb.,"acheter, racheter",30,2024-11-01T08:15:49.825Z
G0060,ἀγοραῖος,-ον,adj.,mauvais sujet ; tribunal,2,
G0061,ἄγρα,-ας,n. f.,"pêche, prise",2,
G0062,ἀγράμματος,-ον,adj.,"sans instruction, illettré",1,
G0063,ἀγραυλέω,,vb.,demeurer aux champs,1,
G0064,ἀγρεύω,,vb.,"prendre au piège, surprendre, attraper",1,
G0065,ἀγριέλαιος,-ου,n. f.,olivier sauvage,2,
G0066,ἄγριος,"-α, -ον",adj.,"sauvage, tumultueux",3,
G0067,Ἀγρίππας,-α,n. pr. m.,Agrippa = «cheval sauvage»,11,
G0068,ἀγρός,-οῦ,n. f.,campagne ; champ,35,
G0069,ἀγρυπνέω,,vb.,"veiller, être éveillé, être attentif",4,
G0070,ἀγρυπνία,-ας,n. f.,"veille, insomnie",2,
G0071,ἄγω,fut. pass. ἀχθήσομαι ; aor. ἤγαγον ; aor. pass. ἤχθην ; inf. ἀγαγεῖν,vb.,"conduire, guider",68,2024-11-01T08:15:49.825Z
G0072,ἀγωγή,-ῆς,n. f.,"conduite, manière de vivre",1,
G0073,ἀγών,-ῶνος,n. f.,"combat, lutte, course",6,2024-11-01T08:15:49.825Z
G0074,ἀγωνία,-ας,n. f.,"angoisse du combat, agonie, agitation de l’âme",1,
G0075,ἀγωνίζομαι,,vb.,combattre ; (participe) athlète,8,
G0076,Ἀδάμ,,n. pr. m.,Adam = «la terre rouge»,9,
G0077,ἀδάπανος,-ον,adj.,"exempt de frais, sans coût, gratuit",1,
G0078,Ἀδδί,,n. pr. m.,Addi = «ornement»,1,
G0079,ἀδελφή,-ῆς,n. f.,sœur,25,
G0080,ἀδελφός,-οῦ,n. f.,"frère, homme juif, croyant",343,
G0081,ἀδελφότης,-ητος,n. f.,"fraternité, ensemble de frères",2,
G0082,ἄδηλος,-ον,adj.,"que rien ne signale, incertain, confus, indistinct",2,
G0083,ἀδηλότης,-ητος,n. f.,"incertitude, insécurité, fragilité",1,
G0084,ἀδήλως,,adv.,"à l’aveuglette, à l’aventure, avec incertitude",1,
G0085,ἀδημονέω,,vb.,"être troublé, être dans la détresse",3,2024-11-01T08:15:49.825Z
G0086,ᾍδης,-ου,n. m.,hadès,9,
G0087,ἀδιάκριτος,-ον,adj.,"sans partialité, sans distinction, sans parti-pris préalable",1,
G0088,ἀδιάλειπτος,-ον,adj.,"continuel, incessant, constant",2,
G0089,ἀδιαλείπτως,,adv.,"sans cesse, sans relâche, continuellement",4,
G0091,ἀδικέω,,vb.,"agir injustement, faire le mal ; (pass.) supporter des injustices ; (pass.) souffrir ; nuire",25,2025-07-18T19:17:48.782Z
G0092,ἀδίκημα,-τος,n. n.,"injustice, délit, iniquité",3,
G0093,ἀδικία,-ας,n. f.,"injustice, mal",25,2025-07-18T19:25:55.484Z
G0094,ἄδικος,-ον ; -ον,adj.,injuste,12,
G0095,ἀδίκως,,adv.,"injustement, de manière inéquitable",1,
G0096,ἀδόκιμος,-ον,adj.,"réprouvé, sans valeur, déréglé",8,
G0097,ἄδολος,-ον,adj.,"pur, sans tromperie, sincère",1,
G0098,Ἀδραμυττηνός,"-ή, -όν",adj.,Adramytte = «Je demeurerai dans la mort»,1,
G0099,Ἀδρίας,-ου,n. pr. m.,Adriatique = «sans bois»,1,
G0100,ἁδρότης,-ητος,n. f.,"abondance, forte somme, large contribution",1,
G0101,ἀδυνατέω,,vb.,"être impossible, être irréalisable",2,
G0102,ἀδύνατος,-ον,adj.,"impossible, avoir lieu, être réalisé, impotent, faible",10,
G0103,ᾄδω,,vb.,"chanter, célébrer",5,
G0104,ἀεί,,adv.,"toujours, constamment, invariablement",8,
G0105,ἀετός,-οῦ,n. f.,"aigle, oiseau de proie",5,
G0106,ἄζυμος,-ον,adj.,"sans levain, pain sans levain, sans levain, pain sans levain, le levain",9,
G0107,Ἀζώρ,,n. pr. m.,Azor = «qui aide»,2,
G0108,Ἄζωτος,-ου,n. pr. f.,Azot = «une forteresse»,1,
G0109,ἀήρ,-έρος,n. f.,air,7,
G0110,ἀθανασία,-ας,n. f.,immortalité,3,
G0111,ἀθέμιτος,-ον,adj.,"illicite, illégal",2,
G0112,ἄθεος,-ον,adj.,sans dieu,1,2024-11-01T08:15:49.825Z
G0113,ἄθεσμος,-ον,adj.,"pervers, homme pervers, sans restriction, sans loi",2,
G0114,ἀθετέω,,vb.,"annuler ; mettre de côté, rejeter",16,2024-11-01T08:15:49.825Z
G0115,ἀθέτησις,-εως,n. f.,"abrogation, annulation, rejet, abolition",2,
G0116,Ἀθῆναι,-ῶν,n. pr. f.,Athènes = «incertitude»,4,
G0117,Ἀθηναῖος,"-α, -ον",adj.,Athénien,2,
G0118,ἀθλέω,,vb.,"combattre, lutter",2,
G0119,ἄθλησις,-εως,n. f.,"combat, lutte",1,
G0120,ἀθυμέω,,vb.,"être découragé, accablé, démoralisé",1,
G0121,ἀθῷος,-ον,adj.,"innocent, non coupable",2,
G0122,αἴγειος,"-α, -ον",adj.,de chèvre,1,
G0123,αἰγιαλός,-οῦ,n. f.,"plage, rivage, grève",6,
G0124,Αἰγύπτιος,"-α, -ον",adj.,"Égyptien, habitant de l’égypte",5,
G0125,Αἴγυπτος,-ου,n. pr. f.,"Égypte = «double détroit, oppresseur»",25,
G0126,ἀΐδιος,-ον,adj.,"éternel, perpétuel, pour toujours",2,
G0127,αἰδώς,-οῦς,n. f.,"pudeur, décence, modestie, révérence",1,
G0128,Αἰθίοψ,-οπος,adj.,"Éthiopien = «noir, brûlé par le soleil»",2,2024-11-01T08:15:49.825Z
G0129,αἷμα,-τος,n. n.,sang,97,
G0130,αἱματεκχυσία,-ας,n. f.,effusion de sang,1,
G0131,αἱμορροέω,,vb.,"avoir une perte de sang, souffrir d’une hémorragie",1,
G0132,Αἰνέας,-ου,n. pr. m.,Énée = «louable»,2,
G0133,αἴνεσις,-εως,n. f.,"louange, célébration, glorification d’une personne",1,
G0134,αἰνέω,,vb.,"célébrer, louer, glorifier",8,
G0135,αἴνιγμα,-τος,n. n.,"énigme, parole obscure",1,
G0136,αἶνος,-ου,n. f.,"louange, célébration, glorification d’une personne",2,
G0137,Αἰνών,,n. pr.,Énon = «sources»,1,
G0138,αἱρέω,,vb.,"(+A) prendre, préférer, choisir",3,2025-10-06T08:03:01.878Z
G0139,αἵρεσις,-εως,n. f.,"secte, parti, dissension, division",9,2024-11-01T08:15:49.825Z
G0140,αἱρετίζω,,vb.,élire,1,
G0141,αἱρετικός,"-ή, -όν",adj.,"sectaire, hérétique, de parti",1,
G0142,αἴρω,fut. pass. ἀρθήσομαι ; aor. ἦρα ; aor. pass. ἤρθην ; pf. ἦρκα ; pf. pass. ἦρμαι ; inf. ἆραι ; fut. 3sg. ἀρεῖ,vb.,lever ; élever ; relever ; retirer à bord ; tenir en suspens ; prendre ; porter ; emporter ; recueillir ; ramasser ; enlever ; ôter,102,
G0143,αἰσθάνομαι,,vb.,"saisir, percevoir, comprendre",1,
G0144,αἴσθησις,-εως,n. f.,"discernement, perception, connaissance",1,2024-11-01T08:15:49.825Z
G0145,αἰσθητήριον,-ου,n. m.,"sens, faculté de discerner, jugement",1,
G0146,αἰσχροκερδής,-ές,adj.,"avide d’un gain honteux, malhonnête",2,
G0147,αἰσχροκερδῶς,,adv.,"pour un gain honteux, bassement, avec cupidité",1,
G0148,αἰσχρολογία,-ας,n. f.,"parole honteuse, parole grossière, propos inconvenant",1,
G0150,αἰσχρός,"-ά, -όν",adj.,"honteux, inconvenant, déshonnête",4,
G0151,αἰσχρότης,-ητος,n. f.,"chose honteuse, parole grossière, obscénité",1,
G0152,αἰσχύνη,-ης,n. f.,"honte, ignominie ; turpitude",6,2025-07-10T15:11:11.000Z
G0153,αἰσχύνω,,vb.,"déshonorer, couvrir de honte, avoir honte, être confus",5,2024-11-01T08:15:49.825Z
G0154,αἰτέω,,vb.,(+A +A) demander ; solliciter ; redemander,70,2025-07-18T19:25:55.484Z
G0155,αἴτημα,-τος,n. n.,"pétition, requête, demande",3,2024-11-01T08:15:49.825Z
G0156,αἰτία,-ας,n. f.,raison ; accusation ; crime ; condition,20,
G0157,αἰτίαμα,,n. n.,"accusation, grief, sujet d’accusation",1,
G0159,αἴτιος,,adj.,"auteur, la source active",5,
G0160,αἰφνίδιος,-ον,adj.,"subit, inattendu, inopiné",2,
G0161,αἰχμαλωσία,-ας,n. f.,"captivité, privation de liberté, emprisonnement",2,
G0162,αἰχμαλωτεύω,,vb.,"emmener captif, mener captif, faire prisonnier",1,
G0163,αἰχμαλωτίζω,,vb.,"amener captif, mener captif, rendre captif, faire prisonnier, emmener en captivité",4,
G0164,αἰχμάλωτος,-ου,n. f.,"captif, prisonnier de guerre",1,
G0165,αἰών,-ῶνος,n. f.,"âge, siècle, ère, éternité, éon",123,2025-07-18T19:25:55.484Z
G0166,αἰώνιος,-ον,adj.,éternel,70,2025-07-18T19:25:55.484Z
G0167,ἀκαθαρσία,-ας,n. f.,"impureté, saleté, souillure",10,
G0169,ἀκάθαρτος,-ον,adj.,impur,31,2025-07-18T19:25:55.484Z
G0170,ἀκαιρέω,,vb.,"ne pas avoir l’occasion, manquer une opportunité",1,
G0171,ἀκαίρως,,adv.,hors de temps,1,
G0172,ἄκακος,-ον,adj.,"innocent, simple",2,
G0173,ἄκανθα,-ης,n. f.,"épine, aiguille",14,
G0174,ἀκάνθινος,"-η, -ον",adj.,"piquant, épineux",2,
G0175,ἄκαρπος,-ον,adj.,"sans fruit, sans résultat, infructueux",7,
G0176,ἀκατάγνωστος,-ον,adj.,que l’on ne peut condamner,1,
G0177,ἀκατακάλυπτος,-ον,adj.,"découvert, non couvert, non voilé",2,
G0178,ἀκατάκριτος,-ον,adj.,sans être condamné,2,
G0179,ἀκατάλυτος,-ον,adj.,"impérissable, indissoluble, indestructible",1,
G0180,ἀκατάπαυστος,-ον,adj.,"qui ne cesse jamais, qui n’arrête pas",1,
G0181,ἀκαταστασία,-ας,n. f.,"désordre, confusion, perturbation, trouble, sédition",5,
G0182,ἀκατάστατος,-ον,adj.,"inconstant, instable, désordonné",2,
G0184,Ἀκελδαμά,,n. pr.,Hakeldama = «Champ du Sang»,1,
G0185,ἀκέραιος,-ον,adj.,pur ; simple,3,
G0186,ἀκλινής,-ές,adj.,"sans chanceler, sans fléchir, ferme, stable",1,
G0187,ἀκμάζω,,vb.,"mûrir, arriver à maturité",1,
G0188,ἀκμήν,,adv.,"encore, de nouveau, une autre fois",1,
G0189,ἀκοή,-ῆς,n. f.,"l’ouïe ; l’oreille ; la renommée, le rapport",24,2025-07-18T19:25:55.484Z
G0190,ἀκολουθέω,,vb.,(+D) suivre,88,2025-07-18T19:31:47.296Z
G0191,ἀκούω,pf. ἀκήκοα ; aor. pass. ptc. ἀκουσθείς,vb.,"écouter, entendre",426,2024-11-01T08:15:49.825Z
G0192,ἀκρασία,-ας,n. f.,"intempérance, dérèglement, incontinence",2,
G0193,ἀκρατής,-ές,adj.,"incontinent, sans frein",1,
G0194,ἄκρατος,-ον,adj.,"sans mélange, pur",1,
G0195,ἀκρίβεια,-ας,n. f.,"exactitude, précision, respect scrupuleux",1,
G0196,ἀκριβέστατος,-ές,adj.,"exact, soigneux",1,2024-11-01T08:15:49.825Z
G0197,ἀκριβέστερον,,adv. comp.,"plus exactement, plus précisément",4,
G0198,ἀκριβόω,,vb.,"s’informer exactement, s’enquérir exactement, se faire préciser",2,
G0199,ἀκριβῶς,,adv.,exactement ; diligemment ; soigneusement,5,
G0200,ἀκρίς,-ίδος,n. f.,sauterelle,4,2024-11-01T08:15:49.825Z
G0201,ἀκροατήριον,-ου,n. m.,salle d’audience,1,
G0202,ἀκροατής,-οῦ,n. f.,"celui qui écoute, auditeur",4,
G0203,ἀκροβυστία,-ας,n. f.,incirconcision,20,
G0204,ἀκρογωνιαῖος,"-α, -ον",adj.,maîtresse pierre de coin,2,
G0205,ἀκροθίνιον,-ου,n. m.,butin,1,2024-11-01T08:15:49.825Z
G0206,ἄκρον,-ου,n. n.,"bout, extrémité",6,
G0207,Ἀκύλας,"-ου ?, Ἀκύλαν",n. pr. m.,Aquilas = «un aigle»,6,
G0208,ἀκυρόω,,vb.,"annuler, abroger",3,2024-11-01T08:15:49.825Z
G0209,ἀκωλύτως,,adv.,"sans empêchement, sans entrave, sans obstacle",1,
G0210,ἄκων,"ἄκουσα, ἆκον",adj.,"malgré soi, contraint",1,
G0211,ἀλάβαστρον,-ου,n. m.,vase d’albâtre,4,
G0212,ἀλαζονεία,-ας,n. f.,"négliger, délaisser",2,2026-08-29T13:32:33.240Z
G0213,ἀλαζών,-όνος,n. f.,"vantard, fanfaron, arrogant",2,
G0214,ἀλαλάζω,,vb.,retentir ; pousser des cris,2,
G0215,ἀλάλητος,-ον,adj.,"inexprimable, indicible, incommunicable",1,
G0216,ἄλαλος,-ον,adj.,muet,3,
G0217,ἅλας,ἁλός,n. m./n.,sel,8,
G0218,ἀλείφω,,vb.,"oindre, embaumer",9,
G0219,ἀλεκτοροφωνία,-ας,n. f.,"chant du coq, à l’aube, tôt le matin",1,
G0220,ἀλέκτωρ,-ορος,n. f.,"coq, oiseau de basse-cour",12,
G0221,Ἀλεξανδρεύς,-έως,adj.,Alexandrin,2,
G0222,Ἀλεξανδρῖνος,"-η, -ον",adj.,D’Alexandrie,2,
G0223,Ἀλέξανδρος,-ου,n. pr. m.,Alexandre= «défenseur des hommes»,6,
G0224,ἄλευρον,-ου,n. m.,farine,2,
G0225,ἀλήθεια,-ας,n. f.,"vérité, véracité",108,2024-11-01T08:15:49.825Z
G0226,ἀληθεύω,,vb.,"dire la vérité, professer la vérité, garder la vérité, être vrai",2,
G0227,ἀληθής,-ές,adj.,"vrai, véritable, sincère",26,2024-11-01T08:15:49.825Z
G0228,ἀληθινός,"-ή, -όν",adj. / adv.,"véritable, vrai, sincère",28,2024-11-01T08:15:49.825Z
G0229,ἀλήθω,,vb.,moudre,2,
G0230,ἀληθῶς,,adv.,"certainement, vraiment, véritablement, réellement",18,
G0231,ἁλιεύς,-έως,n. f.,pêcheur,5,
G0232,ἁλιεύω,,vb.,"pêcher, attraper du poisson",1,
G0233,ἁλίζω,,vb.,"saler, assaisonner de sel",2,
G0234,ἀλίσγημα,-τος,n. n.,"souillure, ce qui pollue, ce qui contamine",1,
G0235,ἀλλά,,conj.,mais,638,2024-11-01T08:15:49.825Z
G0236,ἀλλάσσω,fut. pass. ἀλλαγήσομαι,vb.,"changer, altérer",6,2024-11-01T08:15:49.825Z
G0237,ἀλλαχόθεν,,adv.,ailleurs,2,
G0238,ἀλληγορέω,,vb.,exprimer allégoriquement,1,
G0239,ἀλληλουϊα,,hébr. / interj.,alléluia = «Louez l’Éternel!»,4,2024-11-01T08:15:49.825Z
G0240,ἀλλήλων,"-οις, -ους",conj.,"les uns les autres, eux, mutuel, réciproque",100,
G0241,ἀλλογενής,-ές,adj.,étranger,1,
G0242,ἅλλομαι,aor. ἡλάμην,vb.,"jaillir, sortir puissamment, sauter",3,
G0243,ἄλλος,"-η, -ο",adj.,l'autre,154,2025-07-18T19:31:47.296Z
G0244,ἀλλοτριεπίσκοπος,-ου,n. m.,"qui s’ingère dans les affaires d’autrui, indiscret",1,
G0245,ἀλλότριος,"-α, -ον",adj.,d’autrui ; étranger,14,
G0246,ἀλλόφυλος,-ον,adj.,étranger,1,
G0247,ἄλλως,,adv.,"autrement, d’une autre manière",1,
G0248,ἀλοάω,,vb.,fouler le grain,3,
G0249,ἄλογος,-ον,adj.,"déraisonnable, illogique, absurde, sans raison",3,
G0250,ἀλόη,-ης,n. f.,aloès,1,2024-11-01T08:15:49.825Z
G0252,ἁλυκός,"-ή, -όν",adj.,salé,1,
G0253,ἄλυπος,-ον,adj.,"moins triste, moins attristé, moins chagriné",1,
G0254,ἅλυσις,-εως,n. f.,chaîne,11,
G0255,ἀλυσιτελής,-ές,adj.,"qui n’est pas profitable, inutile",1,
G0256,Ἀλφαῖος,-ου,n. pr. m.,Alphée = «éphémère»,5,
G0257,ἅλων,-ος,n. f.,aire,2,
G0258,ἀλώπηξ,-εκος,n. f.,renard,3,
G0259,ἅλωσις,-εως,n. f.,"capture, prise",1,
G0260,ἅμα,,adv.,"en même temps ; ensemble, (+D) avec",10,2025-07-10T14:48:37.000Z
G0261,ἀμαθής,-ές,adj.,"ignorant, sans instruction, ignare",1,
G0262,ἀμαράντινος,"-η, -ον",adj.,"inflétrissable, qui demeure perpétuellement, incorruptible",1,
G0263,ἀμάραντος,-ον,adj.,"inaltérable, qui demeure perpétuellement, incorruptible, immarcescible",1,
G0264,ἁμαρτάνω,aor. ἥμαρτον ; pf. ἡμάρτηκα,vb.,"pécher, faire mal",42,2025-07-18T19:31:47.296Z
G0265,ἁμάρτημα,-τος,n. n.,péché,4,
G0266,ἁμαρτία,-ας,n. f.,"péché, offense",173,2024-11-01T08:15:49.825Z
G0267,ἀμάρτυρος,-ον,adj.,"sans témoignage, sans attestation",1,
G0268,ἁμαρτωλός,-ον,adj.,pécheur,47,2025-07-18T19:31:47.296Z
G0269,ἄμαχος,-ον,adj.,"non querelleur, non disputeur, pacifique",2,
G0270,ἀμάω,,vb.,"moissonner, récolter",1,
G0271,ἀμέθυστος,-ου,n. m.,"améthyste, variété de quartz",1,
G0272,ἀμελέω,,vb.,ne pas tenir compte ; délaisser,4,
G0273,ἄμεμπτος,-ον,adj.,"irréprochable, sans défaut, innocent",5,2024-11-01T08:15:49.825Z
G0274,ἀμέμπτως,,adv.,"irréprochablement, sans reproche",2,
G0275,ἀμέριμνος,-ον,adj.,"sans inquiétude, exempt de soucis",2,
G0276,ἀμετάθετος,-ον,adj.,"immutabilité, caractère irrévocable, permanence",2,
G0277,ἀμετακίνητος,-ον,adj.,inébranlable,1,
G0278,ἀμεταμέλητος,-ον,adj.,"sans repentir, irrévocable",2,
G0279,ἀμετανόητος,-ον,adj.,"sans repentance, impénitent",1,
G0280,ἄμετρος,-ον,adj.,"ce qui dépasse la mesure, démesuré",2,
G0281,ἀμήν,,hébr. / interj.,"amen, en vérité, véritablement",134,2024-11-01T08:15:49.825Z
G0282,ἀμήτωρ,-ορος,adj.,sans mère,1,
G0283,ἀμίαντος,-ον,adj.,"sans souillure, immaculé, sans contamination, sans tache",4,
G0284,Ἀμιναδάβ,,n. pr. m.,Aminadab = «un du prince du peuple»,3,
G0285,ἄμμος,-ου,n. m.,sable,5,
G0286,ἀμνός,-οῦ,n. f.,agneau,4,
G0287,ἀμοιβή,-ῆς,n. f.,"récompense, don en retour",1,2026-08-29T13:32:33.240Z
G0288,ἄμπελος,-ου,n. m.,vigne,9,
G0289,ἀμπελουργός,-οῦ,n. f.,"vigneron, vigneronne",1,
G0290,ἀμπελών,-ῶνος,n. f.,"vigne, vignoble",23,2025-07-18T19:31:47.296Z
G0291,Ἀμπλίας,-ου,n. pr. m.,"Amplias = «large, agrandi»",1,
G0292,ἀμύνω,,vb.,"prendre la défense, défendre, protéger, aider",1,
G0293,ἀμφίβληστρον,-ου,n. m.,jeter un filet,1,
G0294,ἀμφιέννυμι,pf. pass. ἠμφίεσμαι,vb.,"revêtir, vêtir, habiller",3,
G0295,Ἀμφίπολις,-εως,n. pr.,Amphipolis = «ville entourée par les eaux»,1,
G0296,ἄμφοδον,-ου,n. m.,carrefour,1,
G0297,ἀμφότερος,"-αι, -α",adj.,"tous les deux, tous deux, l’un et l’autre",14,
G0298,ἀμώμητος,-ον,adj.,"irréprochable, sans tache, sans défaut",1,
G0299,ἄμωμος,-ον,adj.,"sans défaut, sans faute, irrépréhensible",8,2024-11-01T08:15:49.825Z
G0301,Ἀμώς,,n. pr. m.,Amos = «qui porte le fardeau»,3,
G0302,ἄν,,cond.,"(part. condit.) qui que ce soit, quiconque, où que ce soit, quoi qu’il arrive, etc.",167,2025-07-18T19:31:47.296Z
G0303,ἀνά,,prép.,"parmi, au milieu, chacun, tout",12,
G0304,ἀναβαθμός,-οῦ,n. f.,"surface plane, marche",2,
G0305,ἀναβαίνω,aor. ἀνέβην ; pf. ἀναβέβηκα,vb.,monter ; remonter ; venir,81,
G0306,ἀναβάλλω,,vb.,ajourner,1,
G0307,ἀναβιβάζω,,vb.,"tirer, remonter, soulever",1,
G0308,ἀναβλέπω,,vb.,"lever les yeux, recouvrer la vue",25,2024-11-01T08:15:49.825Z
G0309,ἀνάβλεψις,-εως,n. f.,recouvrement de la vue,1,
G0310,ἀναβοάω,,vb.,"s’écrier, pousser des cris",1,
G0311,ἀναβολή,-ῆς,n. f.,"délai, suspension, sursis",1,
G0312,ἀναγγέλλω,fut. ἀναγγελῶ ; aor. ἀνήγγειλα ; aor. pass. ἀνηγγέλην ; inf. ἀναγγεῖλαι,vb.,annoncer ; déclarer ; faire connaître ; parler ; porter la nouvelle ; prêcher ; raconter,14,
G0313,ἀναγεννάω,,vb.,régénérer,2,
G0314,ἀναγινώσκω,aor. ἀνέγνων ; inf. ἀναγνῶναι ; ptc. ἀναγνούς ; aor. pass. inf. ἀναγνωσθῆναι,vb.,lire,32,2025-07-18T19:31:47.296Z
G0315,ἀναγκάζω,,vb.,"contraindre, forcer, obliger, imposer",9,
G0316,ἀναγκαῖος,"-α, -ον",adj.,"nécessaire, indispensable, intime",8,
G0317,ἀναγκαστῶς,,adv.,"par contrainte, par nécessité, par obligation",1,
G0318,ἀνάγκη,-ης,n. f.,nécessité ; contrainte ; détresse,17,
G0319,ἀναγνωρίζω,,vb.,"reconnaître, identifier",1,
G0320,ἀνάγνωσις,-εως,n. f.,lecture,3,2026-08-29T13:32:33.240Z
G0321,ἀνάγω,aor. ἀνήγαγον ; aor. pass. ἀνήχθην ; inf. ἀναχθῆναι,vb.,faire monter ; mener ; ramener ; amener ; offrir ; faire comparaître ; (pass.) s’embarquer ; (pass.) partir [par la mer] ; (pass.) faire voile,23,
G0322,ἀναδείκνυμι,aor. ἀνέδειξα,vb.,"désigner, choisir, nommer, montrer",2,
G0323,ἀνάδειξις,-εως,n. f.,"manifestation, présentation publique",1,
G0324,ἀναδέχομαι,,vb.,accueillir ; recevoir,2,
G0325,ἀναδίδωμι,aor. ptc. ἀναδούς,vb.,"remettre, présenter, livrer",1,
G0326,ἀναζάω,,vb.,"reprendre vie, vivre de nouveau",2,
G0327,ἀναζητέω,,vb.,"rechercher, chercher avec soin",3,
G0328,ἀναζώννυμι,aor. moy. ptc. ἀναζωσάμενος,vb.,ceindre,1,
G0329,ἀναζωπυρέω,,vb.,"ranimer, raviver, enflammer de nouveau",1,
G0330,ἀναθάλλω,aor. ἀνέθαλον,vb.,"renouveler, croître, pousser de nouveau, reverdir, fleurir de nouveau",1,2024-11-01T08:15:49.825Z
G0331,ἀνάθεμα,-τος,n. n.,"anathème, imprécation, livré au malheur",7,2024-11-01T08:15:49.825Z
G0332,ἀναθεματίζω,,vb.,s’obliger par un serment d’exécration,4,
G0333,ἀναθεωρέω,,vb.,"considérer à nouveau, regarder très attentivement, contempler",2,
G0335,ἀναίδεια,-ας,n. f.,"importunité, impudence, insistance",1,
G0336,ἀναίρεσις,-εως,n. f.,"mort, assassinat, meurtre",1,
G0337,ἀναιρέω,fut. ἀνελῶ ; aor. ἀνεῖλα ; aor. pass. ἀνῃρέθην ; inf. ἀνελεῖν ; subj. ἀνέλω ; opt. 3sg. ἀνέλοι ; 3sg. ἀνελεῖ,vb.,"emporter ; faire périr ; recueillir, prendre pour soi",24,2025-07-18T19:37:56.971Z
G0338,ἀναίτιος,-ον,adj.,"non coupable, innocent, non fautif",2,
G0339,ἀνακαθίζω,,vb.,se lever,2,
G0340,ἀνακαινίζω,,vb.,"renouveler, rendre nouveau",1,
G0341,ἀνακαινόω,,vb.,"renouveler, rendre nouveau",2,
G0342,ἀνακαίνωσις,-εως,n. f.,renouvellement,2,
G0343,ἀνακαλύπτω,,vb.,"découvrir, dévoiler, lever",2,
G0344,ἀνακάμπτω,,vb.,"revenir, retourner",4,
G0345,ἀνάκειμαι,,vb.,être à table ; être assis ; être couché,14,
G0346,ἀνακεφαλαιόομαι,,vb.,"réunir en un, regrouper, résumer",2,
G0347,ἀνακλίνω,,vb.,coucher ; faire asseoir ; (pass.) se mettre à table,6,
G0349,ἀνακράζω,,vb.,"s’écrier, crier, pousser des cris",5,
G0350,ἀνακρίνω,aor. pass. ἀνεκρίθην,vb.,juger ; discerner ; examiner ; interroger ; faire subir un interrogatoire ; s’informer,16,
G0351,ἀνάκρισις,-εως,n. f.,examen,1,2024-11-01T08:15:49.825Z
G0352,ἀνακύπτω,,vb.,redresser ; regarder en haut,2,
G0353,ἀναλαμβάνω,aor. ἀνέλαβον ; pass. ἀνελήμφθην,vb.,élever ; porter ; prendre,13,
G0354,ἀνάληψις,-εως,n. f.,"assomption, ascension, enlèvement",1,
G0355,ἀναλίσκω,aor. ἀνήλωσα ; pass. ἀνηλώθην ; fut. 3sg. ἀναλώσει ; opt. 3sg. ἀναλοῖ,vb.,"consumer, détruire, tuer",2,
G0356,ἀναλογία,-ας,n. f.,"mesure, proportion, accord",1,
G0357,ἀναλογίζομαι,,vb.,"considérer, examiner attentivement",1,
G0358,ἄναλος,-ον,adj.,"insipide, dessalé, sans saveur",1,
G0359,ἀνάλυσις,-εως,n. f.,départ,1,
G0360,ἀναλύω,,vb.,"revenir, s'en aller, délier, refaire, partir, interrompre",2,2024-11-01T08:15:49.825Z
G0362,ἀναμένω,,vb.,"attendre, attendre patiemment",1,
G0363,ἀναμιμνήσκω,fut. ἀναμνήσω ; aor. pass. ἀνεμνήσθην,vb.,rappeler ; (pass.) se souvenir,6,
G0364,ἀνάμνησις,-εως,n. f.,"mémoire, souvenir, acte remémoratif",4,
G0365,ἀνανεόομαι,,vb.,renouveler,1,
G0366,ἀνανήφω,,vb.,réveiller,1,
G0367,Ἀνανίας,-ου,n. pr. m.,Ananias = «celui à qui l’Éternel a donné gracieusement»,11,
G0368,ἀναντίρρητος,-ον,adj.,incontestable,1,
G0369,ἀναντιρρήτως,,adv.,"sans faire de difficulté, sans objection, sans réticence",1,
G0370,ἀνάξιος,-ον,adj.,"indigne, incompétent",1,
G0371,ἀναξίως,,adv.,"indignement, d’une manière indigne, communément",1,
G0372,ἀνάπαυσις,-εως,n. f.,"repos, halte",5,
G0373,ἀναπαύω,fut. pass. ἀναπαήσομαι,vb.,"reposer, se reposer, tranquiliser",12,2024-11-01T08:15:49.825Z
G0374,ἀναπείθω,,vb.,"persuader, agiter en persuadant, exciter",1,
G0375,ἀναπέμπω,,vb.,"renvoyer, renvoyer à une autorité",5,2025-02-14T10:16:06.000Z
G0376,ἀνάπηρος,-ον,adj.,estropié,2,
G0377,ἀναπίπτω,aor. ἀνέπεσον,vb.,s’asseoir ; se mettre ; se pencher,12,
G0378,ἀναπληρόω,,vb.,"accomplir, suppléer, mettre le comble",6,2024-11-01T08:15:49.825Z
G0379,ἀναπολόγητος,-ον,adj.,"inexcusable, sans excuse",2,
G0380,ἀναπτύσσω,,vb.,"déployer, dérouler, ouvrir",1,
G0381,ἀνάπτω,aor. pass. ἀνήφθην,vb.,"allumer, enflammer, faire flamber",2,
G0382,ἀναρίθμητος,-ον,adj.,"lequel ne peut se compter, innombrable",1,
G0383,ἀνασείω,,vb.,"exciter, provoquer, soulever",2,
G0384,ἀνασκευάζω,,vb.,ébranler,1,2024-11-01T08:15:49.825Z
G0385,ἀνασπάω,,vb.,"retirer, faire sortir, reprendre",2,
G0386,ἀνάστασις,-εως,n. f.,résurrection,42,2024-11-01T08:15:49.825Z
G0387,ἀναστατόω,,vb.,"bouleverser, agiter, troubler, exciter une sédition",3,2025-07-10T14:54:54.000Z
G0388,ἀνασταυρόω,,vb.,crucifier de nouveau une personne,1,
G0389,ἀναστενάζω,,vb.,soupirer profondément,1,
G0390,ἀναστρέφω,aor. pass. ἀνεστράφην,vb.,retourner ; (pass.) se conduire ; (pass.) être traité,9,
G0391,ἀναστροφή,-ῆς,n. f.,"conduite, manière de vivre, comportement",13,
G0392,ἀνατάσσω,,vb.,"rédiger, composer, écrire",1,
G0393,ἀνατέλλω,aor. ἀνέτειλα ; pf. ἀνατέταλκα,vb.,"lever, paraître, briller, surgir",9,
G0394,ἀνατίθεμαι,,vb.,"exposer, présenter",2,2026-08-29T15:03:54.000Z
G0395,ἀνατολή,-ῆς,n. f.,"orient, le côté est",10,
G0396,ἀνατρέπω,,vb.,renverser,3,
G0397,ἀνατρέφω,,vb.,"élever, éduquer, former, nourrir",3,
G0398,ἀναφαίνω,aor. ptc. ἀναφάνας,vb.,"paraître, devenir visible, arriver en vue",2,
G0399,ἀναφέρω,aor. ἀνήνεγκον ; 1aor. inf. ἀνενέγκαι ; 2aor. ἀνενεγκεῖν,vb.,porter ; offrir ; mener ; élever,10,
G0400,ἀναφωνέω,,vb.,"s’écrier, élever la voix",1,
G0401,ἀνάχυσις,-εως,n. f.,"bourbier, débordement",1,
G0402,ἀναχωρέω,,vb.,"se retirer, s’en aller, s’éloigner",14,
G0403,ἀνάψυξις,-εως,n. f.,"rafraîchissement, fraîcheur, repos",1,
G0404,ἀναψύχω,,vb.,consoler,1,2024-11-01T08:15:49.825Z
G0405,ἀνδραποδιστής,-οῦ,n. f.,"marchand d’esclaves, kidnappeur",1,2026-02-19T10:11:12.642Z
G0406,Ἀνδρέας,-ου,n. pr. m.,André = «virilité»,13,
G0407,ἀνδρίζω,,vb.,(moy.) se comporter en hommes,1,
G0408,Ἀνδρόνικος,-ου,n. pr. m.,Andronicus = «homme de la victoire»,1,
G0409,ἀνδροφόνος,-ου,n. m.,"homicide, meurtrier",1,
G0410,ἀνέγκλητος,-ον,adj.,"irréprochable, irrépréhensible",5,
G0411,ἀνεκδιήγητος,-ον,adj.,"inexprimable, indescriptible",1,
G0412,ἀνεκλάλητος,-ον,adj.,"ineffable, indicible",1,
G0413,ἀνέκλειπτος,-ον,adj.,"qui ne défaille pas, inépuisable",1,
G0414,ἀνεκτός,-όν,adj.,"plus supportable, plus tolérable, moins rigoureux",5,
G0415,ἀνελεήμων,-ον,adj.,sans miséricorde,1,
G0416,ἀνεμίζομαι,,vb.,agiter par le vent,1,
G0417,ἄνεμος,-ου,n. m.,"vent, tourbillon",31,2024-11-01T08:15:49.825Z
G0418,ἀνένδεκτος,-ον,adj.,"impossible, inadmissible, inévitable",1,
G0419,ἀνεξερεύνητος,-ον,adj.,"insondable, impénétrable",1,
G0420,ἀνεξίκακος,-ον,adj.,ayant du support,1,
G0421,ἀνεξιχνίαστος,-ον,adj.,"introuvable, impénétrable, incompréhensible, insondable",2,
G0422,ἀνεπαίσχυντος,-ον,adj.,"qui n’a pas à avoir honte, à être confus",1,
G0423,ἀνεπίληπτος,-ον,adj.,"irréprochable, irrépréhensible",3,2026-08-29T13:32:33.240Z
G0424,ἀνέρχομαι,aor. ἀνῆλθον,vb.,monter,3,2024-11-01T08:15:49.825Z
G0425,ἄνεσις,-εως,n. f.,liberté ; repos,5,
G0426,ἀνετάζω,,vb.,mettre à la question,2,
G0427,ἄνευ,,prép.,sans,3,
G0428,ἀνεύθετος,-ον,adj.,"pas commode, incommode, inadapté",1,
G0429,ἀνευρίσκω,aor. ἀνεῦρον,vb.,trouver,2,
G0430,ἀνέχω,,vb.,"supporter, endurer",14,
G0431,ἀνεψιός,-οῦ,n. f.,"neveu, cousin",1,2024-11-01T08:15:49.825Z
G0432,ἄνηθον,-ου,n. n.,aneth,1,
G0433,ἀνήκω,,vb.,"être bienséant, convenir, être approprié",3,
G0434,ἀνήμερος,-ον,adj.,"cruel, sauvage, barbare",1,
G0435,ἀνήρ,ἀνδρός,n. f.,"homme, mari",216,2024-11-01T08:15:49.825Z
G0436,ἀνθίστημι,aor. ἀντέστην ; pf. ἀνθέστηκα,vb.,résister ; s’opposer,14,
G0437,ἀνθομολογέομαι,,vb.,"reconnaître, remercier, louer",1,2024-11-01T08:15:49.825Z
G0438,ἄνθος,-ους,n. n.,fleur,4,
G0439,ἀνθρακιά,-ᾶς,n. f.,"braise, feu de braises",2,
G0440,ἄνθραξ,-ακος,n. f.,charbons,1,2024-11-01T08:15:49.825Z
G0441,ἀνθρωπάρεσκος,-ον,adj.,"voulant plaire aux hommes, leur faveur",2,
G0442,ἀνθρώπινος,"-η, -ον",adj.,humain,7,
G0443,ἀνθρωποκτόνος,-ου,n. f.,"meurtrier, homicide",3,
G0444,ἄνθρωπος,-ου,n. m.,"homme, individu, être humain",549,2025-07-18T19:37:56.971Z
G0446,ἀνθύπατος,-ου,n. m.,"proconsul, à l’origine",5,
G0447,ἀνίημι,aor. pass. ἀνέθην ; ptc. ἀνείς ; prés. ptc. ἀνιείς ; aor. subj. ἀνῶ,vb.,détacher ; lâcher ; laisser ; renoncer,4,
G0448,ἀνίλεως,,adj.,sans miséricorde,1,
G0449,ἄνιπτος,-ον,adj.,"non lavé, non nettoyé, souillé",2,
G0450,ἀνίστημι,"fut. ἀναστήσω ; inf. ἀναστῆναι ; ptc. ἀναστήσας, ἀναστάς ; subj. ἀναστῶ ; impv. ἀνάστα, ἀνάστηθι ; 1aor. ἀνέστησα ; 2aor. ἀνέστην",vb.,"élever, ressusciter",107,2025-07-18T19:37:56.971Z
G0451,Ἄννα,-ας,n. pr. f.,Anne = «grâce»,1,
G0452,Ἄννας,-α,n. pr. m.,Anne = «humble»,4,
G0453,ἀνόητος,-ον,adj.,"insensé, gens sans intelligence, inintelligent, sot",6,
G0454,ἄνοια,-ας,n. f.,"folie, déraison",2,
G0455,ἀνοίγω,"aor. ἀνέῳξα [ἠνέῳξα, ἤνοιξα] ; aor. pass. ἀνεῴχθην [ἠνεῴχθην, ἠνοίχθην, ἠνοίγην] ; pf. ἀνέῳγα ; pf. pass. ἀνέῳγμαι, ἠνέῳγμαι",vb.,ouvrir,76,2024-11-01T08:15:49.825Z
G0456,ἀνοικοδομέω,,vb.,"réédifier, bâtir, reconstruire",2,
G0457,ἄνοιξις,-εως,n. f.,ouverture,1,
G0458,ἀνομία,-ας,n. f.,"iniquité, comportement sans loi, sans frein",15,
G0459,ἄνομος,-ον ; -ου,adj.,inique,9,
G0460,ἀνόμως,,adv.,sans loi,2,
G0461,ἀνορθόω,,vb.,redresser ; (pass.) se redresser,3,
G0462,ἀνόσιος,-ον,adj.,"impie, irréligieux, sacrilège",2,2026-02-19T10:04:46.574Z
G0463,ἀνοχή,-ῆς,n. f.,"patience, tolérance, action de supporter",2,
G0464,ἀνταγωνίζομαι,,vb.,"combattre contre, lutter contre",1,
G0465,ἀντάλλαγμα,-τος,n. n.,objet d’échange,2,
G0466,ἀνταναπληρόω,,vb.,"accomplir, compléter, remplir",1,
G0467,ἀνταποδίδωμι,fut. ἀνταποδώσω ; fut. pass. ἀνταποδοθήσομαι ; aor. inf. ἀνταποδοῦναι,vb.,"rendre, donner en retour",7,
G0468,ἀνταπόδομα,-τος,n. n.,"rétribution, récompense, revanche",2,
G0469,ἀνταπόδοσις,-εως,n. f.,"récompense, restitution en échange",1,
G0470,ἀνταποκρίνομαι,,vb.,"répliquer, répondre en s’opposant, contester",2,
G0472,ἀντέχω,,vb.,"(moy. et/ou pass.) s’attacher à, tenir fermement, demeurer ferme, honorer, venir en aide",4,
G0473,ἀντί,,prép.,"(+G) au lieu de, plutôt que de, sur, pour",22,2025-07-18T19:37:56.971Z
G0474,ἀντιβάλλω,,vb.,échanger,1,
G0475,ἀντιδιατίθημι,,vb.,(moy. et/ou pass.) s’opposer,1,
G0476,ἀντίδικος,-ου,n. f.,"partie adverse, adversaire",5,
G0477,ἀντίθεσις,-εως,n. f.,"opposition, sujet de dispute, objection",1,
G0478,ἀντικαθίστημι,aor. ἀντικατέστην,vb.,"résister, s’opposer, tenir ferme contre",1,
G0479,ἀντικαλέω,,vb.,convier à son tour,1,
G0480,ἀντίκειμαι,,vb.,s’opposer à ; (ptcp. prés.) adversaire,8,2026-02-19T10:17:53.310Z
G0481,ἄντικρυς,,adv.,"à la hauteur de, en face de",1,
G0482,ἀντιλαμβάνω,,vb.,(moy.) aider ; se dévouer à,3,2026-08-29T13:32:33.240Z
G0483,ἀντιλέγω,aor. ἀντεῖπον,vb.,"contredire, parler contre, contester, nier, opposer",10,
G0484,ἀντίληψις,-εως,n. f.,"aide, assistance, secours",1,
G0485,ἀντιλογία,-ας,n. f.,"contradiction, contredit ; hostilité, rébellion",4,2025-06-12T09:45:45.000Z
G0486,ἀντιλοιδορέω,,vb.,"outrager, rendre l’outrage, répondre en injuriant",1,
G0487,ἀντίλυτρον,-ου,n. m.,rançon,1,2026-08-29T13:32:33.240Z
G0488,ἀντιμετρέω,,vb.,"mesurer en retour, évaluer de nouveau",1,
G0489,ἀντιμισθία,-ας,n. f.,"récompense, rétribution, salaire",2,
G0490,Ἀντιόχεια,-ας,n. pr. f.,Antioche = «rapide comme un char»,18,
G0491,Ἀντιοχεύς,-έως,adj.,"D’Antioche, originaire d’antioche",1,
G0492,ἀντιπαρέρχομαι,aor. ἀντιπαρῆλθον,vb.,passer outre de l’autre côté (de la route),2,
G0493,Ἀντίπας,-ᾶ,n. pr. m.,Antipas = «comme le père»,1,
G0494,Ἀντιπατρίς,-ίδος,n. pr.,Antipatris = «proche du père»,1,
G0495,ἀντιπέραν,,prép.,"en face de, vis-à-vis",1,
G0496,ἀντιπίπτω,,vb.,"résister, s’opposer, lutter",1,
G0497,ἀντιστρατεύομαι,,vb.,"combattre contre, lutter contre",1,
G0498,ἀντιτάσσω,,vb.,"(moy.) résister, s’élever contre, s’opposer",5,
G0499,ἀντίτυπος,-ον,adj.,"antitype, copie",2,
G0500,ἀντίχριστος,-ου,n. f.,antichrist,5,
G0501,ἀντλέω,pf. ptc. ἠντληκώς,vb.,puiser,4,
G0502,ἄντλημα,-τος,n. n.,puiser,1,2024-11-01T08:15:49.825Z
G0503,ἀντοφθαλμέω,,vb.,"tenir contre, faire face, résister",1,
G0504,ἄνυδρος,-ον,adj.,"sans eau, sec, tari",4,
G0505,ἀνυπόκριτος,-ον,adj.,"sans hypocrisie, sans déguisement, sincère",6,
G0506,ἀνυπότακτος,-ον,adj.,"insubordonné, indépendant ; indiscipliné, désobéissant, rebelle",4,2026-02-19T10:01:30.490Z
G0507,ἄνω,,adv.,au haut ; d’en haut,9,
G0508,ἀνώγεον,,n. m.,"chambre haute, chambre à l’étage",2,
G0509,ἄνωθεν,,adv.,d’en haut ; depuis le haut ; encore ; de nouveau ; depuis longtemps,13,
G0510,ἀνωτερικός,"-ή, -όν",adj.,supérieur,1,
G0511,ἀνώτερος,,adj. comp.,plus haut,2,
G0512,ἀνωφελής,-ές,adj.,"inutile, sans profit, sans bénéfice, inutilité",2,
G0513,ἀξίνη,-ης,n. f.,"cognée, grosse hache",2,
G0514,ἄξιος,"-α, -ον",adj.,digne,41,2024-11-01T08:15:49.825Z
G0515,ἀξιόω,,vb.,croire digne ; trouver bon ; demander,7,
G0516,ἀξίως,,adv.,"comme il convient, dignement",6,2025-07-10T15:06:04.000Z
G0517,ἀόρατος,-ον,adj.,invisible,5,
G0518,ἀπαγγέλλω,fut. ἀπαγγελῶ ; aor. ἀπήγγειλα ; aor. pass. ἀπηγγέλην ; opt. 3sg. ἀπαγγείλοι,vb.,annoncer,45,2024-11-01T08:15:49.825Z
G0519,ἀπάγχω,,vb.,"se pendre, s’étouffer",1,
G0520,ἀπάγω,aor. ἀπήγαγον ; aor. pass. inf. ἀπαχθῆναι,vb.,amener ; mener ; emmener ; entraîner ; faire exécuter,15,
G0521,ἀπαίδευτος,-ον,adj.,"insensé, qui reflète l’ignorance, le manque d’instruction",1,
G0522,ἀπαίρω,subj. ἀπαρθῶ ; aor. pass. 3sg. ἀπήρθη,vb.,"enlever, ôter",3,
G0523,ἀπαιτέω,,vb.,"réclamer, redemander, requérir",1,
G0524,ἀπαλγέω,,vb.,"perdre tout sentiment moral, devenir insensible",1,
G0525,ἀπαλλάσσω,pf. pass. inf. ἀπηλλάχθαι,vb.,délivrer ; (pass.) quitter,3,
G0526,ἀπαλλοτριόω,,vb.,(pass.) être étranger,3,
G0527,ἁπαλός,"-ή, -όν",adj.,"tendre, plein de sève",2,
G0528,ἀπαντάω,,vb.,"venir à la rencontre, se trouver ensemble",2,
G0529,ἀπάντησις,-εως,n. f.,rencontre,3,
G0530,ἅπαξ,,adv.,"une fois, une fois pour toute, autrefois",14,2024-11-01T08:15:49.825Z
G0531,ἀπαράβατος,-ον,adj.,"qui ne se transmet pas, exclusif, permanent",1,
G0532,ἀπαρασκεύαστος,-ον,adj.,"pas prêt, non préparé",1,
G0533,ἀπαρνέομαι,,vb.,nier ; renier ; renoncer,11,
G0535,ἀπαρτισμός,-οῦ,n. f.,"bonne fin, achèvement",1,
G0536,ἀπαρχή,-ῆς,n. f.,premier fruit,8,
G0537,ἅπας,"-ασα, -αν",adj.,"tout, toute",31,2025-07-18T19:37:56.971Z
G0538,ἀπατάω,,vb.,séduire ; tromper,3,
G0539,ἀπάτη,-ης,n. f.,"tromperie, séduction",7,
G0540,ἀπάτωρ,-ορος,adj.,sans père,1,
G0541,ἀπαύγασμα,-τος,n. n.,"resplendissement, éclat",1,
G0543,ἀπείθεια,-ας,n. f.,"désobéissance, refus d’obéir, d’être persuadé, de se soumettre, de croire",7,
G0544,ἀπειθέω,,vb.,"désobéir, refuser d’être persuadé, d’obéir, de se soumettre, de croire",14,
G0545,ἀπειθής,-ές,adj.,"désobéissant, de croire, d’être persuadé, d’obéir",6,
G0546,ἀπειλέω,,vb.,"défendre avec menaces, interdire en avertissant, menacer",2,
G0547,ἀπειλή,-ῆς,n. f.,"menace, parole d’hostilité, de colère",3,
G0548,ἄπειμι,,vb.,"être absent, être éloigné",7,
G0549,ἄπειμι,,vb.,se rendre,1,
G0550,ἀπεῖπον,,vb.,"renoncer à, refuser, répudier, renoncer entièrement",1,
G0551,ἀπείραστος,-ον,adj.,non tenté,1,
G0552,ἄπειρος,-ον,adj.,"inexpérimenté, sans expérience",1,
G0553,ἀπεκδέχομαι,,vb.,"attendre, espérer grandement",8,
G0554,ἀπεκδύομαι,,vb.,"dépouiller, ôter complètement, dévêtir entièrement",2,
G0555,ἀπέκδυσις,-εως,n. f.,"dépouillement, enlèvement, mise de côté",1,
G0556,ἀπελαύνω,aor. ἀπήλασα,vb.,"chasser, expulser, renvoyer",1,
G0557,ἀπελεγμός,-οῦ,n. f.,"discrédit, défaveur, rejet",1,
G0558,ἀπελεύθερος,-ου,adj. m.,"affranchi, homme libéré, homme libre",1,
G0559,Ἀπελλῆς,-οῦ,n. pr. m.,Appelès = «exclusion»,1,
G0560,ἀπελπίζω,,vb.,"espérer, espérer en retour, attendre en retour",1,
G0561,ἀπέναντι,,prép.,"en la présence de, en face de, contre",5,
G0562,ἀπέραντος,-ον,adj.,"interminable, sans fin",1,
G0563,ἀπερισπάστως,,adv.,"sans distraction, sans diversion",1,
G0564,ἀπερίτμητος,-ον,adj.,"incirconcis, l’éloignement de lui",1,
G0565,ἀπέρχομαι,fut. ἀπελεύσομαι ; aor. ἀπῆλθον ; pf. ἀπελήλυθα,vb.,"s’en aller, partir, quitter",117,2024-11-01T08:15:49.825Z
G0568,ἀπέχω,,vb.,"recevoir entièrement ; suffire ; être éloigné ; (moy. +G) s'abstenir, s'éloigner",18,2026-08-29T15:07:28.971Z
G0569,ἀπιστέω,,vb.,"ne pas croire, refuser de croire, être incrédule",8,
G0570,ἀπιστία,-ας,n. f.,"incrédulité, manque de confiance, absence de foi",11,
G0571,ἄπιστος,-ον ; -ον,adj.,"infidèle, sans foi, incroyant, incrédule",23,2024-11-01T08:15:49.825Z
G0572,ἁπλότης,-ητος,n. f.,simplicité ; libéralité,7,
G0573,ἁπλοῦς,"-ῆ, -οῦν",adj.,simple,2,
G0574,ἁπλῶς,,adv.,"libéralement, gratuitement",1,
G0575,ἀπό,,prép.,(+G) loin de ; d’auprès de ; hors ; de,640,2025-07-18T19:43:31.954Z
G0576,ἀποβαίνω,fut. ἀποβήσομαι ; aor. ἀπέβην,vb.,descendre ; tourner,4,
G0577,ἀποβάλλω,aor. ἀπέβαλον,vb.,"jeter loin, abandonner, se débarrasser, rejeter",2,
G0578,ἀποβλέπω,,vb.,regarder fixement,1,2024-11-01T08:15:49.825Z
G0579,ἀπόβλητος,-ον,adj.,qui est à rejeter,1,
G0580,ἀποβολή,-ῆς,n. f.,"perte, mise à l’écart, rejet",2,
G0581,ἀπογενόμενος,aor. ptc. ἀπογενόμενος,vb.,"mourir, être séparé",1,
G0582,ἀπογραφή,-ῆς,n. f.,enregistrement de personnes,2,
G0583,ἀπογράφω,,vb.,"enregistrer, recenser",4,
G0584,ἀποδείκνυμι,aor. ἀπέδειξα ; pf. moy. ἀποδέδειγμαι,vb.,présenter ; produire sur la scène ; prouver ; accréditer,4,
G0585,ἀπόδειξις,-εως,n. f.,"démonstration, manifestation, preuve",1,
G0586,ἀποδεκατόω,,vb.,"payer la dîme, donner la dîme",4,
G0587,ἀπόδεκτος,-ον,adj.,"agréable, approuvé, acceptable",2,
G0588,ἀποδέχομαι,,vb.,accepter ; accueillir,7,
G0589,ἀποδημέω,,vb.,"s’en aller hors du pays, voyager à l’étranger",6,
G0590,ἀπόδημος,-ον,adj.,qui va hors du pays,1,
G0591,ἀποδίδωμι,"aor. moy. ἀπεδόμην ; impf. ἀπεδίδουν ; inf. ἀποδοῦναι ; ptc. ἀποδιδούς, ἀποδούς ; impv. ἀπόδος ; aor. pass. inf. ἀποδοθῆναι ; aor. subj. 2sg. ἀποδῷς ; ptc. neut. ἀποδιδοῦν ; 3sg. ἀπόδῷ, ἀποδοῖ",vb.,rendre,47,2024-11-01T08:15:49.825Z
G0592,ἀποδιορίζω,,vb.,diviser,1,2025-10-23T12:51:54.583Z
G0593,ἀποδοκιμάζω,,vb.,"rejeter, exclure, repousser",9,
G0594,ἀποδοχή,-ῆς,n. f.,"acceptation, approbation, réception",2,
G0595,ἀπόθεσις,-εως,n. f.,"dépouillement, mise de côté, enlèvement, moment de déposer",2,
G0596,ἀποθήκη,-ης,n. f.,"grenier, endroit d’entreposage, grange",6,
G0597,ἀποθησαυρίζω,,vb.,"amasser comme un trésor, mettre en réserve",1,
G0598,ἀποθλίβω,,vb.,presser,1,
G0599,ἀποθνήσκω,fut. ἀποθανοῦμαι ; aor. ἀπέθανον,vb.,"mourir, périr",110,2024-11-01T08:15:49.825Z
G0600,ἀποκαθίστημι,,vb.,"rétablir, restaurer, guérir",8,
G0601,ἀποκαλύπτω,aor. pass. ἀπεκαλύφθην,vb.,"révéler, dévoiler",26,2024-11-01T08:15:49.825Z
G0602,ἀποκάλυψις,-εως,n. f.,"révélation, manifestation",18,2024-11-01T08:15:49.825Z
G0603,ἀποκαραδοκία,-ας,n. f.,"vive attente, attente impatiente, fervente",2,
G0604,ἀποκαταλλάσσω,aor. pass. ἀποκατηλλάγην,vb.,réconcilier,3,
G0605,ἀποκατάστασις,-εως,n. f.,rétablissement,1,
G0606,ἀπόκειμαι,,vb.,(pass.) être mis de côté,4,
G0607,ἀποκεφαλίζω,,vb.,"décapiter, trancher la tête",4,
G0608,ἀποκλείω,,vb.,fermer,1,
G0609,ἀποκόπτω,,vb.,"couper, retrancher, sectionner",6,
G0610,ἀπόκριμα,-τος,n. n.,"sentence, décision judiciaire",1,
G0611,ἀποκρίνομαι,aor. pass. ἀπεκρίθην ; ptc. ἀποκριθείς,vb.,répondre,231,2025-07-18T19:43:31.954Z
G0612,ἀπόκρισις,-εως,n. f.,réponse,4,
G0613,ἀποκρύπτω,,vb.,"cacher, tenir secret, dissimuler",4,
G0614,ἀπόκρυφος,-ον,adj.,"caché, soustrait aux regards, tenu secret, dissimulé",3,
G0615,ἀποκτείνω,fut. ἀποκτενῶ ; aor. ἀπέκτεινα ; aor. pass. ἀπεκτάνθην,vb.,tuer,73,2024-11-01T08:15:49.825Z
G0616,ἀποκυέω,,vb.,"engendrer, mettre au monde, produire",2,
G0617,ἀποκυλίω,,vb.,rouler,4,
G0618,ἀπολαμβάνω,fut. ἀπολήμψομαι ; aor. ἀπέλαβον,vb.,recevoir ; récupérer ; (moy.) prendre à part,10,2024-11-01T08:15:49.825Z
G0619,ἀπόλαυσις,-εως,n. f.,"jouissance, plaisir, satisfaction",2,
G0620,ἀπολείπω,aor. ἀπέλιπον ; ptc. ἀπολιπών,vb.,abandonner ; laisser ; (pass.) rester,7,
G0621,ἀπολείχω,,vb.,lécher,1,
G0622,ἀπόλλυμι,"fut. ἀπολέσω, ἀπολῶ ; fut. moy. ἀπολοῦμαι ; aor. ἀπώλεσα ; aor. moy. ἀπωλόμην ; inf. ἀπολέσαι ; pf. ptc. ἀπολωλώς ; subj. 3sg. ἀπολέσῃ",vb.,détruire ; perdre ; périr,90,2025-10-21T12:14:43.259Z
G0623,Ἀπολλύων,-ονος,n. pr.,Apollyon = «Destructeur»,1,
G0624,Ἀπολλωνία,-ας,n. pr. f.,Apollonie = «appartenant à Apollon»,1,
G0625,Ἀπολλῶς,-ῶ,n. pr. m.,Apollos = «donné par Apollon»,10,
G0626,ἀπολογέομαι,,vb.,"se défendre, plaider pour soi, se disculper, se justifier, répondre aux accusations",10,
G0627,ἀπολογία,-ας,n. f.,défense ; réponse ; excuse,8,
G0628,ἀπολούω,,vb.,"laver, nettoyer",2,
G0629,ἀπολύτρωσις,-εως,n. f.,"rédemption, libération",10,2026-02-27T14:53:15.806Z
G0630,ἀπολύω,,vb.,"libérer, divorcer, délier",65,2024-11-01T08:15:49.825Z
G0631,ἀπομάσσω,,vb.,"(moy.) secouer, ôter en s’essuyant",1,
G0632,ἀπονέμω,,vb.,"porter, accorder, donner",1,
G0633,ἀπονίπτω,,vb.,(moy.) se laver,1,
G0634,ἀποπίπτω,aor. ἀπέπεσα,vb.,tomber,1,
G0635,ἀποπλανάω,,vb.,"égarer, amener vers l’erreur, séduire",2,
G0636,ἀποπλέω,aor. ἀπέπλευσα,vb.,"faire voile, naviguer, prendre la mer",4,
G0638,ἀποπνίγω,aor. pass. ἀπεπνίγηνῃ,vb.,"étouffer, asphyxier",2,
G0639,ἀπορέω,,vb.,"(moy.) être dans l’embarras, être perplexe",6,
G0640,ἀπορία,-ας,n. f.,"perplexité, confusion, embarras",1,
G0641,ἀπορρίπτω,,vb.,se jeter dehors,1,
G0642,ἀπορφανίζω,,vb.,séparer,1,
G0643,ἀποσκευάζω,,vb.,"(moy.) rassembler ses effets, faire ses bagages",1,
G0644,ἀποσκίασμα,-τος,n. n.,"ombre d’un objet sur un autre, obscurcissement",1,
G0645,ἀποσπάω,,vb.,(pass.) s’éloigner ; (pass.) s’arracher ; entraîner ; tirer,5,
G0646,ἀποστασία,-ας,n. f.,"apostasie, renoncement",2,
G0647,ἀποστάσιον,-ου,n. m.,divorce,3,
G0648,ἀποστεγάζω,,vb.,"découvrir, ouvrir, enlever le toit",1,
G0649,ἀποστέλλω,fut. ἀποστελῶ ; aor. ἀπέστειλα ; aor. pass. ἀπεστάλην ; pf. ἀπέσταλκα ; subj. ἀποστείλω,vb.,envoyer,131,2024-11-01T08:15:49.825Z
G0650,ἀποστερέω,,vb.,priver de ; faire du tort,6,
G0651,ἀποστολή,-ῆς,n. f.,apostolat,4,
G0652,ἀπόστολος,-ου,n. m.,apôtre,79,2024-11-01T08:15:49.825Z
G0653,ἀποστοματίζω,,vb.,"provoquer à parler, forcer à répondre",1,
G0654,ἀποστρέφω,aor. pass. ἀπεστράφην,vb.,détourner ; remettre ; (moy. et/ou pass.) se détourner,9,
G0655,ἀποστυγέω,,vb.,"avoir en horreur, abhorrer, fuir avec effroi",1,
G0656,ἀποσυνάγωγος,-ον,adj.,"exclu de la synagogue, excommunié",3,
G0657,ἀποτάσσω,,vb.,(moy.) prendre congé ; (moy.) renoncer à,6,
G0658,ἀποτελέω,,vb.,"consommer, mener à terme, achever, accomplir",2,
G0659,ἀποτίθημι,aor. moy. ἀπεθέμην ; inf. ἀποθέσθαι ; ptc. ἀποθέμενος ; subj. ἀποθῶμαι ; impv. 2pl. ἀπόθεσθε,vb.,(moy.) déposer ; (moy.) rejeter,9,
G0660,ἀποτινάσσω,,vb.,secouer,1,
G0661,ἀποτίνω,fut. ἀποτίσω,vb.,"payer, rembourser, dédommager",1,
G0662,ἀποτολμάω,,vb.,"s’enhardir tout à fait, oser",1,
G0663,ἀποτομία,-ας,n. f.,"sévérité, rigueur, caractère tranchant",2,
G0664,ἀποτόμως,,adv.,"rigoureusement, sévèrement, rudement, de manière tranchante",2,
G0665,ἀποτρέπω,,vb.,"(moy.) se détourner, s’éloigner, fuir",1,
G0666,ἀπουσία,-ας,n. f.,absence,1,
G0667,ἀποφέρω,fut. ἀποίσω ; aor. ἀπήνεγκα ; inf. ἀπενεγκεῖν ; aor. pass. inf. ἀπενεχθῆναι,vb.,emmener ; emporter,6,
G0668,ἀποφεύγω,aor. ptc. ἀποφυγών,vb.,"échapper, fuir loin de",3,
G0669,ἀποφθέγγομαι,,vb.,"(moy.) parler, s’exprimer, prononcer, proclamer",3,
G0670,ἀποφορτίζομαι,,vb.,"décharger, enlever, débarquer",1,
G0671,ἀπόχρησις,-εως,n. f.,"usage, abus",1,
G0672,ἀποχωρέω,,vb.,"se retirer, s’en aller, s’éloigner",3,
G0673,ἀποχωρίζω,,vb.,"(pass.) se séparer, se quitter, se retirer",2,
G0674,ἀποψύχω,,vb.,"rendre l’âme, défaillir, mourir",1,
G0675,Ἄππιος,Ἀππίου Φόρου,n. pr. m.,"Appius = «la place du marché, le forum d’Appius»",1,
G0676,ἀπρόσιτος,-ον,adj.,inaccessible,1,
G0677,ἀπρόσκοπος,-ον,adj.,irréprochable,3,2024-11-01T08:15:49.825Z
G0678,ἀπροσωπολήπτως,,adv.,"sans acception de personnes, impartialement, sans parti pris",1,
G0679,ἄπταιστος,-ον,adj.,qui est sans chute,1,2025-05-15T09:07:37.000Z
G0681,ἅπτω,aor. moy. ἡψάμην ; aor. ptc. ἅψας,vb.,"allumer, enflammer ; (moy. +G) toucher",39,2025-07-09T16:13:37.000Z
G0682,Ἀπφία,-ας,n. pr. f.,Apphia = «fructueux»,1,
G0683,ἀπωθέω,,vb.,(moy.) repousser ; (moy.) rejeter,6,
G0684,ἀπώλεια,-ας,n. f.,destruction ; perdition ; perte,18,
G0685,ἀρά,-ᾶς,n. f.,"malédiction, imprécation",1,
G0686,ἄρα,,conj.,"ainsi, alors ; peut-être, par hasard",49,2026-08-29T13:32:33.240Z
G0687,ἆρα,,part. n.,(partic. interr. attendant une réponse nég.) est-ce que?,3,2024-11-01T08:15:49.825Z
G0688,Ἀραβία,-ας,n. pr. f.,Arabie = «désert»,2,
G0689,Ἀράμ,,n. pr. m.,Aram (ou Ram) = «haut»,2,
G0690,Ἄραψ,-βος,adj.,Arabe,1,
G0691,ἀργέω,,vb.,"demeurer oisif, chômer, demeurer inactif",1,
G0692,ἀργός,"-ή, -όν",adj.,oiseux ; oisif ; paresseux,8,
G0693,ἀργύρεος,,adj.,en argent,3,
G0694,ἀργύριον,-ου,n. m.,"argent, pièce d’argent",20,
G0695,ἀργυροκόπος,-ου,n. m.,orfèvre,1,
G0696,ἄργυρος,-ου,n. m.,argent,4,
G0697,Ἄρειος,Ἀρείου Πάγου,n. pr. m.,Aréopage = «colline d’Arès»,4,
G0698,Ἀρεοπαγίτης,-ου,n. pr. m.,Aréopagite,1,
G0699,ἀρεσκεία,-ας,n. f.,"désir de plaire à tous égards, désir d’être acceptable, de faire plaisir",1,
G0700,ἀρέσκω,aor. ἤρεσα ; inf. ἀρέσαι,vb.,plaire ; complaire,16,
G0701,ἀρεστός,"-ή, -όν",adj.,"agréable, qui plaît",4,
G0702,Ἀρέτας,-α,n. pr. m.,Arétas = «graver»,1,
G0703,ἀρετή,-ῆς,n. f.,"vertu, excellence, prééminence morale",5,
G0704,ἀρήν,-ἀρνός,n. f.,agneau,1,
G0705,ἀριθμέω,,vb.,"compter, énumérer, dénombrer",3,
G0706,ἀριθμός,-οῦ,n. f.,"nombre, valeur numérique, groupe",18,
G0707,Ἀριμαθαία,-ας,n. pr. f.,Arimathée = «hauteur»,4,
G0708,Ἀρίσταρχος,-ου,n. pr. m.,Aristarque = «le meilleur chef»,5,
G0709,ἀριστάω,,vb.,prendre le repas du midi,3,
G0710,ἀριστερός,"-ά, -όν",adj.,gauche,4,
G0711,Ἀριστόβουλος,-ου,n. pr. m.,Aristobule = «le meilleur conseiller»,1,
G0712,ἄριστον,-ου,n. m.,repas du midi,3,
G0713,ἀρκετός,"-ή, -όν",adj.,"suffisant, qui est assez",3,
G0714,ἀρκέω,,vb.,suffire ; (pass.) se contenter,8,
G0715,ἄρκος,,n. f.,"ours, mammifère carnassier",1,
G0716,ἅρμα,-τος,n. n.,char,4,
G0717,Ἀρμαγεδδών,,n. pr.,Harmaguédon = «la montagne de Meguiddo»,1,
G0718,ἁρμόζω,,vb.,fiancer,1,
G0719,ἁρμός,-οῦ,n. m.,"jointure, joint",1,
G0720,ἀρνέομαι,,vb.,"nier, renoncer, refuser",33,2024-11-01T08:15:49.825Z
G0721,ἀρνίον,-ου,n. m.,agneau,30,2024-11-01T08:15:49.825Z
G0722,ἀροτριάω,,vb.,labourer,3,
G0723,ἄροτρον,-ου,n. m.,charrue,1,
G0724,ἁρπαγή,-ῆς,n. f.,"enlèvement, dépouillement, pillage, rapine",3,
G0725,ἁρπαγμός,-οῦ,n. f.,"objet à ravir, rapine",1,
G0726,ἁρπάζω,aor. pass. ἡρπάγην ; ptc. ἁρπαγείς,vb.,"enlever, arracher ; ravir",14,2026-02-26T14:36:10.375Z
G0727,ἅρπαξ,-αγος ; -αγος,adj.,"ravisseur, voleur",5,
G0728,ἀρραβών,-ῶνος,n. f.,arrhes,3,2026-08-29T13:32:33.240Z
G0729,ἄρραφος,,adj.,"sans couture, non cousu ensemble",1,
G0730,ἄρρην,,adj.,"mâle, homme",9,
G0731,ἄρρητος,-ον,adj.,"ineffable, indicible",1,
G0732,ἄρρωστος,-ον,adj.,"malade, infirme, invalide",5,
G0733,ἀρσενοκοίτης,-ου,n. m.,"homme homosexuel, pédéraste",2,2026-02-19T10:10:42.777Z
G0734,Ἀρτεμάς,-ᾶ,n. pr. m.,Artémas = «don d’Artémis»,1,
G0735,Ἄρτεμις,-ιδος,n. pr.,Diane = «de la lumière»,5,
G0736,ἀρτέμων,-ωνος,n. f.,voile d’artimon,1,
G0737,ἄρτι,,adv.,à présent ; désormais ; maintenant,36,
G0738,ἀρτιγέννητος,-ον,adj.,nouveau-né,1,
G0739,ἄρτιος,"-α, -ον",adj.,"accompli, bien ordonné",1,
G0740,ἄρτος,-ου,n. m.,pain,97,2024-11-01T08:15:49.825Z
G0741,ἀρτύω,,vb.,"donner de la saveur, assaisonner, donner du goût",3,
G0742,Ἀρφαξάδ,,n. pr. m.,Arphaxad = «forteresse des Chaldéens»,1,
G0743,ἀρχάγγελος,-ου,n. m.,archange,2,
G0744,ἀρχαῖος,"-α, -ον",adj.,vieux ; ancien,11,
G0745,Ἀρχέλαος,-ου,n. pr. m.,Archélaüs = «prince du peuple»,1,
G0746,ἀρχή,-ῆς,n. f.,"commencement ; dirigeant ; coin ; domaine, sphère d’influence",55,2025-10-20T11:48:20.514Z
G0747,ἀρχηγός,-οῦ,n. f.,chef,4,
G0748,ἀρχιερατικός,-όν,adj.,souverain sacerdotal,1,
G0749,ἀρχιερεύς,-έως,n. f.,"souverain sacrificateur, grand prêtre",122,2024-11-01T08:15:49.825Z
G0750,ἀρχιποίμην,-ενος,n. f.,"souverain pasteur, souverain berger, jésus christ lui-même",1,
G0751,Ἄρχιππος,-ου,n. pr. m.,Archippe = «maître du cheval»,2,
G0752,ἀρχισυνάγωγος,-ου,n. m.,chef de synagogue,9,
G0753,ἀρχιτέκτων,-ονος,n. f.,"architecte, constructeur en chef, entrepreneur en bâtiments",1,
G0754,ἀρχιτελώνης,-ου,n. m.,chef des publicains,1,
G0755,ἀρχιτρίκλινος,-ου,n. m.,ordonnateur du repas,3,2024-11-01T08:15:49.825Z
G0757,ἄρχω,,vb.,"régner sur, diriger ; (moy.) commencer",85,2025-07-09T16:21:49.825Z
G0758,ἄρχων,-οντος,n. f.,chef ; magistrat ; prince,37,
G0759,ἄρωμα,-τος,n. n.,aromates,4,
G0760,Ἀσά,,n. pr. m.,"Asa = «médecin, guérisseur»",2,
G0761,ἀσάλευτος,-ον,adj.,"inébranlable, immobile",2,2024-11-01T08:15:49.825Z
G0762,ἄσβεστος,-ον,adj.,inextinguible,3,
G0763,ἀσέβεια,-ας,n. f.,"impiété, méchanceté",6,
G0764,ἀσεβέω,,vb.,"commettre de façon impie, vivre dans l’impiété",1,
G0765,ἀσεβής,-ές,adj.,impie,8,
G0766,ἀσέλγεια,-ας,n. f.,débauche ; excès ; impudicité,10,
G0767,ἄσημος,-ον,adj.,"sans renom, sans réputation, sans renommée",1,
G0768,Ἀσήρ,,n. pr. m.,Aser = «béni»,2,
G0769,ἀσθένεια,-ας,n. f.,"faiblesse, infirmité",24,2024-11-01T08:15:49.825Z
G0770,ἀσθενέω,,vb.,"être faible, être sans force, être malade",34,2024-11-01T08:15:49.825Z
G0771,ἀσθένημα,-τος,n. n.,infirmité,1,
G0772,ἀσθενής,-ές,adj.,"faible, infirme, maladif",26,2024-11-01T08:15:49.825Z
G0773,Ἀσία,-ας,n. pr. f.,Asie = «orient»,19,
G0774,Ἀσιανός,-οῦ,adj.,Originaire d’Asie,1,
G0775,Ἀσιάρχης,-ου,n. pr.,asiarques,1,2024-11-01T08:15:49.825Z
G0776,ἀσιτία,-ας,n. f.,"manque de nourriture, abstinence",1,
G0777,ἄσιτος,-ον,adj.,à jeun,1,
G0778,ἀσκέω,,vb.,"s’exercer, s’efforcer",1,
G0779,ἀσκός,-οῦ,n. f.,outre,12,
G0780,ἀσμένως,,adv.,"avec joie, joyeusement, volontiers",1,
G0781,ἄσοφος,-ον,adj.,dépourvu de sagesse,1,
G0782,ἀσπάζομαι,,vb.,saluer,59,2024-11-01T08:15:49.825Z
G0783,ἀσπασμός,-οῦ,n. f.,salutation,10,2025-10-15T13:51:49.915Z
G0784,ἄσπιλος,-ον,adj.,"sans tache, immaculé, sans vice, pur",4,
G0785,ἀσπίς,-ίδος,n. f.,"vipère, serpent venimeux, aspic",1,
G0786,ἄσπονδος,-ον,adj.,implacable,1,
G0787,ἀσσάριον,-ου,n. n.,sou,2,
G0788,ἆσσον,,adv. comp.,de près,1,
G0789,Ἄσσος,-ου,n. pr. f.,Assos = «les approches»,2,
G0790,ἀστατέω,,vb.,"être sans demeure fixe, errer",1,
G0791,ἀστεῖος,"-α, -ον",adj.,"beau, agréable, gracieux",2,
G0792,ἀστήρ,-έρος,n. f.,"étoile, astre",24,2025-07-18T19:49:11.709Z
G0793,ἀστήρικτος,-ον,adj.,"mal affermi, instable, sans solidité",2,
G0794,ἄστοργος,-ον,adj.,"sans affection naturelle, sans tendresse",2,
G0795,ἀστοχέω,,vb.,"manquer le but, échouer, se détourner",3,2026-02-20T14:08:46.137Z
G0796,ἀστραπή,-ῆς,n. f.,éclair,9,
G0797,ἀστράπτω,,vb.,"briller, illuminer, resplendir, étinceler",2,
G0798,ἄστρον,-ου,n. m.,étoile,4,
G0799,Ἀσύγκριτος,-ου,n. pr. m.,"Asyncrite = «incomparable, inégalé»",1,
G0800,ἀσύμφωνος,-ον,adj.,"qui n’est pas d’accord, en désaccord, d’opinions différentes",1,
G0801,ἀσύνετος,-ον,adj.,"sans intelligence, destitué d’intelligence, incapacité de comprendre, de discerner",5,
G0802,ἀσύνθετος,-ον,adj.,"ne tenant pas ce qui est promis, briseur de serment, sans loyauté, déloyal",1,
G0803,ἀσφάλεια,-ας,n. f.,"sûreté, sécurité, certitude",3,
G0804,ἀσφαλής,-ές,adj.,exact ; quelque chose de certain ; sûr,5,
G0805,ἀσφαλίζω,,vb.,(moy.) fixer sûrement ; garder avec soin,4,
G0806,ἀσφαλῶς,,adv.,"sûrement, fermement, certainement",3,
G0807,ἀσχημονέω,,vb.,"agir de manière inconvenante, manquer aux convenances",2,
G0808,ἀσχημοσύνη,-ης,n. f.,"honte, nudité, impudeur, infamie",2,
G0809,ἀσχήμων,-ον,adj.,"qui n’est pas décent, non présentable",1,
G0810,ἀσωτία,-ας,n. f.,"dissipation, inconduite, vie dissolue, débauche, corruption",3,
G0811,ἀσώτως,,adv.,"dans la débauche, déréglée",1,
G0812,ἀτακτέω,,vb.,marcher dans le désordre,1,
G0813,ἄτακτος,-ον,adj.,"désordonné, hors des rangs, irrégulier, démesuré",1,2024-11-01T08:15:49.825Z
G0814,ἀτάκτως,,adv.,"dans le désordre, de manière désordonnée",2,2024-11-01T08:15:49.825Z
G0815,ἄτεκνος,-ον,adj.,sans enfants,2,
G0816,ἀτενίζω,,vb.,"fixer les yeux sur, regarder fixement à",14,2024-11-01T08:15:49.825Z
G0817,ἄτερ,,prép.,"sans, à l’insu de, en l’absence de",2,
G0818,ἀτιμάζω,,vb.,jeter du déshoneur ; mépriser,7,
G0819,ἀτιμία,-ας,n. f.,"déshonneur, honte, ignominie, infâmie",7,
G0820,ἄτιμος,-ον,adj.,sans honneur ; dans le mépris ; moins honorable,4,
G0822,ἀτμίς,-ίδος,n. f.,vapeur,2,
G0823,ἄτομος,-ον,adj.,"instant, moment",1,
G0824,ἄτοπος,-ον,adj.,"extraordinaire, anormal ; fâcheux, déplacé",4,2025-07-16T13:44:23.262Z
G0825,Ἀττάλεια,-ας,n. pr. f.,Attalie = «appartenant à Attale»,1,
G0826,αὐγάζω,,vb.,"briller, resplendir",1,
G0827,αὐγή,-ῆς,n. f.,"aube, éclat du jour, lever du soleil",1,
G0828,Αὔγουστος,-ου,n. pr. m.,"Auguste = «vénérable, qui impose le respect»",1,
G0829,αὐθάδης,-ες,adj.,"adonné à son sens, arrogant",2,
G0830,αὐθαίρετος,-ον,adj.,"qui agit spontanément, volontairement, de plein gré",2,
G0831,αὐθεντέω,,vb.,avoir autorité sur,1,2026-08-29T13:32:33.240Z
G0832,αὐλέω,,vb.,jouer de la flûte,3,
G0833,αὐλή,-ῆς,n. f.,cour ; parvis ; bergerie ; palais,12,
G0834,αὐλητής,-οῦ,n. f.,joueur de flûte,2,
G0835,αὐλίζομαι,,vb.,passer la nuit,2,
G0836,αὐλός,-οῦ,n. f.,flûte,1,
G0837,αὐξάνω,fut. αὐξήσω ; aor. ηὔξησα ; aor. pass. ηὐξήθην,vb.,augmenter,23,2024-11-01T08:15:49.825Z
G0838,αὔξησις,-εως,n. f.,"accroissement, croissance, progression",2,
G0839,αὔριον,,adv.,"lendemain, le jour suivant",14,
G0840,αὐστηρός,"-ά, -όν",adj.,"sévère, austère, rigoureux",2,
G0841,αὐτάρκεια,-ας,n. f.,contentement,2,
G0842,αὐτάρκης,-ες,adj.,content,1,2024-11-01T08:15:49.825Z
G0843,αὐτοκατάκριτος,-ον,adj.,"condamné par soi-même, jugé par soi-même",1,
G0844,αὐτόματος,"-η, -ον",adj.,de soi-même,2,
G0845,αὐτόπτης,-ου,n. f.,témoin oculaire,1,
G0846,αὐτός,"-ή, -ό",pron.,"lui, elle, le même, lui-même, elle-même, eux-mêmes",5558,2025-07-18T19:50:10.051Z
G0847,αὐτοῦ,,adv.,"ici, là, dans cet endroit",4,
G0849,αὐτόχειρ,-ος,adj.,de ses propres mains,1,
G0850,αὐχμηρός,"-ά, -όν",adj.,"obscur, sombre",1,
G0851,ἀφαιρέω,fut. ἀφελῶ ; aor. ἀφεῖλον ; inf. ἀφελεῖν ; aor. moy. subj. ἀφέλομαι,vb.,ôter ; emporter,10,
G0852,ἀφανής,-ές,adj.,"caché, invisible",1,
G0853,ἀφανίζω,,vb.,ternir ; détruire ; (pass.) disparaître,5,
G0854,ἀφανισμός,-οῦ,n. f.,"disparition, d’exister",1,
G0855,ἄφαντος,-ον,adj.,invisible,1,
G0856,ἀφεδρών,-ῶνος,n. f.,"lieu secret, fosse",2,
G0857,ἀφειδία,-ας,n. f.,"le fait de ne pas épargner, ascèse, absence de ménagement",1,
G0858,ἀφελότης,-ητος,n. f.,"simplicité, sans complication, ni exagération",1,
G0859,ἄφεσις,-εως,n. f.,délivrance ; pardon ; rémission,17,
G0860,ἁφή,-ῆς,n. f.,"jointure, articulation",2,
G0861,ἀφθαρσία,-ας,n. f.,"incorruptibilité, c.-à-d. se décomposer, pureté, sincérité",8,
G0862,ἄφθαρτος,-ον,adj.,"incorruptible, inaltérable",7,
G0863,ἀφίημι,fut. ἀφήσω ; fut. pass. ἀφεθήσοραι ; aor. ἀφῆκα ; aor. pass. ἀφέθην ; inf. ἀφιέναι ; ptc. ἀφείς ; subj. ἀφῶ ; impv. ἄφες ; prés. 2sg. ἀφεῖς ; pf. pass. 3pl. ἀφέωνται ; impf. 3sg. ἤφιεν ; 2pl. ἄφετε,vb.,"quitter, pardonner, renvoyer",140,2024-11-01T08:15:49.825Z
G0864,ἀφικνέομαι,aor. ἀφικόμην,vb.,"parvenir, arriver, venir",1,
G0865,ἀφιλάγαθος,-ον,adj.,"n’aimant pas le bien, hostile au bien",1,
G0866,ἀφιλάργυρος,-ον,adj.,"qui n’aime pas l’argent, exempt d’avarice, de cupidité",2,
G0867,ἄφιξις,-εως,n. f.,"départ, action de partir",1,
G0868,ἀφίστημι,,vb.,abandonner ; (moy.) se détourner ; (moy.) quitter ; se retirer ; entraîner à la révolte,14,
G0869,ἄφνω,,adv.,"subitement, soudainement, tout à coup, soudain",3,
G0870,ἀφόβως,,adv.,"sans crainte, sans frayeur, sans inquiétude",4,
G0871,ἀφομοιόω,,vb.,"copier, rendre semblable",1,2024-11-01T08:15:49.825Z
G0872,ἀφοράω,aor. subj. ἀφίδω,vb.,"fixer les yeux, tourner ses regards, voir clairement",2,
G0873,ἀφορίζω,"fut. ἀφοριῶ, ἀφορίσω",vb.,mettre à part ; exclure ; séparer,10,
G0874,ἀφορμή,-ῆς,n. f.,"occasion, prétexte",7,2024-11-01T08:15:49.825Z
G0875,ἀφρίζω,,vb.,"écumer, produire de l’écume",2,
G0876,ἀφρός,-οῦ,n. f.,"écume, bave mousseuse",1,
G0877,ἀφροσύνη,-ης,n. f.,"folie, déraison",4,
G0878,ἄφρων,"-ον, -ονος",adj.,dépourvu d’intelligence ; insensé,11,
G0879,ἀφυπνόω,,vb.,"s’endormir, tomber endormi",1,
G0880,ἄφωνος,-ον,adj.,"sans son distinct, sans signification, muet",4,
G0881,Ἀχάζ,,n. pr. m.,Achaz = «possesseur»,2,
G0882,Ἀχαΐα,-ας,n. pr. f.,Achaïe = «trouble»,10,
G0883,Ἀχαϊκός,-οῦ,n. pr. m.,Achaïcus = «originaire de l’Achaïe»,1,
G0884,ἀχάριστος,-ον,adj.,ingrat,2,
G0885,Ἀχείμ,,n. pr. m.,Achim = «Yahvé affermira»,2,
G0886,ἀχειροποίητος,-ον,adj.,qui n’est pas fait de main,3,
G0887,ἀχλύς,-ύος,n. f.,"obscurité, brouillard",1,
G0888,ἀχρεῖος,-ον,adj.,"inutile, non indispensable",2,
G0889,ἀχρειόω,,vb.,"(pass.) se rendre inutile, devenir inutile, être sans profit",1,
G0890,ἄχρηστος,-ον,adj.,inutile,1,
G0891,ἄχρι,,prép.,"(+G) au bout de, jusqu’à, en",49,2025-07-18T19:50:10.051Z
G0892,ἄχυρον,-ου,n. n.,"balle, paille, chaume",2,
G0893,ἀψευδής,-ές,adj.,qui ne peut mentir,1,
G0894,ἄψινθος,-ου,n. m.,absinthe,2,
G0895,ἄψυχος,-ον,adj.,"inanimé, sans vie",1,
G0896,Βάαλ,,n. pr.,Baal = «possesseur»,1,
G0897,Βαβυλών,-ῶνος,n. pr. f.,Babylone = «confusion»,12,
G0898,βαθμός,-οῦ,n. f.,"degré, position, rang, notoriété, maturité",1,
G0899,βάθος,-ους,n. n.,profondeur ; pleine eau,8,
G0900,βαθύνω,,vb.,creuser profondément,1,2024-11-01T08:15:49.825Z
G0901,βαθύς,"-εῖα, -ύ",adj.,profond,4,
G0902,βαΐον,-ου,n. n.,"rameau, branche d’un arbre",1,
G0903,Βαλαάμ,,n. pr. m.,Balaam = «qui détruit le temple»,3,
G0904,Βαλάκ,,n. pr. m.,Balak = «qui dévaste»,1,
G0905,βαλλάντιον,-ου,n. m.,bourse,4,
G0906,βάλλω,"fut. βαλῶ, βληθήσομαι ; aor. ἔβαλον ; aor. pass. ἐβλήθην ; pf. βέβληκα, βέβλημαι ; plpf. ἐβεβλήμην",vb.,jeter,121,2024-11-01T08:15:49.825Z
G0907,βαπτίζω,,vb.,"plonger, baptiser",76,2024-11-01T08:15:49.825Z
G0908,βάπτισμα,-τος,n. n.,baptiser,19,
G0909,βαπτισμός,-οῦ,n. f.,ablution,3,
G0910,Βαπτιστής,-οῦ,n. m.,"celui qui baptise, baptiste",12,2024-11-01T08:15:49.825Z
G0911,βάπτω,pf. pass. βέβαμμαι,vb.,tremper ; teindre,4,
G0912,Βαραββᾶς,-ᾶ,n. pr. m.,Barabbas = «fils d’un père»,11,
G0913,Βαράκ,,n. pr. m.,"Barak = «éclairs, foudre»",1,
G0914,Βαραχίας,-ου,n. pr. m.,Barachie = «l’Éternel a béni»,1,
G0915,βάρβαρος,-ον,adj.,barbare,6,
G0916,βαρέω,,vb.,charger ; appesantir,6,
G0917,βαρέως,,adv.,"durement, avec difficulté",2,
G0918,Βαρθολομαῖος,-ου,n. pr. m.,Barthélemy = «fils de Tolmaï»,4,
G0920,Βαριωνᾶς,-ᾶ,n. pr. m.,Fils de Jonas = «fils de Jonas»,1,
G0921,Βαρνάβας,-ᾶ,n. pr. m.,"Barnabas, Barnabé = «fils de la prophétie»",28,2025-07-18T20:00:09.745Z
G0922,βάρος,-ους,n. n.,"charge, fardeau ; poids, importance",6,2024-11-01T08:15:49.825Z
G0923,Βαρσαβᾶς,-ᾶ,n. pr. m.,Barsabas = «fils de Sabas»,2,
G0924,Βαρτιμαῖος,-ου,n. pr. m.,Bartimée = «fils de Timée»,1,
G0926,βαρύς,"-εῖα, -ύ",adj.,pénible ; pesant ; grave ; important ; redoutable,6,
G0927,βαρύτιμος,-ον,adj.,"de grand prix, très précieux, coûteux",1,
G0928,βασανίζω,,vb.,battre ; tourmenter,12,
G0929,βασανισμός,-ου,n. f.,"tourment, torture, épreuve",6,
G0930,βασανιστής,-οῦ,n. f.,bourreau,1,
G0931,βάσανος,-ου,n. m.,"tourment, épreuve, tourment, épreuve",3,
G0932,βασιλεία,-ας,n. f.,"règne, royauté, royaume",161,2025-07-18T20:00:09.745Z
G0933,βασίλειον,-ον,adj.,"palais du roi, cour, habitation du roi",1,
G0934,βασίλειος,,adj.,royal,1,
G0935,βασιλεύς,-έως,n. f.,roi,115,2024-11-01T08:15:49.825Z
G0936,βασιλεύω,,vb.,"être roi, régner",21,2024-11-01T08:15:49.825Z
G0937,βασιλικός,"-ή, -όν ; -οῦ",adj.,royal,5,2024-11-01T08:15:49.825Z
G0938,βασίλισσα,-ης,n. f.,reine,4,
G0939,βάσις,-εως,n. f.,plante des pieds,1,
G0940,βασκαίνω,,vb.,"ensorceler, envoûter",1,
G0941,βαστάζω,,vb.,"prendre, soulever",27,2024-11-01T08:15:49.825Z
G0942,βάτος,-ου,n. m.,buisson,5,
G0943,βάτος,-ου,n. m.,bath,1,
G0944,βάτραχος,-ου,n. m.,grenouille,1,
G0945,βαττολογέω,,vb.,"bégayer, babiller, jaser",1,2024-11-01T08:15:49.825Z
G0946,βδέλυγμα,-τος,n. n.,"abomination, chose répulsive",6,
G0947,βδελυκτός,"-ή, -όν",adj.,"abominable, la répulsion",1,
G0948,βδελύσσομαι,,vb.,"abhorrer, détester",2,2024-11-01T08:15:49.825Z
G0949,βέβαιος,"-α, -ον",adj.,"stable, ferme, sûr, véridique",8,2024-11-01T08:15:49.825Z
G0950,βεβαιόω,,vb.,affermir ; confirmer ; lier fermement,8,
G0951,βεβαίωσις,-εως,n. f.,"affermissement, confirmation",2,
G0952,βέβηλος,-ον,adj.,profane,5,2026-08-29T13:32:33.240Z
G0953,βεβηλόω,,vb.,"profaner, désacraliser, souiller",2,
G0954,Βεελζεβούλ,,n. pr.,Beelzébul = «seigneur de la maison»,7,
G0955,Βελίαλ,,n. pr.,"Bélial = «indignité, méchanceté, impiété»",1,
G0956,βέλος,-ους,n. n.,"celui qui s’est souillé avec des abominations, abominable, dépravé",1,
G0957,βελτίων,,adj.,mieux,1,
G0958,Βενιαμίν,,n. pr. m.,Benjamin = «fils de la main droite»,4,
G0959,Βερνίκη,-ης,n. pr. f.,"Bérénice = «remportant la victoire, victorieuse»",3,
G0960,Βέροια,-ας,n. pr.,Bérée = «bien arrosée»,2,
G0961,Βεροιαῖος,"-α, -ον",adj.,"de Bérée, de bérée, habitant de bérée",1,
G0963,Βηθανία,-ας,n. pr. f.,Béthanie = «maison des dattes non mûres»,12,
G0965,Βηθλεέμ,,n. pr.,Bethléhem = «maison du pain»,8,
G0966,Βηθσαϊδά,,n. pr.,Bethsaïda = «maison de la pêche»,7,
G0967,Βηθφαγή,,n. pr.,Bethphagé = «maison des figues pas mûres»,3,
G0968,βῆμα,-τος,n. n.,estrade ; endroit où poser le pied ; tribunal,12,
G0969,βήρυλλος,-ου,n. m.,"béril, béryl, béril, béryl, verte ou bleue",1,
G0970,βία,-ας,n. f.,"violence, force, virulence",3,
G0971,βιάζω,,vb.,prendre par violence ; (moy.) entrer de force,2,
G0972,βίαιος,"-α, -ον",adj.,"violent, très fort, impétueux",1,
G0973,βιαστής,-οῦ,n. f.,"personne violente, qui est énergique",1,
G0974,βιβλαρίδιον,-ου,n. m.,"petit livre, petit document écrit",3,
G0975,βιβλίον,-ου,n. m.,"livre, rouleau",34,2024-11-01T08:15:49.825Z
G0976,βίβλος,-ου,n. m.,"livre, volume, ouvrage",10,
G0977,βιβρώσκω,pf. ptc. βεβρωκώς,vb.,"manger avec avidité, dévorer",1,
G0978,Βιθυνία,-ας,n. pr. f.,Bithynie = «une précipitation violente»,2,
G0979,βίος,-ου,n. m.,bien ; subsistance ; vie,10,
G0980,βιόω,,vb.,"vivre, passer sa vie",1,
G0981,βίωσις,-εως,n. f.,"manière de vivre, façon de vivre, comportement",1,
G0982,βιωτικός,"-ή, -όν",adj.,affaires de cette vie,3,
G0983,βλαβερός,"-ά, -όν",adj.,"pernicieux, nuisible, nocif",1,
G0984,βλάπτω,,vb.,"nuire, faire mal, blesser",1,
G0985,βλαστάνω,aor. ἐβλάστησα,vb.,"bourgeonner, produire des bourgeons, germer",4,
G0986,Βλάστος,-ου,n. pr. m.,"Blaste = «pousse, rejeton»",1,
G0987,βλασφημέω,,vb.,blasphémer,34,2024-11-01T08:15:49.825Z
G0988,βλασφημία,-ας,n. f.,blasphème ; injure ; parole injurieuse,18,
G0989,βλάσφημος,-ον,adj.,blasphémateur ; blasphématoire,4,
G0990,βλέμμα,-τος,n. n.,"vue, vision",1,
G0991,βλέπω,,vb.,"voir, discerner",132,2024-11-01T08:15:49.825Z
G0992,βλητέον,"-α, -ον",adj.,"qui est à mettre dans, qu’il faut verser",1,
G0993,Βοανεργές,,n. pr. m.,Boanergès = «fils du tonnerre»,1,
G0994,βοάω,,vb.,"crier, s'écrier",12,2024-11-01T08:15:49.825Z
G0995,βοή,-ῆς,n. f.,"cri, clameur",1,
G0996,βοήθεια,-ας,n. f.,"secours, aide, mesure de sûreté, dispositif de secours",2,
G0997,βοηθέω,,vb.,"aider, secourir, venir en aide, assister",8,
G0998,βοηθός,-όν,adj.,aide,1,
G0999,βόθυνος,-ου,n. m.,"fosse, fossé",3,
G1000,βολή,-ῆς,n. f.,"jet, lancer",1,
G1001,βολίζω,,vb.,jeter la sonde,2,
G1003,Βοόζ,,n. pr. m.,Boaz = «en lui est la force»,3,
G1004,βόρβορος,-ου,n. m.,"bourbier, fange",1,
G1005,βορρᾶς,-ᾶ,n. f.,"nord, opposé au sud",2,
G1006,βόσκω,,vb.,faire paître ; (pass.) paître,9,
G1007,Βοσόρ,,n. pr. m.,"Bosor = «brûlant, flambeau»",1,
G1008,βοτάνη,-ης,n. f.,"herbe, végétation, plante",1,
G1009,βότρυς,-υος,n. f.,"grappe, assemblage de fruits",1,
G1010,βουλευτής,-οῦ,n. f.,conseiller,2,
G1011,βουλεύω,,vb.,(moy.) résoudre ; (moy.) former un projet ; (moy.) se demander,6,
G1012,βουλή,-ῆς,n. f.,"conseil, avis, dessein, plan, conseil, avis, dessein, plan",12,
G1013,βούλημα,-τος,n. n.,"dessein, volonté, plan",3,
G1014,βούλομαι,aor. ἐβουλήθην,vb.,"souhaiter, vouloir",37,2024-11-01T08:15:49.825Z
G1015,βουνός,-οῦ,n. f.,"colline, élévation de terrain, petite montagne, coteau",2,
G1016,βοῦς,βοός,n. m./f.,"bœuf, mammifère ruminant domestique, mâle ou femelle",8,
G1017,βραβεῖον,-ου,n. m.,prix,2,2024-11-01T08:15:49.825Z
G1018,βραβεύω,,vb.,"présider, régner, dominer",1,
G1019,βραδύνω,,vb.,"tarder, être lent, être retardé",2,
G1020,βραδυπλοέω,,vb.,naviguer lentement,1,
G1021,βραδύς,"-εῖα, -ύ",adj.,lent,3,2024-11-01T08:15:49.825Z
G1022,βραδύτης,-ητος,n. f.,retardement,1,
G1023,βραχίων,-ονος,n. f.,bras,3,
G1024,βραχύς,"-εῖα, -ύ",adj.,"pour un peu de temps, pour un instant",7,
G1025,βρέφος,-ους,n. m.,"enfant, nouveau-né, jeune enfant, enfance",8,
G1026,βρέχω,,vb.,pleuvoir ; envoyer la pluie ; arroser,7,
G1027,βροντή,-ῆς,n. f.,tonnerre,12,
G1028,βροχή,-ῆς,n. f.,"pluie, parfois abondamment",2,
G1029,βρόχος,-ου,n. m.,"piège, restriction, contrainte",1,2024-11-01T08:15:49.825Z
G1030,βρυγμός,-οῦ,n. f.,grincement,7,
G1031,βρύχω,,vb.,grincer,1,
G1032,βρύω,,vb.,"jaillir, faire sourdre, faire couler",1,
G1033,βρῶμα,-τος,n. n.,"nourriture, aliment",17,2026-08-29T13:32:33.240Z
G1034,βρώσιμος,-ον,adj.,"à manger, mangeable",1,
G1035,βρῶσις,-εως,n. f.,aliment ; manger ; plat ; viande ; rouille,11,
G1036,βυθίζω,,vb.,"enfoncer, couler, sombrer, plonger",2,
G1037,βυθός,-οῦ,n. f.,"profondeur de la mer, abîme, mer profonde",1,
G1038,βυρσεύς,-έως,n. f.,"corroyeur, tanneur",3,
G1039,βύσσινος,"-η, -ον",adj.,de fin lin,5,
G1040,βύσσος,-ου,n. f.,fin lin,1,2024-11-01T08:15:49.825Z
G1041,βωμός,-οῦ,n. f.,autel,1,
G1042,γαββαθά,,n. pr.,"Gabbatha = «tertre, crête, colline»",1,
G1043,Γαβριήλ,,n. pr.,Gabriel = «homme de Dieu»,2,
G1044,γάγγραινα,-ης,n. f.,gangrène,1,2024-11-01T08:15:49.825Z
G1045,Γάδ,,n. pr. m.,Gad = «troupe»,1,
G1046,Γαδαρηνός,"-ή, -όν",adj.,Géraséniens ou Gadaréniens = «récompensé à la fin»,1,2024-11-01T08:15:49.825Z
G1047,γάζα,-ης,n. f.,"trésor, richesses",1,
G1048,Γάζα,-ης,n. pr. f.,"Gaza = «lieu fortifié, le fort»",1,
G1049,γαζοφυλάκιον,-ου,n. m.,"tronc, trésor",5,2024-11-01T08:15:49.825Z
G1050,Γάϊος,-ου,n. pr. m.,Gaïus = «seigneur»,5,
G1051,γάλα,γάλακτος,n. n.,lait,5,2024-11-01T08:15:49.825Z
G1052,Γαλάτης,-ου,adj.,Galate,1,
G1053,Γαλατία,-ας,n. pr. f.,"Galatie = «territoire des Gaulois, Gaule»",4,
G1054,Γαλατικός,"-ή, -όν",adj.,"de Galatie, de galatie",2,
G1055,γαλήνη,-ης,n. f.,"calme, tranquillité",3,
G1056,Γαλιλαία,-ας,n. pr. f.,Galilée = «Circuit»,61,2024-11-01T08:15:49.825Z
G1057,Γαλιλαῖος,"-α, -ον",adj.,Galiléen,11,
G1058,Γαλλίων,-ωνος,n. pr. m.,Gallion = «Celui qui vit du lait»,3,
G1059,Γαμαλιήλ,,n. pr. m.,Gamaliel = «récompense de Dieu»,2,
G1060,γαμέω,ptc. γήμας ; subj. γήμω ; aor. 1sg. ἔγημα,vb.,"se marier, épouser",29,2024-11-01T08:15:49.825Z
G1061,γαμίσκω,,vb.,"donner en mariage, marier ses enfants",8,
G1062,γάμος,-ου,n. m.,mariage ; noce,16,
G1063,γάρ,,conj.,"car, parce que",1039,2025-07-18T20:00:09.745Z
G1064,γαστήρ,-τρός,n. f.,ventre ; état de grossesse,9,
G1065,γέ,,part.,"(particule enclitique) en effet, néanmoins, vraiment, sans doute ; pourtant, du moins",26,2025-07-18T20:00:09.745Z
G1066,Γεδεών,,n. pr. m.,"Gédéon = «celui qui coupe, qui fait tomber»",1,
G1067,γέεννα,-ης,n. pr.,"géhenne, enfer",12,2024-11-01T08:15:49.825Z
G1068,Γεθσημανῆ,,n. pr.,Gethsémané = «pressoir à huile»,2,
G1069,γείτων,-ονος,n. m./f.,voisin,4,
G1070,γελάω,,vb.,"rire, exprimer sa joie, sa satisfaction",2,
G1071,γέλως,-ωτος,n. f.,"rire, de la satisfaction",1,
G1072,γεμίζω,,vb.,"remplir, rendre plein, charger complètement",8,
G1073,γέμω,,vb.,"être plein, être rempli",11,
G1074,γενεά,-ᾶς,n. f.,"génération, famille",43,2025-07-18T20:00:09.745Z
G1075,γενεαλογέω,,vb.,"(pass.) tirer généalogiquement son origine, descendre généalogiquement de",1,
G1076,γενεαλογία,-ας,n. f.,"généalogie, d’une famille",2,
G1077,γενέσια,-ων,n. n.,anniversaire de naissance,2,
G1078,γένεσις,-εως,n. f.,"généalogie, descendance, lignée, nature",5,
G1079,γενετή,-ῆς,n. f.,"naissance, venue au monde",1,
G1080,γεννάω,,vb.,concevoir ; enfanter ; (pass.) naître,97,
G1081,γέννημα,-τος,n. n.,fruit ; produit ; race,4,
G1082,Γεννησαρέτ,,n. pr.,Génésareth = «une harpe»,3,
G1084,γεννητός,"-ή, -όν",adj.,"né, engendré",2,
G1085,γένος,-ους,n. m.,"espèce, sorte, origine, famille, race",20,2024-11-01T08:15:49.825Z
G1086,Γεργεσηνός,"-ή, -όν",adj.,"Gérasénien, Gersénien, gérasénien, gersénien",3,
G1087,γερουσία,-ας,n. f.,"anciens, conseil d’hommes juifs",1,
G1088,γέρων,-οντος,n. f.,"vieux, ancien",1,
G1089,γεύω,,vb.,"goûter, manger, mourir, voir, souffrir",15,2024-11-01T08:15:49.825Z
G1090,γεωργέω,,vb.,"labourer, cultiver, retourner la terre",1,
G1091,γεώργιον,-ου,n. m.,labourage,1,
G1092,γεωργός,-οῦ,n. f.,"cultivateur, laboureur, vigneron",19,
G1093,γῆ,-γῆς,n. f.,"terre, pays, peuple, contrée, lieu",247,2024-11-01T08:15:49.825Z
G1094,γῆρας,"-ως, -ους, γήρᾳ, γήρει",n. n.,"vieillesse, âge avancé",1,
G1095,γηράσκω,,vb.,"devenir vieux, devenir âgé, vieillir",2,
G1096,γίνομαι,"fut. γενήσομαι ; aor. ἐγενόμην ; aor. pass. ἐγενήθην ; pf. γέγονα, γεγένημαι ; inf. γενέσθαι ; ptc. γενόμενος ; plpf. 3sg. ἐγεγόνει, γεγόνει ; impv. 3sg. γενηθήτω ; opt. 3sg. γένοιτο",vb.,"devenir, se passer",662,2025-07-18T20:00:09.745Z
G1097,γινώσκω,"fut. γνώσομαι ; fut. pass. γνωσθήσομαι ; aor. ἔγνων ; aor. pass. ἐγνώσθην ; pf. ἔγνωκα ; plpf. ἐγνώκειν ; inf. γνῶναι ; ptc. γνούς ; impv. γνῶθι, γνώτω ; subj. 3sg. γνῷ, γνοῖ",vb.,"connaître, savoir",218,2024-11-01T08:15:49.825Z
G1098,γλεῦκος,-ους,n. m.,vin doux,1,
G1099,γλυκύς,"-εῖα, -ύ",adj.,"doux, sucré",4,
G1100,γλῶσσα,-ης,n. f.,"langue, langage",50,2024-11-01T08:15:49.825Z
G1101,γλωσσόκομον,-ου,n. m.,bourse,2,
G1102,γναφεύς,-έως,n. f.,foulon,1,2024-11-01T08:15:49.825Z
G1103,γνήσιος,"-α, -ον",adj.,"vrai ; véritable, sincère",4,2026-08-29T13:32:33.240Z
G1104,γνησίως,,adv.,"sincèrement, véritablement, fidèlement",1,
G1105,γνόφος,-ου,n. f.,"obscurité, nuage épais",1,
G1106,γνώμη,-ης,n. f.,avis ; opinion ; pensée,9,
G1107,γνωρίζω,,vb.,"faire connaître, savoir, obtenir la connaissance",25,2024-11-01T08:15:49.825Z
G1108,γνῶσις,-εως,n. f.,connaissance,29,2024-11-01T08:15:49.825Z
G1109,γνώστης,-ου,n. m.,"connaisseur, celui qui connaît, expert",1,
G1110,γνωστός,"-ή, -όν",adj.,ce que l’on peut connaître ; familier ; notoire,15,
G1111,γογγύζω,,vb.,"murmurer, grommeler, exprimer son mécontentement",8,
G1112,γογγυσμός,-οῦ,n. f.,"murmure, chuchotement, rumeur",4,
G1113,γογγυστής,-οῦ,n. f.,murmurateur,1,
G1114,γόης,-ητος,n. f.,"imposteur, qui triche",1,
G1115,Γολγοθᾶ,-ᾶν,n. pr.,Golgotha = «crâne»,3,
G1116,Γόμορρα,"-ας, -ων",n. pr.,Gomorrhe = «submersion»,4,
G1117,γόμος,-ου,n. m.,"marchandise, cargaison, chargement",3,
G1118,γονεύς,-έως,n. f.,parent,20,
G1119,γόνυ,γόνατος,n. n.,genou,12,
G1120,γονυπετέω,,vb.,"se jeter à genoux, fléchir les genoux, tomber à genoux, s’agenouiller",4,
G1121,γράμμα,-τος,n. n.,lettre ; écrit,14,
G1122,γραμματεύς,-έως,n. f.,"scribe, secrétaire",62,2024-11-01T08:15:49.825Z
G1123,γραπτός,"-ή, -όν",adj.,qui est écrit,1,
G1124,γραφή,-ῆς,n. f.,"écrit, écriture",50,2024-11-01T08:15:49.825Z
G1125,γράφω,aor. pass. ἐγράφην ; pf. γέγραφα ; pf. pass. 3sg. γέγραπται,vb.,écrire,190,2024-11-01T08:15:49.825Z
G1126,γραώδης,-ες,adj.,de vieilles femmes,1,
G1127,γρηγορέω,,vb.,veiller,23,2024-11-01T08:15:49.825Z
G1128,γυμνάζω,,vb.,"exercer, entraîner",4,
G1129,γυμνασία,-ας,n. f.,"exercice, entraînement, gymnastique",1,
G1130,γυμνητεύω,,vb.,être nu,1,
G1131,γυμνός,"-ή, -όν",adj.,"nu, dévêtu, sans vêtement, simple",15,
G1132,γυμνότης,-ητος,n. f.,"nudité, privation du nécessaire",3,
G1133,γυναικάριον,-ου,n. m.,femmelette,1,
G1134,γυναικεῖος,"-α, -ον",adj.,féminin,1,
G1135,γυνή,-αικός,n. f.,"femme, épouse",211,
G1136,Γώγ,,n. pr.,Gog = «montagne»,1,
G1137,γωνία,-ας,n. f.,coin ; secret,9,
G1138,Δαυείδ,,n. pr. m.,David,59,2024-11-01T08:15:49.825Z
G1139,δαιμονίζομαι,,vb.,être sous la puissance d'un démon,13,2024-11-01T08:15:49.825Z
G1140,δαιμόνιον,-ου,n. m.,démon,63,2024-11-01T08:15:49.825Z
G1141,δαιμονιώδης,-ες,adj.,diabolique,1,
G1142,δαίμων,-ονος,n. f.,"un démon, un mauvais esprit",1,2024-11-01T08:15:49.825Z
G1143,δάκνω,,vb.,mordre,1,2024-11-01T08:15:49.825Z
G1144,δάκρυ,-ου,n. m.,larme,10,
G1145,δακρύω,,vb.,pleurer,1,
G1146,δακτύλιος,-ου,n. m.,"anneau, petit cercle",1,
G1147,δάκτυλος,-ου,n. m.,doigt,7,
G1148,Δαλμανουθά,,n. pr.,Dalmanutha = «tison»,1,
G1149,Δαλματία,-ας,n. pr. f.,Dalmatie = «lampes trompeuses et vaines»,1,
G1150,δαμάζω,,vb.,"dompter, maîtriser, contrôler, soumettre",4,
G1151,δάμαλις,-εως,n. f.,"génisse, jeune vache, taure",1,
G1152,Δάμαρις,-ιδος,n. pr. f.,Damaris = «une génisse»,1,
G1153,Δαμασκηνός,"-ή, -όν",adj.,"Damascénien, habitant de damas",1,
G1154,Δαμασκός,-οῦ,n. pr. f.,Damas,15,2024-12-16T09:55:16.000Z
G1155,δανείζω,,vb.,prêter ; (moy.) emprunter,4,
G1156,δάνειον,-ου,n. m.,dette,1,
G1157,δανειστής,,n. m.,créancier,1,
G1158,Δανιήλ,,n. pr. m.,Daniel = «jugement de Dieu»,1,
G1159,δαπανάω,,vb.,dépenser,5,
G1160,δαπάνη,-ης,n. f.,"dépense, coût, frais",1,
G1161,δέ,,conj.,"et, mais",2771,2024-11-01T08:15:49.825Z
G1162,δέησις,-εως,n. f.,supplication ; prière,18,
G1163,δεῖ,impf. ἔδει ; inf. δεῖν ; ptc. δέον ; subj. δέῃ,vb.,"il faut, il est nécessaire",102,2024-11-01T08:15:49.825Z
G1164,δεῖγμα,-τος,n. n.,"exemple ; indice, preuve",1,2025-06-12T09:31:48.000Z
G1165,δειγματίζω,,vb.,"faire un exemple, diffamer, produire",2,
G1166,δείκνυμι,,vb.,montrer,33,2025-07-18T20:00:09.745Z
G1167,δειλία,-ας,n. f.,"crainte, timidité, réticence",1,
G1168,δειλιάω,,vb.,"être craintif, être timide, être peureux",1,
G1169,δειλός,"-ή, -όν",adj.,"timide, qui manque d’assurance, craintif, lâche",3,
G1170,δεῖνα,,n. m.,un tel,1,2024-11-01T08:15:49.825Z
G1171,δεινῶς,,adv.,"fortement, avec véhémence, violemment, horriblement",2,
G1172,δειπνέω,,vb.,souper,4,
G1173,δεῖπνον,-ου,n. m.,souper ; banquet ; cène,16,
G1174,δεισιδαίμων,,adj.,"voué au culte des démons, très religieux, superstitieux",1,
G1175,δεισιδαιμονία,-ας,n. f.,"culte religieux, religion",1,
G1176,δέκα,,num.,dix,27,
G1178,δεκαπέντε,,num.,quinze,3,
G1179,Δεκάπολις,-εως,n. pr. f.,Décapole = «ligue de dix villes»,3,
G1180,δεκατέσσαρες,,adj.,quatorze,5,
G1182,δέκατος,"-η, -ον",adj.,dixième,7,
G1183,δεκατόω,,vb.,dîmer ; (pass.) payer la dîme,2,
G1184,δεκτός,"-ή, -όν",adj.,agréé ; agréable ; favorable ; reçu,5,
G1185,δελεάζω,,vb.,"amorcer, appâter",3,2024-11-01T08:15:49.825Z
G1186,δένδρον,-ου,n. m.,arbre,25,2024-11-01T08:15:49.825Z
G1187,δεξιολάβος,-ου,n. m.,porte-lance,1,
G1188,δεξιός,"-ά, -όν",adj.,"la droite, la main droite",54,2024-11-01T08:15:49.825Z
G1189,δέομαι,aor. ἐδεήθην ; impv. δεήθητι ; impf. 3sg. ἐδεῖτο,vb.,demander ; prier,22,
G1190,Δερβαῖος,"-α, -ον",adj.,"de Derbe, de derbe, originaire de derbe",1,
G1191,Δέρβη,-ης,n. pr. f.,Derbe = «tanneur: tanneur de peau: celui qui recouvre de peau»,3,
G1192,δέρμα,-τος,n. n.,peau,1,
G1193,δερμάτινος,"-η, -ον",adj.,de cuir,2,
G1194,δέρω,fut. pass. δαρήσομαι ; aor. ἔδειρα ; ptc. δείρας,vb.,"battre, frapper, maltraiter, châtier durement",15,
G1195,δεσμεύω,,vb.,"lier, enchaîner",3,
G1197,δέσμη,-ης,n. f.,"botte, gerbe",1,
G1198,δέσμιος,-ου,n. f.,prisonnier,16,
G1199,δεσμός,-οῦ,n. f.,chaîne ; lien,18,
G1200,δεσμοφύλαξ,-ακος,n. f.,"geôlier, gardien de prison",3,
G1201,δεσμωτήριον,-ου,n. m.,prison,4,
G1202,δεσμώτης,-ου,n. m.,prisonnier,2,
G1203,δεσπότης,-ου,n. m.,"maître, seigneur, souverain",10,2025-10-29T16:15:32.518Z
G1204,δεῦρο,,interj.,"à présent, maintenant, ici",9,
G1205,δεῦτε,,interj.,venez!,12,
G1206,δευτεραῖος,"-α, -ον",adj.,"deuxième jour, second jour, surlendemain",1,
G1208,δεύτερος,"-α, -ον",adj.,second ; seconde fois,43,
G1209,δέχομαι,pf. 3sg. δέδεκται,vb.,recevoir,56,2024-11-01T08:15:49.825Z
G1210,δέω,aor. ἔδησα ; pf. pass. δέδεμαι ; subj. δήσω ; aor. pass. inf. δεθῆναι ; pf. ptc. δεδεκώς,vb.,"lier, attacher",44,2024-11-01T08:15:49.825Z
G1211,δή,,part.,"évidemment, bien sûr",6,
G1212,δῆλος,"-η, -ον",adj.,"évident, certain, manifeste",3,
G1213,δηλόω,,vb.,faire connaître ; indiquer,7,
G1214,Δημᾶς,-ᾶ,n. pr. m.,Démas = «gouverneur du peuple»,3,
G1215,δημηγορέω,,vb.,haranguer,1,
G1216,Δημήτριος,-ου,n. pr. m.,Démétrius = «qui appartient à Déméter»,3,
G1217,δημιουργός,-οῦ,n. f.,"créateur, artisan, fabricateur, constructeur public",1,
G1218,δῆμος,-ου,n. m.,"peuple, foule",4,
G1219,δημόσιος,"-α, -ον",adj.,publiquement,4,
G1220,δηνάριον,-ου,n. m.,denier = «contenant dix»,16,
G1223,διά,,prép.,"(+A) à cause de, grâce à ; (+G) à travers, par le moy. de",666,2025-07-18T20:00:09.745Z
G1224,διαβαίνω,aor. διέβην ; ptc. διαβάς,vb.,"traverser, marcher à travers, passer",3,
G1225,διαβάλλω,aor. pass. διεβλήθην,vb.,accuser,1,
G1226,διαβεβαιόομαι,,vb.,"insister, affirmer fortement",2,2026-02-18T10:34:09.745Z
G1227,διαβλέπω,,vb.,"voir clair, regarder distinctement",3,
G1228,διάβολος,-ον,adj.,"calomniateur, médisant • (subst.) le diable",37,2026-08-29T13:32:33.240Z
G1229,διαγγέλλω,aor. pass. subj. διαργελῶ,vb.,"annoncer, publier, proclamer, faire savoir",3,
G1230,διαγίνομαι,,vb.,"s’écouler, passer",3,
G1231,διαγινώσκω,,vb.,prendre connaissance ; examiner,2,
G1233,διάγνωσις,-εως,n. f.,"jugement, décision, examen",1,
G1234,διαγογγύζω,,vb.,"murmurer, mais toujours péjorativement",2,
G1235,διαγρηγορέω,,vb.,"éveiller, réveiller",1,
G1236,διάγω,,vb.,mener ; vivre,2,
G1237,διαδέχομαι,,vb.,"recevoir d’un autre, hériter",1,
G1238,διάδημα,-τος,n. n.,diadème,3,
G1239,διαδίδωμι,aor. διέδωκα ; impf. pass. 3sg. διεδίδετο ; impv. 2sg. διάδος,vb.,distribuer ; donner,4,
G1240,διάδοχος,-ου,n. m.,successeur,1,
G1241,διαζώννυμι,aor. διέζωσα ; aor. moy. διεζωσάμην ; pf. pass. ptc. διεζωσμένος,vb.,ceindre,3,
G1242,διαθήκη,-ης,n. f.,"alliance, testament",33,2024-11-01T08:15:49.825Z
G1243,διαίρεσις,-εως,n. f.,"diversité, variété, pluralité",3,
G1244,διαιρέω,aor. διεῖλον,vb.,"distribuer, diviser, partager",2,
G1245,διακαθαρίζω,fut. διακαθαριῶ,vb.,"nettoyer entièrement, nettoyer complètement, purifier à fond",1,
G1246,διακατελέγχομαι,,vb.,réfuter,1,
G1247,διακονέω,,vb.,(+D) servir ; assurer le service ; assister ; (pass.) être rédigé par le ministère ; employer,37,2025-07-18T20:00:09.745Z
G1248,διακονία,-ας,n. f.,"service, ministère, secours",34,2024-11-01T08:15:49.825Z
G1249,διάκονος,-ου,n. m.,"ministre, serviteur",30,2025-07-18T20:00:09.745Z
G1250,διακόσιοι,"-αι, -α",adj.,deux cents,8,
G1251,διακούω,,vb.,entendre à fond,1,
G1252,διακρίνω,aor. pass. διεκρίθην,vb.,"distinguer ; décider, déterminer, évaluer ; (moy.) contester ; (moy./pass.) douter, vaciller",19,2025-10-20T12:32:11.352Z
G1253,διάκρισις,-εως,n. f.,"décision, critique, jugement, discernement",3,
G1254,διακωλύω,,vb.,"empêcher fort, s’opposer vigoureusement",1,
G1255,διαλαλέω,,vb.,"s’entretenir, parler, converser",2,
G1256,διαλέγω,aor. pass. διελέχθην,vb.,s’entretenir ; discuter,13,
G1257,διαλείπω,aor. διέλιπον,vb.,"cesser, s’interrompre",1,
G1258,διάλεκτος,-ου,n. m.,"langue, langage, dialecte, langage régional",6,
G1259,διαλλάσσω,,vb.,(moy. et/ou pass.) réconcilier,1,
G1260,διαλογίζομαι,,vb.,"argumenter, discuter",16,2024-11-01T08:15:49.825Z
G1261,διαλογισμός,-οῦ,n. f.,pensée ; raisonnement ; contestation,14,2026-08-29T13:32:33.240Z
G1262,διαλύω,,vb.,"dissoudre, éparpiller",1,
G1263,διαμαρτύρομαι,,vb.,affirmer ; adjurer,15,
G1264,διαμάχομαι,,vb.,"contester, contester énergiquement, protester avec force",1,
G1265,διαμένω,,vb.,"demeurer, continuer, persévérer",5,
G1266,διαμερίζω,,vb.,diviser ; distribuer ; (moy.) partager entre soi,11,
G1267,διαμερισμός,-οῦ,n. f.,"division, dissension, discorde",1,
G1268,διανέμω,aor. pass. διενεμήθην,vb.,"répandre, distribuer, disséminer",1,
G1269,διανεύω,,vb.,faire des signes,1,
G1270,διανόημα,-τος,n. n.,"pensée, réflexion, machination",1,
G1271,διάνοια,-ας,n. f.,"pensée, coeur, intelligence, esprit, entendement",12,2024-11-01T08:15:49.825Z
G1272,διανοίγω,aor. pass. Διηνοίχθην,vb.,ouvrir ; expliquer,8,
G1273,διανυκτερεύω,,vb.,passer toute la nuit,1,
G1274,διανύω,,vb.,"achever, mener à terme",1,
G1276,διαπεράω,,vb.,passer ; passer à l’autre rive ; traverser ; repasser,6,
G1277,διαπλέω,aor. διέπλευσα,vb.,"traverser, naviguer sur",1,
G1278,διαπονέω,,vb.,"(moy. et/ou pass.) être mécontent, supporter avec peine, être peiné, être affligé",2,
G1279,διαπορεύω,,vb.,"traverser, passer, passer à travers",5,
G1280,διαπορέω,,vb.,être perplexe,4,
G1281,διαπραγματεύομαι,,vb.,gagner par son trafic,1,
G1282,διαπρίω,,vb.,"frémir de rage, être vexé, exaspéré, furieux",2,
G1283,διαρπάζω,,vb.,"piller, dépouiller, prendre de force",3,
G1284,διαρρήγνυμι,aor. διέρρηξα,vb.,"(pass.) se rompre, se déchirer, éclater",5,
G1285,διασαφέω,,vb.,"informer, expliquer, déclarer, raconter",2,
G1286,διασείω,,vb.,extorquer,1,2024-11-01T08:15:49.825Z
G1287,διασκορπίζω,,vb.,disperser ; dissiper ; répandre,9,
G1288,διασπάω,,vb.,"mettre en pièces, rompre, briser",2,
G1289,διασπείρω,aor. pass. διεσπάρην,vb.,"disperser, disséminer",3,
G1290,διασπορά,-ᾶς,n. f.,"dispersion, dissémination, diaspora",3,
G1291,διαστέλλω,,vb.,"(moy.) enjoindre, commander expressément, ordonner, donner un ordre",8,
G1292,διάστημα,-τος,n. n.,"intervalle, traduit par après, plus tard",1,
G1293,διαστολή,-ῆς,n. f.,"différence, distinction, discrimination",3,
G1294,διαστρέφω,pf. pass. διέστραμμαι,vb.,détourner ; pervertir ; (pass.) être perverti,7,
G1295,διασῴζω,aor. pass. διεσώθην,vb.,sauver ; guérir complètement ; (pass.) parvenir saint et sauf ; conduire sain et sauf,8,
G1296,διαταγή,-ῆς,n. f.,"disposition, commandement, intermédiaire, ordonnance, ministère",2,
G1297,διάταγμα,-τος,n. n.,"ordonnance, ordre, commandement",1,
G1298,διαταράσσω,,vb.,"troubler, boulverser",1,
G1299,διατάσσω,pf. pass. διατέταγμαι ; 1aor. pass. ptc. Διαταγείς ; 2aor. pass. διαταχθείς,vb.,"ordonner, prescrire, commander ; (moy.) régler, résoudre",16,2024-11-01T08:15:49.825Z
G1300,διατελέω,,vb.,"rester, continuer",1,
G1301,διατηρέω,,vb.,"se garder, éviter avec soin, conserver",2,
G1303,διατίθημι,,vb.,conférer,7,
G1304,διατρίβω,,vb.,séjourner,9,
G1305,διατροφή,-ῆς,n. f.,"nourriture, entretien, subsistance",1,
G1306,διαυγάζω,,vb.,"commencer à luire, apparaître, poindre",1,
G1308,διαφέρω,aor. subj. διενέγκω,vb.,porter ; ballotter ; répandre ; (participe) être excellent ; différer ; importer ; valoir mieux,13,
G1309,διαφεύγω,aor. subj. διαφύγω,vb.,"s’enfuir, s’échapper",1,
G1310,διαφημίζω,,vb.,"répandre, proclamer, faire connaître partout, divulguer",3,
G1311,διαφθείρω,aor. pass. διεφθάρην ; pf. pass. διέφθαρμαι,vb.,corrompre ; détruire,6,
G1312,διαφθορά,-ᾶς,n. f.,"corruption, destruction",6,2024-11-01T08:15:49.825Z
G1313,διάφορος,-ον,adj.,"plus excellent, plus différent, qui se distingue",4,
G1314,διαφυλάσσω,,vb.,"garder, surveiller de près, protéger",1,
G1315,διαχειρίζω,,vb.,"(moy.) faire mourir, tuer",2,
G1316,διαχωρίζω,,vb.,"séparer, quitter, s’en aller",1,
G1317,διδακτικός,"-ή, -όν",adj.,propre à enseigner,2,
G1318,διδακτός,"-ή, -όν",adj.,"enseigné, instruit",3,
G1319,διδασκαλία,-ας,n. f.,doctrine ; enseignement ; instruction,21,
G1320,διδάσκαλος,-ου,n. m.,"le maître, le professeur, l'enseignant",58,2025-07-18T20:00:09.745Z
G1321,διδάσκω,aor. pass. ἐδιδάχθην,vb.,"(+A) enseigner, instruire",96,2024-11-01T08:15:49.825Z
G1322,διδαχή,-ῆς,n. f.,l'enseignement,30,2025-07-18T20:00:09.745Z
G1323,δίδραχμος,-ου,n. n.,didrachme,2,
G1324,Δίδυμος,-ου,n. pr. m.,"Didyme = «deux, jumeaux»",3,
G1325,δίδωμι,"fut. δώσω ; fut. pass. δοθήσομαι ; aor. ἔδωκα ; aor. pass. ἐδόθην ; pf. δέδωκα ; pf. pass. δέδομαι ; plpf. δεδώκειν, ἐδεδώκειν ; inf. διδόναι, δοῦναι ; ptc. διδούς, δούς, δοθείς ; impv. δός ; impf. 3sg. ἐδίδου ; subj. 3sg. δῷ, δοῖ, δώῃ ; impv. 2sg. δίδου ; opt. 3sg. δῴη",vb.,donner ; mettre ; communiquer ; payer ; prononcer ; offrir ; laisser ; jeter ; montrer ; produire ; exercer ; permettre,409,
G1326,διεγείρω,aor. διήγειρα ; aor. pass. ptc. διεγερθείς,vb.,réveiller ; élever,6,
G1327,διέξοδος,-ου,n. m.,carrefour,1,
G1328,διερμηνευτής,-οῦ,n. f.,interprète,1,
G1329,διερμηνεύω,,vb.,"expliquer, interpréter, faire comprendre",6,
G1330,διέρχομαι,fut. διελεύσομαι ; aor. διῆλθον ; pf. διελήλυθα ; inf. διελθεῖν ; ptc. διεληλυθώς,vb.,passer à travers,41,2024-11-01T08:15:49.825Z
G1331,διερωτάω,,vb.,"s’enquérir, demander",1,
G1332,διετής,-ές,adj.,l’âge de deux ans,1,
G1333,διετία,-ας,n. f.,deux ans,2,
G1334,διηγέομαι,,vb.,"raconter, parler en détail, décrire",8,
G1335,διήγησις,-εως,n. f.,"récit, narration, histoire",1,
G1336,διηνεκής,-ές,adj.,"permanent, perpétuel, perpétuité, continuellement",4,
G1337,διθάλασσος,-ον,adj.,baigné des deux côtés par la mer,1,
G1338,διϊκνέομαι,,vb.,"atteindre, pénétrer",1,
G1339,διΐστημι,"aor. διέστην ; ptc. διαστάς, διαστήσας",vb.,"passer plus loin, s’éloigner, séparer, mettre à part",3,
G1340,διϊσχυρίζομαι,,vb.,"affirmer, insister, affirmer avec force",2,
G1341,δικαιοκρισία,-ας,n. f.,juste jugement,1,
G1342,δίκαιος,"-α, -ον",adj.,juste,80,2024-11-01T08:15:49.825Z
G1343,δικαιοσύνη,-ης,n. f.,justice,92,2024-11-01T08:15:49.825Z
G1344,δικαιόω,,vb.,justifier,39,2024-11-01T08:15:49.825Z
G1345,δικαίωμα,-τος,n. n.,juste sentence ; justification ; ordonnance ; exigence,10,
G1346,δικαίως,,adv.,"justement, légitimement",5,
G1347,δικαίωσις,-εως,n. f.,justification,2,
G1348,δικαστής,-οῦ,n. f.,juge,2,
G1349,δίκη,-ης,n. f.,châtiment ; peine ; condamnation ; némésis,3,
G1350,δίκτυον,-ου,n. n.,filet de pêche,12,
G1351,δίλογος,-ον,adj.,"à deux langages, fourbe",1,2026-08-29T13:32:33.240Z
G1352,διό,,conj.,c'est pourquoi,53,2024-11-01T08:15:49.825Z
G1353,διοδεύω,,vb.,"passer, traverser, faire route",2,
G1354,Διονύσιος,-ου,n. pr. m.,"Denys = «appartenant à Dyonisos, le dieu du vin»",1,
G1355,διόπερ,,conj.,"c’est pourquoi, par conséquent",2,
G1356,διοπετής,-ές,adj.,simulacre tombé du ciel,1,2024-11-01T08:15:49.825Z
G1357,διόρθωσις,-εως,n. f.,"redressement, rétablissement, rectification, réformation",2,
G1358,διορύσσω,aor. pass. inf. διορυχθῆναι,vb.,percer,2,
G1359,Διόσκουροι,-ων,n. pr.,Dioscures = «les fils de Zeus»,1,
G1360,διότι,,conj.,"à cause de ceci, parce que, car",23,2024-11-01T08:15:49.825Z
G1361,Διοτρεφής,-ους,n. pr. m.,Diotrèphe = «nourri par Zeus»,1,
G1362,διπλοῦς,"-ῆ, -οῦν",adj.,double,4,
G1363,διπλόω,,vb.,doubler,1,
G1364,δίς,,adv.,"deux fois, deux occasions",7,
G1365,διστάζω,,vb.,douter,2,
G1366,δίστομος,-ον,adj.,à deux tranchants,3,
G1367,δισχίλιοι,"-αι, -α",adj.,deux mille,1,
G1368,διϋλίζω,,vb.,"couler, filtrer complètement",1,
G1369,διχάζω,,vb.,"jeter la division, séparer",1,
G1370,διχοστασία,-ας,n. f.,"division, dissension, éloignement",2,
G1371,διχοτομέω,,vb.,"couper en deux, châtier sévèrement, tailler en pièces",2,
G1372,διψάω,,vb.,avoir soif,16,2024-11-01T08:15:49.825Z
G1373,δίψος,-ους,n. n.,soif,1,
G1374,δίψυχος,-ον,adj.,"incertain dans ses pensées, irrésolu, instable, double de cœur",2,
G1375,διωγμός,-οῦ,n. f.,persécution,10,
G1376,διώκτης,-ου,n. m.,persécuteur,1,
G1377,διώκω,,vb.,"persécuter, courir, poursuivre, chercher, rechercher, exercer",45,2024-11-01T08:15:49.825Z
G1378,δόγμα,-τος,n. n.,ordonnance,5,
G1379,δογματίζω,,vb.,"(pass.) se soumettre à des ordonnances, des doctrines",1,
G1380,δοκέω,aor. ἔδοξα,vb.,"penser, sembler",62,2024-11-01T08:15:49.825Z
G1381,δοκιμάζω,,vb.,discerner ; essayer ; approuver,22,
G1382,δοκιμή,-ῆς,n. f.,expérience ; preuve,7,
G1383,δοκίμιον,-ου,n. m.,épreuve,2,
G1384,δόκιμος,-ον,adj.,"approuvé, éprouvé, accepté, plaisant",7,2024-11-01T08:15:49.825Z
G1385,δοκός,-οῦ,n. f.,"poutre, pièce de bois",6,
G1386,δόλιος,"-α, -ον",adj.,"trompeur, faussaire, rusé",1,
G1387,δολιόω,impf. 3pl. ἐδολιοῦσαν,vb.,"user frauduleusement, tromper, user de ruse",1,
G1388,δόλος,-ου,n. m.,fraude ; mensonge ; ruse,11,
G1389,δολόω,,vb.,"falsifier, altérer",1,
G1390,δόμα,-τος,n. n.,"don, chose bonne, présent, cadeau",4,
G1391,δόξα,-ης,n. f.,"gloire, honneur, opinion, jugement, estimation",166,2024-11-01T08:15:49.825Z
G1392,δοξάζω,,vb.,"glorifier, honorer",60,2024-11-01T08:15:49.825Z
G1393,Δορκάς,-άδος,n. pr. f.,Dorcas = «gazelle»,2,
G1394,δόσις,-εως,n. f.,don,2,
G1395,δότης,-ου,n. m.,"celui qui donne, donateur",1,
G1396,δουλαγωγέω,,vb.,tenir assujetti,1,2024-11-01T08:15:49.825Z
G1397,δουλεία,-ας,n. f.,"servitude, esclavage",5,
G1398,δουλεύω,,vb.,"être un esclave, servir",24,2024-11-01T08:15:49.825Z
G1401,δοῦλος,"-η, -ον",adj.,l'esclave,129,2025-07-21T06:56:48.323Z
G1402,δουλόω,,vb.,"asservir, rendre serviteur, réduire en esclavage",8,
G1403,δοχή,-ῆς,n. f.,"festin, fête, banquet, réception",2,
G1404,δράκων,-οντος,n. f.,"dragon, serpent très gros",13,
G1405,δράσσομαι,,vb.,prendre,1,
G1406,δραχμή,-ῆς,n. f.,drachme,3,
G1407,δρέπανον,-ου,n. m.,faucille,8,
G1408,δρόμος,-ου,n. m.,"course, carrière, activité",3,
G1409,Δρούσιλλα,-ης,n. pr. f.,Drusille = «arrosée par la rosée»,1,
G1410,δύναμαι,"aor. pass. ἠδυνάσθην, ἠδυνήθην ; impf. ἐδυν-, ἠδυν- ; opt. δυναίμην ; 2sg. δύνῃ, δύνασθε, δύνασαι",vb.,"être capable, pouvoir",209,2024-11-01T08:15:49.825Z
G1411,δύναμις,-εως,n. f.,"force, pouvoir ; miracle",119,2024-11-01T08:15:49.825Z
G1412,δυναμόω,,vb.,"fortifier, rendre fort, rendre puissant",2,
G1413,δυνάστης,-ου,n. m.,celui qui domine,3,
G1414,δυνατέω,,vb.,"être puissant, avoir le pouvoir, être capable",3,
G1415,δυνατός,"-ή, -όν",adj.,"capable, puissant, fort",32,2024-11-01T08:15:49.825Z
G1416,δύνω,aor. ἔδυν,vb.,coucher,2,
G1417,δύο,"δύο, δυσί",num.,deux,132,
G1419,δυσβάστακτος,-ον,adj.,"difficile à porter, pesant à porter",2,
G1420,δυσεντερία,-ου,n. n.,dysenterie,1,
G1421,δυσερμήνευτος,-ον,adj.,"difficile à expliquer, ardu à exposer, à interpréter",1,
G1422,δύσκολος,-ον,adj.,"difficile, ardu, pénible",1,
G1423,δυσκόλως,,adv.,"difficilement, avec difficulté, péniblement",3,
G1424,δυσμή,-ῆς,n. f.,"occident, l’ouest",5,
G1425,δυσνόητος,-ον,adj.,difficile à comprendre,1,
G1426,δυσφημία,-ας,n. f.,"mauvaise renommée, mauvaise réputation",1,
G1427,δώδεκα,,num.,douze,74,
G1428,δωδέκατος,"-η, -ον",adj.,douzième,1,
G1429,δωδεκάφυλος,-ου,n. n.,douze tribus,1,
G1430,δῶμα,-τος,n. n.,toit,7,
G1431,δωρεά,-ᾶς,n. f.,"don, présent gratuit",11,
G1432,δωρεάν,,adv.,gratuitement,9,
G1433,δωρέω,,vb.,"donner, accorder gratuitement",3,
G1434,δώρημα,-τος,n. n.,"don, présent, offrande",2,
G1435,δῶρον,-ου,n. m.,don ; offrande ; présent,19,
G1436,ἔα,,interj.,"ha!, interj. de surprise, de colère",1,
G1437,ἐάν,,cond.,"(+subj.) si, à moins que, si du moins",327,2025-07-21T06:56:48.323Z
G1438,ἑαυτοῦ,"-ῆς, -οῦ",pron.,"lui-même, elle-même, par lui-même, eux-mêmes, …",317,2024-11-01T08:15:49.825Z
G1439,ἐάω,fut. ἐάσω ; aor. εἴασα ; ptc. ἐῶν ; impf. 3sg. εἴα ; impv. 2pl. ἐᾶτε ; 3pl. εἴων,vb.,abandonner ; laisser ; permettre,11,
G1440,ἑβδομήκοντα,,num.,soixante-dix,5,
G1441,ἑβδομηκοντάκις,,adv.,"soixante-dix fois, soixante-dix occasions",1,
G1442,ἕβδομος,"-η, -ον",adj.,septième,9,2025-10-23T12:51:10.441Z
G1443,Ἐβέρ,,n. pr. m.,"Éber = «l’autre côté, la région au delà»",1,
G1445,Ἑβραῖος,-ου,adj.,un hébreu,4,2024-11-01T08:15:49.825Z
G1446,Ἑβραΐς,-ΐδος,adj.,"la langue hébraïque, l'hébreu",3,2024-11-01T08:15:49.825Z
G1447,Ἑβραϊστί,,adv.,"En hébreu, en langue hébraïque",7,
G1448,ἐγγίζω,,vb.,(+D) s'approcher ; être proche ; venir dans le voisinage,42,2025-07-21T06:56:48.323Z
G1449,ἐγγράφω,pf. pass. ἐγγέγραμμαι,vb.,"écrire, inscrire, graver",3,
G1450,ἔγγυος,-ον,adj.,"garant, personne responsable légalement, répondant",1,
G1451,ἐγγύς,,prép. / adj.,proche,30,2024-11-01T08:15:49.825Z
G1452,ἐγγύτερος,,adv.,plus près de,1,
G1453,ἐγείρω,fut. ἐγερῶ ; fut. pass. ἐγερθήσομαι ; aor. ἤγειρα ; aor. pass. ἠγέρθην ; pf. pass. ἐγήγερμαι,vb.,"relever, éveiller, ressusciter",143,2024-11-01T08:15:49.825Z
G1454,ἔγερσις,-εως,n. f.,résurrection,1,
G1455,ἐγκάθετος,-ον,adj.,"agent secret, espion, indicateur",1,
G1456,ἐγκαίνια,-ων,n. n.,dédicace,1,
G1457,ἐγκαινίζω,,vb.,"inaugurer, consacrer",2,
G1458,ἐγκαλέω,,vb.,"accuser, porter accusation, mettre en cause",7,
G1459,ἐγκαταλείπω,aor. ἐγκατέλιπον,vb.,"abandonner, laisser, délaisser",7,
G1460,ἐγκατοικέω,,vb.,"habiter, demeurer, résider",1,
G1461,ἐγκεντρίζω,,vb.,"enter, sauvage celui-là",6,
G1462,ἔγκλημα,-τος,n. n.,"accusation, inculpation, grief",2,
G1463,ἐγκομβόομαι,,vb.,"se revêtir, se ceindre",1,2024-11-01T08:15:49.825Z
G1464,ἐγκοπή,-ῆς,n. f.,"obstacle, entrave, empêchement",1,
G1465,ἐγκόπτω,aor. ἐνέκοψα,vb.,"empêcher, faire obstacle",5,2025-06-24T15:28:32.000Z
G1466,ἐγκράτεια,-ας,n. f.,"tempérance, maîtrise de soi, modération",4,
G1467,ἐγκρατεύομαι,,vb.,se maîtriser,2,
G1468,ἐγκρατής,-ές,adj.,"maître de soi, qui s’abstient",1,
G1469,ἐγκρίνω,,vb.,"se ranger, égaler",1,
G1470,ἐγκρύπτω,aor. ἐνέκρυψα,vb.,"cacher, dissimuler, enfouir",2,
G1471,ἔγκυος,-ον,adj.,enceinte,1,
G1472,ἐγχρίω,,vb.,oindre,1,
G1473,ἐγώ,-ῆς,pron.,"je, moi",2462,2024-11-01T08:15:49.825Z
G1474,ἐδαφίζω,fut. ἐδαφιῶ,vb.,"renverser par terre, faire table rase, détruire",1,
G1475,ἔδαφος,-ους,n. n.,"sol, terre",1,
G1476,ἑδραῖος,"-α, -ον",adj.,"ferme, inébranlable, résolu",3,
G1477,ἑδραίωμα,-τος,n. n.,"soutien, fondement, appui",1,
G1478,Ἐζεκίας,-ου,n. pr. m.,Ézéchias = «la puissance de l’Éternel»,2,
G1479,ἐθελοθρησκεία,-ας,n. f.,dévotion volontaire,1,
G1480,ἐθίζω,pf. pass. εἴθισμαι,vb.,"(participe) l’usage, la coutume",1,
G1481,ἐθνάρχης,-ου,n. m.,"ethnarque, gouverneur d’une province",1,
G1482,ἐθνικός,"-ή, -όν",adj.,"homme des nations, celui des nations",4,
G1483,ἐθνικῶς,,adv.,comme les nations,1,
G1484,ἔθνος,-ους,n. m.,"nation, peuple ; (pl.) les nations, les non-juifs",163,2025-07-21T06:56:48.323Z
G1485,ἔθος,-ους,n. n.,"coutume, habitude, usage",12,
G1486,ἔθω,,vb.,"avoir coutume, avoir l’habitude",4,
G1487,εἰ,,cond.,"si, soit que",506,2024-11-01T08:15:49.825Z
G1491,εἶδος,-ους,n. m.,apparence ; face ; forme ; vue,5,
G1492,εἴδω,"fut. εἰδήσω ; plpf. ᾔδειν ; inf. εἰδέναι ; subj. εἰδῶ ; pf. avec sense prés. (peut-être 2pl. ind. ou impv.) ἴστε ; ind. 3pl. οἴδασι, ἴσασι ; fem. ptc. εἰδυῖα ; masc. ptc. εἰδώς",vb.,"voir, connaître",374,2024-11-01T08:15:49.825Z
G1493,εἰδωλεῖον,-ου,n. m.,temple d’idole,1,
G1494,εἰδωλόθυτος,-ον,adj.,"viandes sacrifiées aux idoles, offert en sacrifice",10,2024-11-01T08:15:49.825Z
G1495,εἰδωλολατρεία,-ας,n. f.,idolâtrie,4,
G1496,εἰδωλολάτρης,-ου,n. m.,idolâtre,7,
G1497,εἴδωλον,-ου,n. m.,idole,11,
G1500,εἰκῆ,,adv.,en vain ; légèrement,6,
G1501,εἴκοσι,,num.,vingt,11,
G1502,εἴκω,aor. εἶξα,vb.,céder,1,
G1503,εἴκω,,vb.,"être comme, être semblable",2,
G1504,εἰκών,-όνος,n. f.,image,23,
G1505,εἰλικρίνεια,-ας,n. f.,"sincérité, pureté",3,
G1506,εἰλικρινής,-ές,adj.,"pur, sain, sincère, non souillé",2,2024-11-01T08:15:49.825Z
G1510,εἰμί,"fut. ἔσομαι ; impf. ἦν, ἤμην ; inf. εἶναι ; prés. 3pl. ἔστωσαν ; prés. impv. ἴσθι, ἔστω, ἤτω",vb.,être,2458,2025-07-21T07:02:35.007Z
G1514,εἰρηνεύω,,vb.,"être en paix, vivre en paix",4,
G1515,εἰρήνη,-ης,n. f.,paix,92,2024-11-01T08:15:49.825Z
G1516,εἰρηνικός,"-ή, -όν",adj.,paisible,2,
G1517,εἰρηνοποιέω,,vb.,"faire la paix, procurer la paix",1,
G1518,εἰρηνοποιός,-όν,adj.,"celui qui fait la paix, pacificateur",1,
G1519,εἰς,,prép.,"(+A) vers, dans (+mvmt.), en vue de",1757,2025-07-21T07:02:35.007Z
G1520,εἷς,"μία, -ἕν, ἑνός, μιᾶς, ἑνός",num.,"un, quelqu'un",336,2024-11-01T08:15:49.825Z
G1521,εἰσάγω,aor. εἰσήγαγον,vb.,amener ; faire entrer,11,
G1522,εἰσακούω,,vb.,(pass.) exaucer ; ecouter,5,
G1523,εἰσδέχομαι,,vb.,"recevoir, accueillir",1,
G1524,εἴσειμι,inf. εἰσιέναι ; prés. 3pl. εἰσίασιν ; impf. 3sg. εἰσῄει,vb.,"entrer, pénétrer",4,
G1525,εἰσέρχομαι,fut. εἰσελεύσομαι ; aor. εἰσῆλθον ; pf. εἰσελήλυθα,vb.,entrer,191,2024-11-01T08:15:49.825Z
G1528,εἰσκαλέω,,vb.,"faire entrer, inviter chez soi",1,
G1529,εἴσοδος,-ου,n. m.,"arrivée, venue, entrée",5,
G1530,εἰσπηδάω,,vb.,"s’élancer, se précipiter",1,
G1531,εἰσπορεύω,,vb.,"entrer, pénétrer, s’introduire, aller, venir",18,
G1532,εἰστρέχω,aor. ptc. fem. εἰσδραμοῦσα,vb.,"rentrer en courant, courir vers l’intérieur",1,
G1533,εἰσφέρω,aor. εἰσήνεγκον ; inf. εἰσενεγκεῖν,vb.,apporter dans ; introduire ; porter ; exposer,8,
G1534,εἶτα,,adv.,"ensuite, alors",15,
G1535,εἴτε,,cond.,"si … si, soit que … ou",65,2024-11-01T08:15:49.825Z
G1537,ἐκ,ἐξ,prép.,"(+G) de, hors de, par le moy. de, sur la base de",912,2025-07-21T07:02:35.007Z
G1538,ἕκαστος,"-η, -ον",adj.,"chacun, chaque",81,2024-11-01T08:15:49.825Z
G1539,ἑκάστοτε,,adv.,"en tout temps, à chaque occasion, à tout moment",1,
G1540,ἑκατόν,,num.,cent,17,
G1541,ἑκατονταέτης,-ές,adj.,"âgé de cent ans, centenaire",1,
G1542,ἑκατονταπλασίων,-ον,adj.,"cent fois autant, au centuple",3,
G1543,ἑκατόνταρχος,-ου,n. m.,centurion,20,
G1544,ἐκβάλλω,fut. ἐκβαλῶ ; fut. pass. ἐκβληθήσομαι ; aor. ἐξέβαλον ; aor. pass. ἐξεβλήθην ; plpf. ἐκβεβλήκειν,vb.,"jeter dehors, pousser dehors, renvoyer",81,2024-11-01T08:15:49.825Z
G1545,ἔκβασις,-εως,n. f.,issue,2,
G1546,ἐκβολή,-ῆς,n. f.,"jeter hors de, délester",1,2024-11-01T08:15:49.825Z
G1549,ἔκγονος,-ον,adj.,"descendant, petit-enfant",1,
G1550,ἐκδαπανάω,,vb.,"(pass.) être entièrement dépensé, se dévouer entièrement",1,
G1551,ἐκδέχομαι,,vb.,"attendre, espérer, désirer la venue",6,
G1552,ἔκδηλος,-ον,adj.,"manifeste, évident, notoire",1,
G1553,ἐκδημέω,,vb.,"être absent, s’en aller, partir, demeurer loin",3,
G1554,ἐκδίδωμι,,vb.,"louer, affermer, donner à bail",4,
G1555,ἐκδιηγέομαι,,vb.,"raconter, décrire en détail, exposer en détail",2,
G1556,ἐκδικέω,,vb.,faire justice ; venger ; tirer vengeance,6,
G1557,ἐκδίκησις,-εως,n. f.,justice ; punition ; vengeance,9,
G1558,ἔκδικος,-ον,adj.,"vengeur, qui punit",2,
G1559,ἐκδιώκω,,vb.,chasser par la persécution,1,
G1560,ἔκδοτος,-ον,adj.,ayant été livré,1,
G1561,ἐκδοχή,-ῆς,n. f.,"attente, expectative",1,
G1562,ἐκδύω,,vb.,"dépouiller, ôter, dévêtir, ôter les vêtements",5,
G1563,ἐκεῖ,,adv.,"ici, là, à cet endroit",95,2025-07-21T07:02:35.007Z
G1564,ἐκεῖθεν,,adv.,"d'ici, de là, de ce lieu",27,2025-07-21T07:02:35.007Z
G1565,ἐκεῖνος,"-η, -ο",dém.,"celui-là, celle-là..",243,2024-11-01T08:15:49.825Z
G1566,ἐκεῖσε,,adv.,"là, là-bas",2,
G1567,ἐκζητέω,,vb.,rechercher ; redemander ; s’informer,7,
G1568,ἐκθαμβέω,,vb.,"épouvanter, saisir de stupeur, d’effroi",4,
G1569,ἔκθαμβος,-ον,adj.,"étonné, émerveillé",1,
G1570,ἔκθετος,-ον,adj.,exposé,1,
G1571,ἐκκαθαίρω,aor. impv. ἐκκαθάρατε,vb.,"purifier, nettoyer entièrement, se séparer, ôter",2,
G1572,ἐκκαίω,,vb.,"embraser, enflammer",1,
G1573,ἐκκακέω,,vb.,se lasser ; perdre courage,6,
G1574,ἐκκεντέω,,vb.,"percer, transpercer",2,
G1575,ἐκκλάω,,vb.,"arracher, écarter en brisant, élaguer",3,
G1576,ἐκκλείω,,vb.,"exclure, écarter, ôter",2,
G1577,ἐκκλησία,-ας,n. f.,"l'assemblée, l'Église",114,2025-07-21T07:02:35.007Z
G1578,ἐκκλίνω,,vb.,"s’éloigner, se détourner",2,
G1579,ἐκκολυμβάω,,vb.,"se sauver à la nage, s’échapper en nageant",1,
G1580,ἐκκομίζω,,vb.,"porter dehors, porter en terre",1,
G1581,ἐκκόπτω,fut. pass. ἐκκοπήσομαι ; aor. pass. ἐξεκόπην,vb.,"couper, retrancher, abattre",10,
G1582,ἐκκρεμάννυμι,,vb.,"(moy.) être suspendu, écouter très attentivement",1,
G1583,ἐκλαλέω,,vb.,"divulguer, dire, révéler",1,
G1584,ἐκλάμπω,,vb.,"resplendir, briller vivement, luire",1,
G1585,ἐκλανθάνω,pf. ἐκλέλησμαι,vb.,(pass.) oublier entièrement,1,
G1586,ἐκλέγομαι,,vb.,"choisir, sélectionner, élire",21,2026-02-26T15:05:24.508Z
G1587,ἐκλείπω,aor. subj. ἐκλίπω,vb.,"défaillir, cesser, manquer",4,
G1588,ἐκλεκτός,"-ή, -όν",adj.,"élu, choisi, désigné",22,
G1589,ἐκλογή,-ῆς,n. f.,élection,7,
G1590,ἐκλύω,,vb.,"affaiblir, relâcher, épuiser",5,2024-11-01T08:15:49.825Z
G1591,ἐκμάσσω,aor. ἐξέμαξα,vb.,essuyer,5,
G1592,ἐκμυκτηρίζω,,vb.,"se moquer, mépriser durement, se railler",2,
G1593,ἐκνεύω,,vb.,"plier vers un côté, s’en aller au loin, s’échapper",1,2024-11-01T08:15:49.825Z
G1594,ἐκνήφω,,vb.,"revenir à soi d’une ivresse, devenir sobre",1,2024-11-01T08:15:49.825Z
G1595,ἑκούσιος,"-α, -ον",adj.,"volontaire, sans obligation",1,
G1596,ἑκουσίως,,adv. / adj.,"volontairement, délibérément",2,
G1597,ἔκπαλαι,,adv.,"jadis, autrefois, depuis longtemps",2,
G1598,ἐκπειράζω,,vb.,"tenter, tester, éprouver",4,
G1599,ἐκπέμπω,,vb.,envoyer,2,
G1600,ἐκπετάζω,aor. ἐξεπέτασα,vb.,"étendre, tendre",1,
G1601,ἐκπίπτω,aor. ἐξέπεσον ; pf. ἐκπέπτωκα ; inf. ἐκπεσεῖν,vb.,tomber ; périr ; déchoir ; être sans effet,10,
G1602,ἐκπλέω,aor. ἐξέπλευσα ; inf. ἐκπλεῦσαι,vb.,"partir à force de voiles, partir par bateau, naviguer",3,
G1603,ἐκπληρόω,,vb.,"accomplir, remplir entièrement",1,
G1604,ἐκπλήρωσις,-εως,n. f.,"accomplissement, action de remplir, achèvement",1,
G1605,ἐκπλήσσω,,vb.,(pass.) être étonné ; saisir,13,
G1606,ἐκπνέω,aor. ἐξέμευσα,vb.,"expirer, mourir, s’éteindre",3,
G1607,ἐκπορεύομαι,,vb.,"sortir, se rendre, s’en aller, partir",32,2025-07-21T07:13:06.612Z
G1608,ἐκπορνεύω,,vb.,"s’abandonner à la fornication, se prostituer",1,
G1609,ἐκπτύω,,vb.,"rejeter, rejeter avec dégoût, avoir en horreur",1,
G1610,ἐκριζόω,,vb.,déraciner,4,
G1611,ἔκστασις,-εως,n. f.,admiration ; étonnement ; extase ; trouble,7,
G1612,ἐκστρέφω,,vb.,"(pass.) être perverti, se détourner, être dévoyé",1,
G1613,ἐκταράσσω,,vb.,"mettre tout en trouble, troubler, agiter, troubler grandement",1,
G1614,ἐκτείνω,fut. ἐκτενῶ ; aor. ἐξέτεινα,vb.,étendre ; jeter au loin,16,
G1615,ἐκτελέω,,vb.,"achever, finir complètement",2,
G1616,ἐκτένεια,-ας,n. f.,"intensité, ardeur, ferveur, avec ardeur, avec ferveur",1,
G1617,ἐκτενέστερον,-ές,adj.,plus instamment,1,
G1618,ἐκτενής,,adj.,"instant, pressant, fervent",1,
G1619,ἐκτενῶς,,adv.,"ardemment, avec ferveur, intensément",2,
G1620,ἐκτίθημι,,vb.,(moy.) expliquer ; exposer,4,
G1621,ἐκτινάσσω,,vb.,secouer,4,
G1622,ἐκτός,,prép.,à l’exclusion ; hors,8,
G1623,ἕκτος,"-η, -ον",adj.,sixième,14,
G1624,ἐκτρέπω,,vb.,"(moy.) se détourner, éviter ; (pass.) se démettre",5,2026-08-29T13:32:33.240Z
G1625,ἐκτρέφω,,vb.,nourrir ; élever,2,
G1626,ἔκτρωμα,-τος,n. n.,"avorton, fœtus né prématurément",1,
G1627,ἐκφέρω,fut. ἐξοίσω ; aor. ἐξήνεγκα ; inf. ἐξενεγκεῖν,vb.,apporter dehors ; emporter ; porter,8,
G1628,ἐκφεύγω,aor. ἐξέφυγον ; inf. ἐκφυγεῖν,vb.,s’échapper ; échapper à,8,
G1629,ἐκφοβέω,,vb.,"effrayer, terrifier",1,
G1630,ἔκφοβος,-ον,adj.,"épouvanté, saisi de crainte, frappé de terreur",2,
G1631,ἐκφύω,,vb.,"pousser, produire",2,
G1632,ἐκχέω,fut. ἐκχεῶ ; fut. pass. ἐκχυθήσομαι ; aor. ἐξέχεα ; aor. pass. ἐξεχύθην ; pf. pass. ἐκκέχυμαι ; inf. ἐκχέαι,vb.,"verser, répandre",27,2024-11-01T08:15:49.825Z
G1633,ἐκχωρέω,,vb.,"se retirer, quitter un endroit, s’en aller",1,
G1634,ἐκψύχω,,vb.,"expirer, mourir, rendre l’âme",3,
G1635,ἑκών,"-οῦσα, -όν",adj.,"de bonne volonté, de plein gré",2,
G1636,ἐλαία,-ας,n. f.,olive ; olivier,4,
G1637,ἔλαιον,-ου,n. m.,"huile, huile aromatique",11,
G1638,ἐλαιών,-ῶνος,n. pr. m.,olive,11,
G1639,Ἐλαμίτης,-ου,adj.,Élamite,1,2024-11-01T08:15:49.825Z
G1640,ἐλάσσων,-ον,adj.,"petit, moins important",4,
G1641,ἐλαττονέω,,vb.,ne pas avoir moins,1,
G1642,ἐλαττόω,,vb.,"faire moindre, rendre inférieur, diminuer",3,
G1643,ἐλαύνω,pf. ἐλήλακα,vb.,emporter ; pousser ; ramer,5,
G1644,ἐλαφρία,-ας,n. f.,"légèreté, de sérieux",1,
G1645,ἐλαφρός,"-ά, -όν",adj.,"léger, facile à porter",2,
G1646,ἐλάχιστος,"-η, -ον",adj. sup.,"le plus petit, le moindre",14,2025-07-21T07:13:06.612Z
G1648,Ἐλεάζαρ,,n. pr. m.,Éléazar = «secours de Dieu»,2,
G1649,ἔλεγξις,-εως,n. f.,"recevoir un blâme, blâmer, réprimander",1,
G1650,ἔλεγχος,-ου,n. m.,"conviction, preuve, démonstration",1,
G1651,ἐλέγχω,aor. pass. ἠλέγχθην,vb.,reprendre ; convaincre ; réfuter,17,
G1652,ἐλεεινός,"-ή, -όν",adj.,misérable,2,
G1653,ἐλεέω,,vb.,"avoir pitié, faire miséricorde",31,2024-11-01T08:15:49.825Z
G1654,ἐλεημοσύνη,-ης,n. f.,aumône,13,
G1655,ἐλεήμων,"-ον, -ονος",adj.,miséricordieux,2,
G1656,ἔλεος,-ους,n. m.,"la pitié, la miséricorde",27,2025-07-21T07:13:06.612Z
G1657,ἐλευθερία,-ας,n. f.,liberté,11,2024-11-01T08:15:49.825Z
G1658,ἐλεύθερος,"-α, -ον",adj.,libre,23,2024-11-01T08:15:49.825Z
G1659,ἐλευθερόω,,vb.,"affranchir, rendre libre",7,
G1660,ἔλευσις,-εως,n. f.,"venue, arrivée",1,
G1661,ἐλεφάντινος,"-η, -ον",adj.,en ivoire,1,
G1662,Ἐλιακείμ,,n. pr. m.,Éliakim = «celui que Dieu établit»,3,
G1663,Ἐλιέζερ,,n. pr. m.,Éliézer = «Dieu est un secours»,1,
G1664,Ἐλιούδ,,n. pr. m.,Éliud = «Dieu de louange»,2,
G1665,Ἐλισάβετ,,n. pr. f.,Élisabeth = «Dieu du serment»,9,
G1666,Ἐλισσαῖος,-ου,n. pr. m.,Élisée = «Dieu est sauveur»,1,
G1667,ἑλίσσω,,vb.,"plier, rouler, enrouler",2,
G1668,ἕλκος,-ους,n. n.,"ulcère, blessure, plaie purulente",3,
G1669,ἑλκόω,,vb.,(pass.) être tout couvert d’ulcères,1,
G1670,ἑλκύω,fut. ἑλκύσω ; aor. εἵλκυσα ; impf. εἷλκον ; subj. 3sg. ἑλκύσῃ,vb.,"attirer, tirer, retirer, traîner",8,2024-11-01T08:15:49.825Z
G1671,Ἑλλάς,-άδος,n. pr. f.,"Grèce = «instable: argileuse, souple»",1,
G1672,Ἕλλην,-ηνος,adj.,"le Grec, le païen",25,2025-07-21T07:13:06.612Z
G1673,Ἑλληνικός,"-ή, -όν",adj.,"Grec, langage grec",1,
G1674,Ἑλληνίς,-ίδος,n. pr. f.,"Grec, Grecque, grec, grecque",2,
G1675,Ἑλληνιστής,-οῦ,adj.,Helléniste,3,
G1676,Ἑλληνιστί,,adv.,"Langue grecque, en grec",2,
G1677,ἐλλογέω,,vb.,"mettre au compte de, imputer, attribuer",2,2026-08-29T13:32:33.240Z
G1678,Ἐλμωδάμ,,n. pr. m.,Elmadan = «mesure»,1,
G1679,ἐλπίζω,fut. ἐλπιῶ ; aor. ἤλπισα ; pf. ἤλπικα,vb.,"espérer, aspirer à",31,2024-11-01T08:15:49.825Z
G1680,ἐλπίς,-ίδος,n. f.,l'espérance,53,2025-07-21T07:13:06.612Z
G1681,Ἐλύμας,-α,n. pr. m.,Élymas = «un homme sage»,1,
G1682,ἐλωΐ,,aram. / n.,Éloï = «mon Dieu»,2,
G1683,ἐμαυτοῦ,-ῆς,pron.,moi-même,37,2024-11-01T08:15:49.825Z
G1684,ἐμβαίνω,aor. ἐνέβην ; inf. ἐμβῆναι ; ptc. ἐμβάς,vb.,entrer ; monter ; remonter,16,
G1685,ἐμβάλλω,aor. inf. ἐμβαλεῖν,vb.,jeter dans,1,
G1686,ἐμβάπτω,aor. ptc. ἐμβάψας,vb.,"tremper, plonger, mettre dans",2,
G1687,ἐμβατεύω,,vb.,"s’ingérer, faire des recherches, scruter minutieusement",1,
G1688,ἐμβιβάζω,,vb.,"faire monter, embarquer",1,
G1689,ἐμβλέπω,,vb.,"voir, regarder",11,
G1690,ἐμβριμάομαι,,vb.,parler sévèrement ; reprendre sévèrement ; frémir,5,
G1692,ἐμέω,,vb.,vomir,1,
G1693,ἐμμαίνομαι,,vb.,"être transporté de fureur contre, être furieux contre",1,
G1694,Ἐμμανουήλ,,n. pr.,Emmanuel = «Dieu avec nous»,1,
G1695,Ἐμμαούς,,n. pr. f.,Emmaüs = «bains chauds»,1,
G1696,ἐμμένω,aor. ἐνέμεινα,vb.,"persévérer, continuer fermement",4,
G1697,Ἐμμόρ,,n. pr. m.,Hémor = «un âne»,1,
G1699,ἐμός,"-ή, -όν",poss.,"mon, ma, mien",72,2024-11-01T08:15:49.825Z
G1700,ἐμοῦ,,pron.,"moi, mon, mien",113,2025-07-21T07:13:06.612Z
G1701,ἐμπαιγμός,-οῦ,n. f.,moquerie,1,
G1702,ἐμπαίζω,aor. ἐνέπαιξα ; aor. pass. ἐνεπαίχθην,vb.,se jouer ; se moquer,13,
G1703,ἐμπαίκτης,-ου,n. m.,moqueur,2,2025-06-12T09:32:45.000Z
G1704,ἐμπεριπατέω,,vb.,"marcher, circuler parmi",1,
G1705,ἐμπίμπλημι,aor. ἐνέπλησα ; aor. pass. ἐνεπλήσθην ; pf. pass. ἐμπέπλησμαι,vb.,rassasier ; remplir ; (pass.) jouir,5,
G1706,ἐμπίπτω,fut. ἐμπεσοῦμαι ; aor. ἐνέπεσον,vb.,tomber,7,
G1707,ἐμπλέκω,,vb.,"enlacer, entortiller, emmêler, s’embarasser",2,
G1708,ἐμπλοκή,-ῆς,n. f.,tressé,1,
G1709,ἐμπνέω,,vb.,"respirer, inhaler, être animé par",1,
G1710,ἐμπορεύομαι,,vb.,"faire trafic, faire des affaires",2,
G1711,ἐμπορία,-ας,n. f.,"trafic, commerce, marchandise",1,
G1712,ἐμπόριον,-ου,n. n.,"trafic, marché, magasin, commerce",1,
G1713,ἔμπορος,-ου,n. m.,marchand,5,
G1714,ἐμπρήθω,aor. ἐνέπρησα,vb.,"brûler, mettre en feu, incendier",1,
G1715,ἔμπροσθεν,,prép.,"(+G) devant, en la présence, en face, avant",48,2025-07-21T07:13:06.612Z
G1716,ἐμπτύω,,vb.,cracher,6,
G1717,ἐμφανής,-ές,adj.,"manifesté, rendu apparent, connu",2,
G1718,ἐμφανίζω,,vb.,(pass.) apparaître ; déclarer ; manifester ; montrer clairement ; porter plainte ; proposer,10,
G1719,ἔμφοβος,-ον,adj.,rempli ; tout effrayé ; épouvanté,5,
G1720,ἐμφυσάω,,vb.,"souffler en, souffler sur",1,
G1721,ἔμφυτος,-ον,adj.,implanté,1,
G1722,ἐν,,prép.,"(+D) dans, en",2728,
G1723,ἐναγκαλίζομαι,,vb.,prendre entre ses bras,2,
G1724,ἐνάλιος,,adj.,animal marin,1,
G1725,ἔναντι,,prép.,"devant, en présence",2,
G1726,ἐναντίον,,prép.,"devant, auprès",5,
G1727,ἐναντίος,"-α, -ον",adj.,contraire ; celui qui s’oppose,8,
G1728,ἐνάρχομαι,,vb.,"commencer, débuter",2,
G1729,ἐνδεής,-ές,adj.,"nécessiteux, indigent, pauvre",1,
G1730,ἔνδειγμα,-τος,n. n.,preuve,1,2025-07-10T15:07:07.000Z
G1731,ἐνδείκνυμι,,vb.,"(moy.) montrer, faire connaître, manifester, démontrer",10,
G1732,ἔνδειξις,-εως,n. f.,"démonstration, preuve, indice",4,
G1733,ἕνδεκα,,num.,onze,6,
G1734,ἑνδέκατος,"-η, -ον",adj.,onzième,3,
G1735,ἐνδέχομαι,,vb.,"(pass.) être possible, être acceptable, être permis",1,
G1736,ἐνδημέω,,vb.,"être présent, rester, demeurer",3,
G1737,ἐνδιδύσκω,,vb.,revêtir ; (moy.) se revêtir,2,
G1738,ἔνδικος,-ον,adj.,selon le droit,2,
G1739,ἐνδόμησις,,n. f.,"fondement, assise",1,
G1740,ἐνδοξάζομαι,,vb.,"glorifier, magnifier, louer",2,
G1741,ἔνδοξος,-ον,adj.,"glorieux, merveilleux, magnifique, digne de louange, honoré, estimé",4,
G1742,ἔνδυμα,-τος,n. n.,habit ; robe ; vêtement,8,
G1743,ἐνδυναμόω,,vb.,fortifier ; (pass.) se fortifier,7,
G1744,ἐνδύνω,,vb.,"s’introduire, se glisser, s’insinuer",1,
G1745,ἔνδυσις,-εως,n. f.,"habillement, ensemble de vêtements",1,
G1746,ἐνδύω,,vb.,revêtir ; (moy.) être vêtu ; (moy.) porter ; (moy.) se vêtir,27,
G1747,ἐνέδρα,,n. f.,"embûche, embuscade, guet-apens",2,
G1748,ἐνεδρεύω,,vb.,"dresser, tendre des pièges, dresser un guet-apens",2,
G1750,ἐνειλέω,,vb.,"envelopper, enrouler",1,
G1751,ἔνειμι,ptc. ἑνών,vb.,"être dans, avoir",1,
G1752,ἕνεκα,,prép.,"(+G) pour l’amour de, en raison de",26,
G1753,ἐνέργεια,-ας,n. f.,"opération, action puissante, énergie, activité, force",8,
G1754,ἐνεργέω,,vb.,(moy.) agir ; opérer ; s’opérer,21,
G1755,ἐνέργημα,-τος,n. n.,"opération, effet produit, activité",2,
G1756,ἐνεργής,-ές,adj.,"efficace, favorable à l’activité, opérant",3,
G1757,ἐνευλογέομαι,,vb.,(pass.) être béni,2,
G1758,ἐνέχω,,vb.,"en vouloir à, garder de la rancune contre ; presser, s'acharner contre ; (pass.) être retenu, se mettre sous",3,2024-11-01T08:15:49.825Z
G1759,ἐνθάδε,,adv.,"ici, là",8,
G1760,ἐνθυμέομαι,,vb.,"penser, raisonner, réfléchir, méditer",2,
G1761,ἐνθύμησις,-εως,n. f.,"pensée, raisonnement, réflexion, imagination",4,
G1762,ἔνι,,vb.,il y a,6,
G1763,ἐνιαυτός,-οῦ,n. f.,année,14,
G1764,ἐνίστημι,"fut. moy. ἐνστήσομαι ; pf. ἐνέστηκα ; ptc. ἐνεστηκώς, ἐνεστώς",vb.,"être présent, être proche, être imminent, survenir",7,
G1765,ἐνισχύω,,vb.,"fortifier, redonner des forces, reprendre des forces",2,
G1766,ἔννατος,"-η, -ον",adj.,"neuvième, un nombre ord.",10,
G1767,ἐννέα,,num.,neuf,5,2025-07-21T07:15:42.107Z
G1768,ἐνενήκοντα,,num.,quatre-vingt-dix-neuf,4,
G1769,ἐννεός,,adj.,"tout interdit, incapable de parler, muet, stupéfait",1,
G1770,ἐννεύω,,vb.,faire signe,1,
G1771,ἔννοια,-ας,n. f.,"pensée, considération, conviction, intention",2,
G1772,ἔννομος,-ον,adj. / adv.,"légal, licite, soumis",2,
G1773,ἔννυχος,,adv.,longtemps avant le jour,1,
G1774,ἐνοικέω,,vb.,"habiter dans, demeurer dans",4,
G1775,ἑνότης,-ητος,n. f.,"unité, unanimité, même accord",2,
G1776,ἐνοχλέω,,vb.,"troubler, déranger",2,
G1777,ἔνοχος,-ον,adj.,"lié, sous une obligation, coupable de, responsable de",10,2024-11-01T08:15:49.825Z
G1778,ἔνταλμα,-ατος,n. n.,"commandement, injonction, précepte",3,
G1779,ἐνταφιάζω,,vb.,"ensevelir, embaumer, mettre au tombeau",2,
G1780,ἐνταφιασμός,-οῦ,n. f.,"mise au tombeau, sépulture, ensevelissement",2,
G1781,ἐντέλλω,fut. ἐντελοῦμαι ; aor. ἐνετειλάμην ; pf. ἐντέταλμαι ; ptc. ἐντειλάμενος,vb.,"donner un ou des ordres, ordonner, commander, enjoindre",14,
G1782,ἐντεῦθεν,,adv.,de chaque côté,10,
G1783,ἔντευξις,-εως,n. f.,"intercession, prière",2,
G1784,ἔντιμος,-ον,adj.,d’une grande valeur ; en honneur ; fort cher,5,
G1785,ἐντολή,-ῆς,n. f.,"le commandement, le précepte",68,2025-07-21T07:15:42.107Z
G1786,ἐντόπιος,"-α, -ον",adj.,celui (qui est) du lieu,1,
G1787,ἐντός,,prép.,"au milieu, à l’intérieur, parmi",2,
G1788,ἐντρέπω,fut. pass. ἐντραπήσομαι ; aor. pass. ἐνετράπην,vb.,faire honte ; respecter,9,
G1789,ἐντρέφω,,vb.,"(pass.) être élevé, être instruit",1,2026-08-29T13:32:33.240Z
G1790,ἔντρομος,-ον,adj.,"tout tremblant, tout craintif, terrifié",3,
G1791,ἐντροπή,-ῆς,n. f.,"honte, retour sur soi-même, regard en arrière, humiliation, déshonneur",2,
G1792,ἐντρυφάω,,vb.,"s’abandonner aux délices, se délecter, se complaire",1,
G1793,ἐντυγχάνω,aor. ἐνέτυχον,vb.,faire requête ; intercéder ; solliciter,5,
G1794,ἐντυλίσσω,,vb.,"envelopper, entourer, recouvrir, plier, enrouler",3,
G1795,ἐντυπόω,,vb.,graver,1,
G1796,ἐνυβρίζω,,vb.,"outrager, insulter",1,
G1797,ἐνυπνιάζομαι,,vb.,"songer, rêver",2,2024-11-01T08:15:49.825Z
G1798,ἐνύπνιον,-ου,n. m.,"songe, rêve",1,
G1799,ἐνώπιον,,prép.,"(+G) en la présence, devant, en face",94,2025-07-21T07:15:42.107Z
G1800,Ἐνώς,,n. pr. m.,Énos = «homme mortel»,1,
G1801,ἐνωτίζομαι,,vb.,"prêter l’oreille, ouvrir l’oreille, écouter",1,
G1802,Ἑνώχ,,n. pr. m.,Énoch = «dédié»,3,
G1803,ἕξ,,num.,six,12,
G1804,ἐξαγγέλλω,aor. ἐξήγγειλα,vb.,"dire clairement, déclarer au loin, divulguer, publier, annoncer",1,2024-11-01T08:15:49.825Z
G1805,ἐξαγοράζω,,vb.,racheter ; (moy.) saisir,4,
G1806,ἐξάγω,aor. ἐξήγαγον,vb.,conduire dehors ; emmener ; faire sortir ; mener,12,
G1807,ἐξαιρέω,aor. ἐξεῖλον ; aor. moy. ἐξειλάμην ; inf. ἐξελέσθαι ; impv. ἔξελε,vb.,"délivrer, enlever, arracher",8,
G1808,ἐξαίρω,aor. impv. 2pl. ἐξάρατε,vb.,"ôter, enlever d’un endroit",1,
G1809,ἐξαιτέω,,vb.,"(moy.) demander à avoir, réclamer pour soir, revendiquer",1,
G1810,ἐξαίφνης,,adv.,"tout à coup, soudainement, à l’improviste",5,
G1811,ἐξακολουθέω,,vb.,"suivre, imiter",3,
G1812,ἑξακόσιοι,"-αι, -α",adj.,"mille six cents, un nombre",2,
G1813,ἐξαλείφω,,vb.,"effacer, enlever complètement, essuyer",5,
G1814,ἐξάλλομαι,,vb.,"faire un saut, bondir, sauter",1,
G1815,ἐξανάστασις,-εως,n. f.,résurrection,1,
G1816,ἐξανατέλλω,aor. ἐξανέτειλα,vb.,"lever, pousser",2,
G1817,ἐξανίστημι,aor. ἐξανέστησα ; subj. 3sg. ἐξαναστήσῃ,vb.,"susciter, produire, se lever",3,
G1818,ἐξαπατάω,,vb.,séduire ; abuser,6,
G1819,ἐξάπινα,,adv.,"aussitôt, soudainement, de façon inattendue",1,
G1820,ἐξαπορέω,,vb.,"être désespéré, être sans ressource",2,
G1821,ἐξαποστέλλω,fut. ἐξαποστελῶ ; aor. ἐξαπέστειλα ; aor. pass. ἐξαπεστάλην,vb.,envoyer ; renvoyer,12,
G1822,ἐξαρτίζω,,vb.,"accomplir, compléter, préparer",2,
G1823,ἐξαστράπτω,,vb.,"resplendissant comme un éclair, brillant, éclatant",1,
G1824,ἐξαυτῆς,,adv.,"aussitôt, tout de suite, sur-le-champ, à l’instant",6,
G1825,ἐξεγείρω,fut. ἐξεγερῶ ; aor. ἐξήγειρα,vb.,"ressusciter, susciter",2,
G1826,ἔξειμι,inf. ἐξιέναι ; ptc. ἐξιών ; impf. 3pl. ἐξῄεσαν,vb.,partir ; gagner,4,
G1828,ἐξέλκω,,vb.,"entraîner, attirer loin",1,
G1829,ἐξέραμα,-τος,n. n.,ce qui est vomi,1,
G1830,ἐξερευνάω,,vb.,"rechercher, chercher, investiguer",1,2024-11-01T08:15:49.825Z
G1831,ἐξέρχομαι,fut. ἑξελεύσομαι ; aor. ἐξῆλθον ; pf. ἐξελήλυθα,vb.,sortir,217,2024-11-01T08:15:49.825Z
G1832,ἔξεστι,,vb.,il est permis,31,2024-11-01T08:15:49.825Z
G1833,ἐξετάζω,,vb.,"s’enquérir, s’informer, questionner, demander",3,
G1834,ἐξηγέομαι,,vb.,"raconter, révéler, faire connaître",6,
G1835,ἑξήκοντα,,num.,soixante,9,
G1836,ἑξῆς,,adv.,"suivant, dans l’ordre, successivement",5,
G1837,ἐξηχέω,,vb.,"retentir, résonner",1,
G1838,ἕξις,-εως,n. f.,"le fait de l’habitude, pratique, expérience",1,
G1839,ἐξίστημι,"aor. ἐξέστην, ἐξέστησα ; pf. inf. ἐξεστακέναι ; impf. moy. ἐξιστάμην",vb.,être étonné ; être hors de sens ; être saisi d’une grande admiration,17,
G1840,ἐξισχύω,,vb.,"être capable, avoir la force",1,
G1841,ἔξοδος,-ου,n. m.,"sortie, exode, départ, mort",3,
G1842,ἐξολοθρεύω,,vb.,"exterminer, détruire complètement",1,
G1843,ἐξομολογέομαι,,vb.,confesser ; louer ; célébrer ; s’engager,10,
G1844,ἐξορκίζω,,vb.,"adjurer, faire prêter serment, faire jurer, ordonner",1,
G1845,ἐξορκιστής,-οῦ,n. f.,"exorciste, individu qui chasse, ou prétend chasser",1,
G1846,ἐξορύσσω,,vb.,"percer, arracher",2,
G1847,ἐξουδενόω,,vb.,être chargé de mépris,1,
G1848,ἐξουθενέω,,vb.,mépriser ; être peu estimé,10,
G1849,ἐξουσία,-ας,n. f.,"autorité, pouvoir",102,2024-11-01T08:15:49.825Z
G1850,ἐξουσιάζω,,vb.,disposer ; exercer l’autorité ; laisser asservir,4,
G1851,ἐξοχή,-ῆς,n. f.,"prééminence, excellence, élite",1,
G1852,ἐξυπνίζω,,vb.,"éveiller, réveiller, tirer du sommeil",1,
G1853,ἔξυπνος,-ον,adj.,"éveillé, réveillé, tiré du sommeil",1,
G1854,ἔξω,,prép.,"(+G) hors de, en dehors",62,2025-07-21T07:15:42.107Z
G1855,ἔξωθεν,,prép.,"extérieur, du dehors, en dehors",13,
G1856,ἐξωθέω,"aor. ἐξῶσα ; inf. ἐξῶσαι, ἐξέωσαι",vb.,"chasser, chasser dehors, repousser, faire sortir, faire échouer",2,
G1857,ἐξώτερος,"-α, -ον",adj.,"extérieur, de dehors",3,
G1858,ἑορτάζω,,vb.,célébrer la fête,1,
G1859,ἑορτή,-ῆς,n. f.,la fête,25,2025-07-21T07:15:42.107Z
G1860,ἐπαγγελία,-ας,n. f.,la promesse,52,2025-07-21T07:15:42.107Z
G1861,ἐπαγγέλλω,aor. ἐπηγγειλάμην ; pf. ἐπήγγελμαι,vb.,faire profession ; promettre,15,
G1862,ἐπάγγελμα,-τος,n. n.,promesse faite,2,
G1863,ἐπάγω,ptc. ἐπάξας ; aor. inf. ἐπαγαγεῖν,vb.,"venir, faire retomber",3,
G1864,ἐπαγωνίζομαι,,vb.,"combattre pour, lutter pour",1,
G1865,ἐπαθροίζομαι,,vb.,s’amasser,1,
G1866,Ἐπαίνετος,-ου,n. pr. m.,Épaïnète = «digne de louange»,1,
G1867,ἐπαινέω,aor. ἐῄνεσα,vb.,"louer, célébrer",6,
G1868,ἔπαινος,-ου,n. m.,"louange, célébration",11,
G1869,ἐπαίρω,aor. ἐπῆρα ; aor. pass. ἐπήρθην ; inf. ἐπᾶραι ; ptc. ἐπάρας,vb.,élever ; lever ; lever en haut ; s’élever,19,
G1870,ἐπαισχύνομαι,,vb.,"avoir honte, déshonorer, humilier",11,
G1871,ἐπαιτέω,,vb.,mendier,2,
G1872,ἐπακολουθέω,,vb.,accompagner ; s’appliquer ; suivre après,4,
G1873,ἐπακούω,,vb.,exaucer,1,
G1874,ἐπακροάομαι,,vb.,écouter attentivement,1,
G1875,ἐπάν,,conj.,"quand, aussitôt que",3,
G1876,ἐπάναγκες,,adv.,ce qui est nécessaire,1,
G1877,ἐπανάγω,aor. inf. ἑπαναγαγεῖν,vb.,"mener, avancer, revenir",3,
G1878,ἐπαναμιμνῄσκω,,vb.,"réveiller ou raviver les souvenirs, faire se souvenir",1,
G1879,ἐπαναπαύω,fut. pass. ἐπαναπαήσομαι,vb.,"se reposer, s’appuyer sur, demeurer sur",2,
G1880,ἐπανέρχομαι,aor. inf. ἐπανελθεῖν,vb.,"revenir, venir de nouveau, être de retour",2,
G1881,ἐπανίστημι,,vb.,"s’élever, se dresser, s’opposer",2,
G1882,ἐπανόρθωσις,-εως,n. f.,correction,1,
G1883,ἐπάνω,,prép.,"sur, au-dessus de",19,
G1884,ἐπαρκέω,,vb.,"(+D) secourir, venir en aide",2,2026-08-29T15:09:45.186Z
G1885,ἐπαρχία,-ας,n. f.,province,2,
G1886,ἔπαυλις,-εως,n. f.,"demeure, habitation, résidence",1,
G1887,ἐπαύριον,,adv.,le lendemain,17,2025-10-29T16:19:45.186Z
G1889,Ἐπαφρᾶς,-ᾶ,n. pr. m.,Épaphras = «charmant»,3,
G1890,ἐπαφρίζω,,vb.,"rejeter l'écume, écumer",1,2025-05-28T09:52:53.000Z
G1891,Ἐπαφρόδιτος,-ου,n. pr. m.,"Épaphrodite = «beau, aimable»",2,
G1892,ἐπεγείρω,aor. ἐπήγειρα,vb.,"émouvoir, exciter, stimuler",2,
G1893,ἐπεί,,conj.,puisque,26,2024-11-01T08:15:49.825Z
G1894,ἐπειδή,,conj.,"après que, puisque",10,
G1895,ἐπειδήπερ,,conj.,puisque,1,
G1896,ἐπεῖδον,,vb.,regarder,2,
G1898,ἐπεισαγωγή,-ῆς,n. f.,"introduction, apport",1,
G1899,ἔπειτα,,adv.,"ensuite, aussitôt après, alors, puis",16,
G1900,ἐπέκεινα,,prép.,au-delà de,1,
G1901,ἐπεκτείνομαι,,vb.,"tendre avec effort, s’étirer en avant",1,
G1902,ἐπενδύω,,vb.,revêtir par-dessus,2,
G1903,ἐπενδύτης,-ου,n. m.,"robe de dessus, vêtement de dessus, manteau de pêcheur",1,
G1904,ἐπέρχομαι,fut. ἐπελεύσομαι ; aor. ἐπῆλθον ; ptc. ἑπελθών ; opt. 3sg. ἐπέλθοι,vb.,"arriver, venir, survenir, descendre",9,
G1905,ἐπερωτάω,,vb.,demander,56,2024-11-01T08:15:49.825Z
G1906,ἐπερώτημα,-τος,n. n.,"demande, engagement, témoignage",1,
G1907,ἐπέχω,aor. ἐπέσχον,vb.,"s'attacher à, présenter ; remarquer, prêter attention ; rester",5,2026-08-29T13:32:33.240Z
G1908,ἐπηρεάζω,,vb.,"faire du tort, insulter, mépriser, menacer, calomnier",2,
G1909,ἐπί,,prép.,"(+A) sur, dans, pendant, au sujet de ; (+G) sur, à, en présence de, du temps de, au sujet de ; (+D) sur, à, dans, avec, au sujet de, selon, contre",884,2024-11-01T08:15:49.825Z
G1910,ἐπιβαίνω,aor. ἐπέβην ; pf. ἐπιβέβηκα ; ptc. ἐπιβάς,vb.,monter ; arriver ; entrer,6,
G1911,ἐπιβάλλω,fut. ἐπιβαλῶ ; aor. ἐπέβαλον,vb.,mettre ; enlacer ; se jeter sur ; revenir ; penser,18,
G1912,ἐπιβαρέω,,vb.,"poser un fardeau, charger",3,2025-10-06T07:56:36.824Z
G1913,ἐπιβιβάζω,,vb.,"faire monter, mettre sur, transporter",3,
G1914,ἐπιβλέπω,,vb.,regarder,3,
G1915,ἐπίβλημα,-τος,n. n.,morceau ; pièce,4,
G1917,ἐπιβουλή,-ῆς,n. f.,"complot, conspiration, embûche",4,
G1918,ἐπιγαμβρεύω,,vb.,épouser,1,
G1919,ἐπίγειος,-ον,adj.,terrestre,7,
G1920,ἐπιγίνομαι,aor. ptc. ἐπιγενόμενος,vb.,"se lever, survenir",1,
G1921,ἐπιγινώσκω,fut. ἐπιγνώσομαι ; aor. ἐπέγνων ; aor. pass. ἐπεγνώσθην ; pf. ἐπέγνωκα ; ptc. ἐπιγνούς ; subj. ἐπιγνῶ,vb.,reconnaître,44,2024-11-01T08:15:49.825Z
G1922,ἐπίγνωσις,-εως,n. f.,"connaissance, savoir plus poussé, compréhension plus exacte ; connaissance, perception, discernement",20,
G1923,ἐπιγραφή,-ῆς,n. f.,"inscription, écriteau",5,
G1924,ἐπιγράφω,,vb.,inscrire,5,
G1925,ἐπιδείκνυμι,aor. impv. 2pl. ἐπιδείξατε,vb.,démontrer ; montrer,7,
G1926,ἐπιδέχομαι,,vb.,"recevoir, accueillir",2,2025-07-17T14:34:37.160Z
G1927,ἐπιδημέω,,vb.,séjourner,2,
G1928,ἐπιδιατάσσομαι,,vb.,"ordonner en outre, ajouter un clause à un testament",1,2024-11-01T08:15:49.825Z
G1929,ἐπιδίδωμι,fut. ἐπιδώσω ; aor. ἐπέδωκα ; aor. pass. ἐφεδόθην ; ptc. ἐπιδούς ; impf. 3sg. ἐπεδίδου ; subj. 3sg. ἐπιδῷ,vb.,donner ; laisser aller à la dérive,9,
G1930,ἐπιδιορθόω,,vb.,"mettre en bon ordre, achever d’organiser",1,
G1931,ἐπιδύω,,vb.,descendre,1,
G1932,ἐπιείκεια,-ας,n. f.,"clémence, bienveillance, indulgence, débonnaireté",2,
G1933,ἐπιεικής,-ές,adj.,"doux, indulgent, gentil",5,2026-08-29T13:32:33.240Z
G1934,ἐπιζητέω,,vb.,chercher ; demander ; rechercher,13,
G1935,ἐπιθανάτιος,-ον,adj.,"voué à la mort, condamné à mort",1,
G1936,ἐπίθεσις,-εως,n. f.,imposition (des mains),4,2026-08-29T13:32:33.240Z
G1937,ἐπιθυμέω,,vb.,convoiter ; désirer,16,
G1938,ἐπιθυμητής,-οῦ,n. f.,convoiteur,1,
G1939,ἐπιθυμία,-ας,n. f.,le désir,38,2025-07-21T07:19:24.263Z
G1940,ἐπικαθίζω,,vb.,s’asseoir dessus,1,
G1941,ἐπικαλέω,aor. pass. ἐπεκλήθην ; pf. pass. ἐπικέκλημαι ; plpf. pass. ἐπεκεκλήμην,vb.,"nommer, appeler",30,2024-11-01T08:15:49.825Z
G1942,ἐπικάλυμμα,-τος,n. n.,"voile, couverture, voile, couverture",1,
G1943,ἐπικαλύπτω,,vb.,"couvrir, recouvrir, couvrir par-dessus",1,
G1944,ἐπικατάρατος,-ον,adj.,maudit,2,
G1945,ἐπίκειμαι,,vb.,mettre dessus ; se presser ; imposer ; insister ; harceler,7,
G1946,Ἐπικούρειος,-ου,n. pr.,épicurien,1,2024-11-01T08:15:49.825Z
G1947,ἐπικουρία,-ας,n. f.,"secours, aide, assistance",1,
G1948,ἐπικρίνω,,vb.,"prononcer, décider, décréter",1,
G1949,ἐπιλαμβάνω,aor. ἐπελθβόμην,vb.,prendre ; surprendre ; saisir,19,
G1950,ἐπιλανθάνω,aor. ἐπελαθόμην ; pf. ἐπιλέλησμαι ; inf. ἐπιλαθέσθαι,vb.,"oublier, négliger",8,
G1951,ἐπιλέγω,,vb.,"appeler, surnommer",2,
G1952,ἐπιλείπω,,vb.,"manquer, faire défaut",1,
G1953,ἐπιλησμονή,-ῆς,n. f.,"oublieux, qui oublie, qui néglige",1,
G1954,ἐπίλοιπος,-ον,adj.,reste,1,
G1955,ἐπίλυσις,-εως,n. f.,"interprétation, explication, exposition",1,
G1956,ἐπιλύω,,vb.,"décider, déterminer, résoudre, interpréter, expliquer",2,
G1957,ἐπιμαρτυρέω,,vb.,"attester, assurer, témoigner",1,
G1958,ἐπιμέλεια,-ας,n. f.,"soin, attention, accueil",1,
G1959,ἐπιμελέομαι,,vb.,"avoir soin, prendre soin",3,
G1960,ἐπιμελῶς,,adv.,"soigneusement, diligemment, avec soin, ",1,
G1961,ἐπιμένω,aor. ἐπέμεινα ; inf. ἐπιμεῖναι,vb.,demeurer ; persister ; arrêter ; persévérer,15,
G1962,ἐπινεύω,,vb.,"consentir, exprimer son accord",1,
G1963,ἐπίνοια,-ας,n. f.,"pensée, projet, but",1,
G1964,ἐπιορκέω,,vb.,"parjurer, jurer faussement, violer son serment",1,
G1965,ἐπίορκος,-ον,adj.,"parjure, faux témoin",1,2026-02-19T10:12:58.647Z
G1966,ἐπιοῦσα,,vb.,venir après,5,
G1967,ἐπιούσιος,-ον,adj.,"qu’il nous faut, nécessaire, présent, quotidien",2,
G1968,ἐπιπίπτω,aor. ἐπέπεσον ; pf. ἐπιπέπτωκα,vb.,se jeter sur ; se pencher ; survenir ; tomber ; saisir,11,
G1969,ἐπιπλήσσω,,vb.,"reprendre rudement, blâmer, réprimander",1,
G1971,ἐπιποθέω,,vb.,désirer ardemment ; être animé d’une ardente affection,9,
G1972,ἐπιπόθησις,-εως,n. f.,"très grand désir, désir ardent",2,
G1973,ἐπιπόθητος,-ον,adj.,qui est ardemment désiré,1,
G1974,ἐπιποθία,-ας,n. f.,"grand désir, vif désir",1,
G1975,ἐπιπορεύομαι,,vb.,"venir, aller vers",1,
G1976,ἐπιρράπτω,,vb.,coudre,1,
G1977,ἐπιρρίπτω,,vb.,"rejeter, jeter sur, confier à, jeter",2,
G1978,ἐπίσημος,-ον,adj.,"distingué, éminent, remarquable",2,
G1979,ἐπισιτισμός,-οῦ,n. f.,"vivres, provisions, victuailles",1,
G1980,ἐπισκέπτομαι,,vb.,visiter ; jeter les yeux,11,
G1981,ἐπισκηνόω,,vb.,"demeurer, couvrir, reposer",1,
G1982,ἐπισκιάζω,,vb.,"couvrir, passer",5,
G1983,ἐπισκοπέω,,vb.,surveiller,2,
G1984,ἐπισκοπή,-ῆς,n. f.,surveillance ; visitation,4,
G1985,ἐπίσκοπος,-ου,n. m.,surveillant,5,
G1986,ἐπισπάω,,vb.,demeurer circoncis,1,2024-11-01T08:15:49.825Z
G1987,ἐπίσταμαι,,vb.,"savoir, connaître ; comprendre",14,2026-02-20T14:09:03.098Z
G1988,ἐπιστάτης,-ου,n. m.,"maître, responsable, surveillant",7,
G1989,ἐπιστέλλω,aor. ἐπέστειλα ; inf. ἐπιστεῖλαι,vb.,"écrire, envoyer un message",3,
G1990,ἐπιστήμων,-ον,adj.,intelligent,1,
G1991,ἐπιστηρίζω,,vb.,"fortifier, établir, affermir",3,
G1992,ἐπιστολή,-ῆς,n. f.,"la lettre, l'épître",24,2025-07-21T07:19:24.263Z
G1993,ἐπιστομίζω,,vb.,"fermer la bouche, faire taire",1,
G1994,ἐπιστρέφω,aor. pass. ἐπεστράφην ; ptc. ἐπιστραφείς,vb.,"se (re)tourner, se convertir",36,2024-11-01T08:15:49.825Z
G1995,ἐπιστροφή,-ῆς,n. f.,"conversion, changement de direction",1,
G1996,ἐπισυνάγω,"aor. inf. ἐπισυναγαγεῖν, ἐπισυνάξαι",vb.,"rassembler, réunir, s’assembler",8,
G1997,ἐπισυναγωγή,-ῆς,n. f.,rassemblement,2,
G1998,ἐπισυντρέχω,,vb.,accourir ensemble,1,
G1999,ἐπίστασις,,n. f.,"ameuter, susciter un soulèvement",2,
G2000,ἐπισφαλής,-ές,adj.,"périlleux, dangereux, risqué",1,
G2001,ἐπισχύω,,vb.,insister,1,
G2002,ἐπισωρεύω,,vb.,"amasser, accumuler davantage, s’entourer",1,
G2003,ἐπιταγή,-ῆς,n. f.,"commandement, ordre, autorité",7,
G2004,ἐπιτάσσω,,vb.,"commander, donner des ordres",10,
G2005,ἐπιτελέω,,vb.,achever ; accomplir ; construire,10,
G2006,ἐπιτήδειος,"-α, -ον",adj.,"nécessaire, indispensable, obligatoire",1,
G2007,ἐπιτίθημι,"fut. ἐπιθήσω ; fut. moy. ἐπιθήσομαι ; aor. ἐπέθηκα ; aor. moy. ἐπεθέμην ; inf. ἐπιθεῖναι ; ptc. ἐπιθείς ; subj. ἐπιθῶ ; impv. ἐπιτίθει, ἐπίθες ; impf. 3pl. ἐπετίθεσαν ; 3pl. ἐπιτιθέασιν",vb.,"placer, mettre dessus",39,2024-11-01T08:15:49.825Z
G2008,ἐπιτιμάω,,vb.,"infliger, reprocher",29,2024-11-01T08:15:49.825Z
G2009,ἐπιτιμία,-ας,n. f.,"punition, blâme, répréhension, peine",1,
G2010,ἐπιτρέπω,aor. pass. ἐπετράπην,vb.,"permettre, accorder la permission",18,
G2011,ἐπιτροπή,-ῆς,n. f.,"commission, mission, mandat",1,
G2012,ἐπίτροπος,-ου,n. m.,"intendant, tuteur",3,
G2013,ἐπιτυγχάνω,aor. ἐπέτυχον ; inf. ἐπιτυχεῖν,vb.,"obtenir, atteindre",5,
G2014,ἐπιφαίνω,aor. pass. ἐπεφάνην ; aor. inf. ἐπιφᾶναι,vb.,apparaître ; luire ; paraître,4,
G2015,ἐπιφάνεια,-ας,n. f.,"éclat, apparition, avènement, manifestation",6,2024-11-01T08:15:49.825Z
G2016,ἐπιφανής,-ές,adj.,"éclatant, illustre, glorieux",1,
G2017,ἐπιφαύσκω,fut. ἐπιφαύσω,vb.,"luire, briller, resplendir",1,
G2018,ἐπιφέρω,aor. inf. ἐπενεγκεῖν,vb.,"porter, prononcer (un jugement) ; infliger, donner cours",2,2025-05-28T10:02:11.000Z
G2019,ἐπιφωνέω,,vb.,crier contre,4,
G2020,ἐπιφώσκω,,vb.,"commencer à luire, de l’aube",2,
G2021,ἐπιχειρέω,,vb.,"entreprendre, assumer la responsabilité, commencer, tâcher, essayer",3,
G2022,ἐπιχέω,,vb.,"verser, répandre",1,
G2023,ἐπιχορηγέω,,vb.,alimenter ; fournir ; joindre,5,
G2024,ἐπιχορηγία,-ας,n. f.,"secours, assistance, aide, soutien",2,
G2025,ἐπιχρίω,,vb.,oindre,2,
G2026,ἐποικοδομέω,,vb.,"édifier, construire sur, bâtir sur",7,
G2027,ἐποκέλλω,,vb.,"échouer, mener, pousser",1,
G2028,ἐπονομάζω,,vb.,"porter le nom, être appelé",1,
G2029,ἐποπτεύω,,vb.,"observer, regarder attentivement, contempler",2,
G2030,ἐπόπτης,-ου,n. m.,témoin oculaire,1,
G2031,ἔπος,,n. n.,"parole, mot",1,
G2032,ἐπουράνιος,-ον,adj.,céleste,19,
G2033,ἑπτά,,num.,sept ; septième,89,
G2034,ἑπτάκις,,adv.,"sept fois, sept occasions",4,
G2035,ἑπτακισχίλιοι,"-αι, -α",adj.,sept mille,1,
G2036,ἔπω,,vb.,parler ; déclarer ; commander,929,
G2037,Ἔραστος,-ου,n. pr. m.,Éraste = «bien-aimé»,3,
G2038,ἐργάζομαι,"aor. ειρ-, ἠρ- ; pf. εἴργασμαι",vb.,"travailler, commettre, faire, agir, pratiquer",40,2024-11-01T08:15:49.825Z
G2039,ἐργασία,-ας,n. f.,travail ; gain ; œuvre ; pratique,6,
G2040,ἐργάτης,-ου,n. m.,ouvrier,16,
G2041,ἔργον,-ου,n. m.,"l'œuvre, le travail",169,2025-07-28T14:31:46.737Z
G2042,ἐρεθίζω,,vb.,"irriter, provoquer, exaspérer, exciter",2,
G2043,ἐρείδω,,vb.,"se trouver engagé, être enfoncé",1,
G2044,ἐρεύγομαι,,vb.,"émettre des paroles, publier",1,2024-11-01T08:15:49.825Z
G2045,ἐρευνάω,,vb.,"sonder, examiner, chercher, s’enquérir, rechercher",6,
G2046,ἔπω,,vb.,"parler, dire, prescrire",47,
G2047,ἐρημία,-ας,n. f.,"désert, lieu inhabité, inculte",4,
G2048,ἔρημος,-ον,adj.,délaissé ; (subst.) le désert,48,2026-07-28T14:31:46.737Z
G2049,ἐρημόω,,vb.,"changer en désolation, être désolé, dévaster, rendre désert",5,
G2050,ἐρήμωσις,-εως,n. f.,"désolation, dévastation, destruction totale",3,
G2051,ἐρίζω,,vb.,"contester, se disputer, se quereller",1,
G2052,ἐριθεία,-ας,n. f.,"contestation, rivalité ; esprit de querelle, ambition personnelle",7,2024-11-01T08:15:49.825Z
G2053,ἔριον,-ου,n. m.,"laine, poil de mouton",2,
G2054,ἔρις,-ιδος,n. f.,"querelle, dissension, dispute, discorde, rivalité",8,2026-02-20T14:09:37.323Z
G2055,ἐρίφιον,-ου,n. m.,"petite chèvre, bouc",1,
G2056,ἔριφος,-ου,n. m.,"chèvre, mammifère ruminant, plutôt un bouc",2,
G2057,Ἑρμᾶς,-ᾶ,n. pr. m.,Hermès = «Mercure»,1,
G2058,ἑρμηνεία,-ας,n. f.,interprétation,2,
G2059,ἑρμηνεύω,,vb.,"interpréter, expliquer, traduire",3,
G2060,Ἑρμῆς,-οῦ,n. pr. m.,"Mercure ou Hermas (Hermès, Mercurius, Hermes) = «héraut des dieux»",2,
G2061,Ἑρμογένης,-ους,n. pr. m.,Hermogène = «naissance heureuse»,1,
G2062,ἑρπετόν,-οῦ,n. n.,reptile,4,
G2063,ἐρυθρός,"-ά, -όν",adj.,rouge,2,
G2064,ἔρχομαι,"fut. ἐλεύσομαι ; aor. ἦλθον, ἦλθα ; pf. ἐλήλυθα ; inf. ἐλθεῖν ; imperf. ἠρχόμην",vb.,venir,630,2024-11-01T08:15:49.825Z
G2065,ἐρωτάω,,vb.,"(+A +A) interroger, demander",62,2024-11-01T08:15:49.825Z
G2066,ἐσθής,-ῆτος,n. f.,"vêtement, habit, habillement, robe",8,
G2068,ἐσθίω,fut. φάγομαι ; aor. ἔφαγον ; inf. φαγεῖν,vb.,manger,64,2024-11-01T08:15:49.825Z
G2069,Ἐσλί,,n. pr. m.,Esli = «réservé de l’Éternel»,1,
G2072,ἔσοπτρον,-ου,n. m.,"miroir, verre",2,
G2073,ἑσπέρα,-ας,n. f.,"soir, soirée",3,
G2074,Ἐσρώμ,,n. pr. m.,"Esrom ou Hetsron = «entouré d’un mur, rempart»",3,
G2078,ἔσχατος,"-η, -ον",adj.,"dernier, extrême",52,2024-11-01T08:15:49.825Z
G2079,ἐσχάτως,,adv.,à l’extrémité,1,
G2080,ἔσω,,adv.,dans l’intérieur,9,
G2081,ἔσωθεν,,adv.,"de l’intérieur, du dedans",12,
G2082,ἐσωτέρω,"-α, -ον",adj.,"intérieur, situé en dedans",2,
G2083,ἑταῖρος,-ου,n. m.,"ami, compagnon",3,
G2084,ἑτερόγλωσσος,-ον,adj.,qui parle une autre langue,1,
G2085,ἑτεροδιδασκαλέω,,vb.,enseigner des doctrines étrangères,2,
G2086,ἑτεροζυγέω,,vb.,"se mettre sous un joug mal assorti, inconvenante",1,
G2087,ἕτερος,"-α, -ον",adj.,"autre, différent",97,2024-11-01T08:15:49.825Z
G2088,ἑτέρως,,adv.,autrement,1,
G2089,ἔτι,,adv.,"encore, cependant",93,2024-11-01T08:15:49.825Z
G2090,ἑτοιμάζω,,vb.,apprêter ; préparer,40,
G2091,ἑτοιμασία,-ας,n. f.,"préparation, disposition, promptitude",1,
G2092,ἕτοιμος,"-η, -ον",adj.,"prêt, préparé",17,
G2093,ἑτοίμως,,adv.,prêt,3,
G2094,ἔτος,-ους,n. m.,"l'année, l'an",49,2025-07-28T14:31:46.737Z
G2095,εὖ,,adv.,bien,5,2024-11-01T08:15:49.825Z
G2096,Εὖα,-ας,n. pr. f.,Eve = «vie»,2,
G2097,εὐαγγελίζομαι,,vb.,annoncer une bonne nouvelle ; évangéliser,53,2025-07-28T14:31:46.737Z
G2098,εὐαγγέλιον,-ου,n. m.,"la bonne nouvelle, l'évangile",76,2024-11-01T08:15:49.825Z
G2099,εὐαγγελιστής,-οῦ,n. f.,évangéliste,3,
G2100,εὐαρεστέω,,vb.,"prendre plaisir, trouver agréable, accepter, plaire",3,
G2101,εὐάρεστος,-ον,adj.,pleinement agréable,9,
G2102,εὐαρέστως,,adv.,"d’une manière qui soit agréable, agréablement",1,
G2103,Εὔβουλος,-ου,n. pr. m.,"Eubulus = «prudent, avisé»",1,
G2104,εὐγενής,-ές,adj.,"noble, de haute naissance, de rang élevé, honorable",3,
G2105,εὐδία,-ας,n. f.,"beau temps, temps agréable",1,
G2106,εὐδοκέω,,vb.,"être disposé, plaire, trouver bon ; prendre à cœur, trouver son plaisir",21,2025-07-16T13:35:28.124Z
G2107,εὐδοκία,-ας,n. f.,bonne volonté ; souhait ; bon plaisir,9,2025-10-06T10:06:48.000Z
G2108,εὐεργεσία,-ας,n. f.,"bonne œuvre qui a été faite, bonne action",2,
G2109,εὐεργετέω,,vb.,"faire du bien, être un bienfaiteur",1,
G2110,εὐεργέτης,-ου,n. m.,"bienfaiteur, un titre d’honneur, décerné à celui qui a rendu des services dans sa région, et aux princes, équivalent à Soter, Pater Patriae",1,2024-11-01T08:15:49.825Z
G2111,εὔθετος,-ον,adj.,"utile, convenable, approprié",3,
G2112,εὐθέως,,adv.,aussitôt ; immédiatement,85,2025-02-24T09:14:33.000Z
G2113,εὐθυδρομέω,,vb.,"faire voile (en) tirant droit, gagner le large",2,
G2114,εὐθυμέω,,vb.,"avoir confiance, être joyeux",3,
G2115,εὔθυμος,-ον,adj.,"courageux, plein de confiance",2,
G2116,εὐθύνω,,vb.,gouverner (un bâteau) ; faire droit,2,2025-10-29T15:58:34.519Z
G2117,εὐθύς,,adj.,immédiatement,8,2024-11-01T08:15:49.825Z
G2118,εὐθύτης,-ητος,n. f.,"droiture, rectitude morale, probité",1,
G2119,εὐκαιρέω,,vb.,"avoir le loisir, avoir le temps, passer le temps",3,
G2120,εὐκαιρία,-ας,n. f.,"bonne occasion, moment propice, occasion favorable",2,
G2121,εὔκαιρος,-ον,adj.,"opportun, propice, favorable",2,
G2122,εὐκαίρως,,adv.,"en temps favorable, au moment opportun, commodément",2,
G2123,εὐκοπώτερος,"-ον, εὐκοπώτερος",adj.,"plus facile, plus aisé, plus simple",7,
G2124,εὐλάβεια,-ας,n. f.,"piété, révérence",2,
G2125,εὐλαβέομαι,,vb.,"agir avec précaution, craindre, révérer",1,2024-11-01T08:15:49.825Z
G2126,εὐλαβής,-ές,adj.,pieux,4,
G2127,εὐλογέω,,vb.,"bénir, louer, célébrer, dire du bien de",41,2024-11-01T08:15:49.825Z
G2128,εὐλογητός,"-ή, -όν",adj.,"béni, digne de louange",8,
G2129,εὐλογία,-ας,n. f.,bénédiction ; abondance ; libéralité ; beau langage,16,
G2130,εὐμετάδοτος,-ον,adj.,"généreux, libéral, prêt à donner",1,2026-08-29T13:32:33.240Z
G2131,Εὐνίκη,-ης,n. pr. f.,Eunice = «bénie par la victoire»,1,
G2132,εὐνοέω,,vb.,"se mettre d’accord, s’entendre",1,
G2133,εὔνοια,-ας,n. f.,"bienveillance, bonne disposition, bon gré",1,
G2134,εὐνουχίζω,,vb.,"eunuque, se faire eunuque, eunuque, se faire eunuque, devenir tel",2,
G2135,εὐνοῦχος,-ου,n. m.,"eunuque, se faire eunuque, eunuque, se faire eunuque, devenir tel",8,
G2136,Εὐοδία,-ας,n. pr. f.,Évodie = «parfumé»,1,
G2137,εὐοδόω,,vb.,prospérer,4,
G2138,εὐπειθής,-ές,adj.,"traitable, accommodant, conciliant",1,
G2139,εὐπερίστατος,-ον,adj.,qui enveloppe si aisément,1,
G2140,εὐποιΐα,-ας,n. f.,bienfaisance,1,
G2141,εὐπορέω,,vb.,avoir des ressources,1,
G2142,εὐπορία,-ας,n. f.,"bien-être, facilité pour faire, d’où aisance, abondance, richesse",1,
G2143,εὐπρέπεια,-ας,n. f.,"grâce, beauté",1,
G2144,εὐπρόσδεκτος,-ον,adj.,"agréable, approuvé, convenable, bien accueilli",5,
G2145,εὐπρόσεδρος,,adj.,"assiduité, persévérance",1,
G2146,εὐπροσωπέω,,vb.,avoir une belle apparence,1,
G2147,εὑρίσκω,"fut. εὑρήσω ; fut. pass. εὑρεθήσομαι ; aor. εὗρον ; aor. pass. εὑρέθην ; pf. εὕρηκα ; impf. εὑ-, ηὑ- ; aor. opt. 3pl. εὕροιεν",vb.,trouver,176,2024-11-01T08:15:49.825Z
G2148,Εὐροκλύδων,,n. pr.,Euraquilon = «vagues et vent d’est»,1,2024-11-01T08:15:49.825Z
G2149,εὐρύχωρος,-ον,adj.,"spacieux, vaste, large",1,
G2150,εὐσέβεια,-ας,n. f.,piété,15,
G2151,εὐσεβέω,,vb.,"honorer, adorer, vénérer",2,
G2152,εὐσεβής,-ές,adj.,pieux,3,
G2153,εὐσεβῶς,,adv.,"pieusement, avec piété, c.-à-d. respect, confiance",2,
G2154,εὔσημος,-ον,adj.,"intelligible, distinct, compréhensible",1,
G2155,εὔσπλαγχνος,-ον,adj.,"compatissant, sympathisant",2,
G2156,εὐσχημόνως,,adv.,"avec bienséance, convenablement, honorablement, avec décence",3,
G2157,εὐσχημοσύνη,-ης,n. f.,"présentation, élégance, beauté",1,
G2158,εὐσχήμων,"-ον, -ονος",adj.,"honorable, bienséant, honnête",5,2024-11-01T08:15:49.825Z
G2159,εὐτόνως,,adv.,"avec une grande force, avec énergie, vigoureusement",2,
G2160,εὐτραπελία,-ας,n. f.,plaisanterie grossière,1,
G2161,Εὔτυχος,-ου,n. pr. m.,"Eutychus = «heureux, fortuné»",1,
G2162,εὐφημία,-ας,n. f.,"bonne renommée, bonne réputation",1,
G2163,εὔφημος,-ον,adj.,"de bonne renommée, de bonne réputation",1,
G2164,εὐφορέω,,vb.,"rapporter beaucoup, produire abondamment",1,
G2165,εὐφραίνω,aor. pass. ηὐφράνθην ; inf. εὐφρανθῆναι,vb.,"se réjouir, exulter, s’égayer ; faire bonne chère, festoyer",14,2024-11-01T08:15:49.825Z
G2166,Εὐφράτης,-ου,n. pr. m.,Euphrate = «le fleuve bon et abondant»,2,
G2167,εὐφροσύνη,-ης,n. f.,"joie, réjouissance, gaieté",2,
G2168,εὐχαριστέω,,vb.,remercier,38,2024-11-01T08:15:49.825Z
G2169,εὐχαριστία,-ας,n. f.,"action de grâces, prière de reconnaissance, gratitude",15,
G2170,εὐχάριστος,-ον,adj.,"reconnaissant, plaisant, agréable",1,2024-11-01T08:15:49.825Z
G2171,εὐχή,-ῆς,n. f.,"vœu, prière",3,
G2172,εὔχομαι,aor. opt. εὐξαίμην,vb.,demander ; plaire ; souhaiter ; prier,7,
G2173,εὔχρηστος,-ον,adj.,"utile, bien utile",3,
G2174,εὐψυχέω,,vb.,"avoir bon courage, être réconforté, être encouragé",1,
G2175,εὐωδία,-ας,n. f.,"bonne odeur, parfum",3,
G2176,εὐώνυμος,-ον,adj.,du côté du cœur,9,
G2177,ἐφάλλομαι,aor. ἐφαλόμην,vb.,"s’élancer, sauter",1,
G2178,ἐφάπαξ,,adv.,"une fois pour toutes, une seule fois",5,
G2180,Ἐφέσιος,"-α, -ον",adj.,Éphésien,5,
G2181,Ἔφεσος,-ου,n. pr. f.,Éphèse= «permis»,16,
G2182,ἐφευρετής,-οῦ,n. f.,"inventeur, qui imagine, ingénieux",1,
G2183,ἐφημερία,-ας,n. f.,classe,2,
G2184,ἐφήμερος,-ον,adj.,"quotidien, pour un jour",1,
G2185,ἐφικνέομαι,aor. inf. ἐφικέσθαι,vb.,"parvenir, venir, atteindre",2,
G2186,ἐφίστημι,"aor. ἐφέστην ; pf. ἐφέστηκα ; ptc. ἐπιστάς, ἐφεστώς ; subj. ἐπιστῶ ; impv. ἐπίστηθι",vb.,arriver ; venir ; survenir ; surprendre ; être présent ; se pencher ; se trouver ; insister ; assaillir,21,
G2187,Ἐφραίμ,,n. pr.,Éphraïm= «double fertilité»,1,
G2188,ἐφφαθά,,aram. / vb.,Éphphatha = «ouvre-toi!»,1,2024-11-01T08:15:49.825Z
G2189,ἔχθρα,-ας,n. f.,"inimitié, hostilité, haine, opposition",6,
G2190,ἐχθρός,"-ά, -όν",adj.,ennemi,32,2024-11-01T08:15:49.825Z
G2191,ἔχιδνα,-ης,n. f.,"vipère, serpent venimeux",5,
G2192,ἔχω,fut. ἕξω ; aor. ἔσχον ; pf. ἔσχηκα ; impf. εἶχον ; subj. σχῶ,vb.,"avoir, posséder",706,2025-07-28T14:32:50.812Z
G2193,ἕως,,prép.,"(+G) jusqu’à, tant que",145,2025-07-28T14:32:50.812Z
G2194,Ζαβουλών,,n. pr.,Zabulon = «une habitation»,3,
G2195,Ζακχαῖος,-ου,n. pr. m.,Zachée= «pur»,3,
G2196,Ζαρά,,n. pr. m.,Zara = «un lever (comme le soleil)»,1,
G2197,Ζαχαρίας,-ου,n. pr. m.,Zacharie= «l’Éternel se souvient»,11,
G2198,ζάω,impf. ἔζην,vb.,vivre,139,2024-11-01T08:15:49.825Z
G2199,Ζεβεδαῖος,-ου,n. pr. m.,Zébédée = «l’Éternel a donné»,12,
G2200,ζεστός,"-ή, -όν",adj.,"bouillant, très chaud, ardent",3,
G2201,ζεῦγος,-ους,n. n.,"paire, couple",2,
G2202,ζευκτηρία,-ας,n. f.,"attache, lien, chaîne, de retenir",1,
G2203,Ζεύς,"Διός, Δία",n. pr.,Jupiter ou Zeus = «un père des secours»,2,
G2204,ζέω,,vb.,être fervent,2,
G2205,ζῆλος,"-ου, -ους",n. m.,ardeur ; travail (de cœur) ; zèle ; affection ardente ; jalousie,16,
G2206,ζηλόω,,vb.,"désirer avec ardeur ; envier, être jaloux",11,2024-11-01T08:15:49.825Z
G2207,ζηλωτής,,n. pr. m.,"zélé, zélateur, personne ardente",6,
G2208,ζηλωτής,-οῦ,n. pr.,zélote,2,2024-11-01T08:15:49.825Z
G2209,ζημία,-ας,n. f.,"dommage, perte, préjudice",4,
G2210,ζημιόω,,vb.,faire la perte ; perdre ; recevoir de préjudice,6,
G2211,Ζηνᾶς,"Ζηνοῦ, -ᾶν",n. pr. m.,Zénas= «don de Zeus (Jupiter)»,1,
G2212,ζητέω,,vb.,chercher,116,2024-11-01T08:15:49.825Z
G2213,ζήτημα,-τος,n. n.,"question, controverse",5,
G2214,ζήτησις,-εως,n. f.,"recherche ; controverse, débat",7,2026-08-29T15:13:49.825Z
G2215,ζιζάνιον,-ου,n. m.,ivraïe,8,
G2216,Ζοροβάβελ,,n. pr. m.,"Zorobabel= «né à Babel, c’est-à-dire Babylone»",3,
G2217,ζόφος,-ου,n. m.,"obscurité, ténèbres épaisses",5,
G2218,ζυγός,-οῦ,n. f.,"joug, balance",6,
G2219,ζύμη,-ης,n. f.,levain,13,
G2220,ζυμόω,,vb.,lever sous l’action du levain,4,
G2221,ζωγρέω,,vb.,"prendre vivant, attraper",2,
G2222,ζωή,-ῆς,n. f.,la vie,135,2025-07-28T14:34:25.467Z
G2223,ζώνη,-ης,n. f.,ceinture,8,
G2224,ζώννυμι,,vb.,"ceindre, entourer d’une ceinture",3,
G2225,ζωογονέω,,vb.,"conserver en vie, préserver vivant, demeurer en vie",3,
G2226,ζῷον,-ου,n. m.,"l'être vivant, l'animal",23,2025-07-28T14:34:25.467Z
G2227,ζωοποιέω,,vb.,"donner la vie, vivifier",11,2024-11-01T08:15:49.825Z
G2228,ἤ,,conj.,ou ; (comp.) que,346,2025-10-15T11:24:17.750Z
G2230,ἡγεμονεύω,,vb.,"avoir le gouvernement, être gouverneur, guider, diriger",2,
G2231,ἡγεμονία,-ας,n. f.,"règne, gouvernement",1,
G2232,ἡγεμών,-όνος,n. f.,chef-lieu ; gouverneur,20,
G2233,ἡγέομαι,,vb.,"mener, conduire ; considérer, penser, estimer",28,2025-07-10T16:52:49.825Z
G2234,ἡδέως,,adv.,"avec plaisir, agréablement, volontiers",3,
G2235,ἤδη,,adv.,"maintenant, déjà",61,2024-11-01T08:15:49.825Z
G2236,ἥδιστα,,adj.,très volontiers,2,
G2237,ἡδονή,-ῆς,n. f.,plaisir ; volupté,5,
G2238,ἡδύοσμος,-ου,n. n.,menthe,2,
G2239,ἦθος,-ους,n. n.,"coutume, mœurs",1,2024-11-01T08:15:49.825Z
G2240,ἥκω,prés. 3pl. ἥκασιν,vb.,"venir, être présent",25,2024-11-01T08:15:49.825Z
G2241,ἠλί,,n. m.,Éli = «mon Dieu»,2,
G2242,Ἡλί,,n. pr. m.,Héli= «celui qui monte»,1,
G2243,Ἡλίας,-ου,n. pr. m.,Élie= «mon Dieu est l’Éternel»,29,2024-11-01T08:15:49.825Z
G2244,ἡλικία,-ας,n. f.,âge ; stature,8,
G2245,ἡλίκος,"-η, -ον",pron.,"quel, combien",3,
G2246,ἥλιος,-ου,n. m.,le soleil,32,2025-07-28T14:34:25.467Z
G2247,ἧλος,-ου,n. m.,clou,2,
G2250,ἡμέρα,-ας,n. f.,le jour,388,2025-07-28T14:34:25.467Z
G2251,ἡμέτερος,"-α, -ον",poss.,"nôtre, vôtre",7,
G2253,ἡμιθανής,-ές,adj.,"à demi mort, presque mort, mourant",1,
G2255,ἥμισυς,"-εια, -υ, ἡμίσους",adj.,"demi, moitié",5,
G2256,ἡμιώριον,-ου,n. m.,"demi-heure, moitié d’une heure",1,
G2259,ἡνίκα,,conj.,"quand, lorsque",2,
G2260,ἤπερ,,conj.,que,1,
G2261,ἤπιος,"-α, -ον",adj.,"doux, affable, gentil",1,
G2262,Ἤρ,,n. pr. m.,Er = «veillant»,1,
G2263,ἤρεμος,-ον,adj.,"paisible, sans agitation",1,
G2264,Ἡρώδης,-ου,n. pr. m.,Hérode = «héroïque»,43,2024-11-01T08:15:49.825Z
G2265,Ἡρωδιανοί,-ῶν,n. pr. m.,hérodiens,3,2024-11-01T08:15:49.825Z
G2266,Ἡρωδιάς,-άδος,n. pr. f.,Hérodias= «héroïque»,6,
G2267,Ἡρωδίων,-ωνος,n. pr. m.,Hérodion= «héroïque»,1,
G2268,Ἡσαΐας,-ου,n. pr. m.,Ésaïe = «le secours de l’Éternel»,22,
G2269,Ἠσαῦ,,n. pr. m.,"Esaü = «velu, poilu»",3,
G2270,ἡσυχάζω,,vb.,se taire ; se tenir en repos ; vivre paisiblement,5,
G2271,ἡσυχία,-ας,n. f.,"silence, calme, tranquillité",4,
G2272,ἡσύχιος,-ον,adj.,"tranquille, calme, paisible",2,
G2273,ἤτοι,,cond.,soit que,1,
G2274,ἡσσάομαι,,vb.,"être vaincu, être conquis, devenir l’esclave, être inférieur",3,
G2275,ἥττημα,-τος,n. n.,"diminution, abaissement, échec, faute",2,
G2276,ἥττον,,adj.,"au détriment, inférieur, moindre",2,
G2278,ἠχέω,,vb.,"faire un grand bruit, résonner",1,
G2279,ἦχος,-ου ; ους,n. m.,"renommée, son",4,
G2280,Θαδδαῖος,-ου,n. pr. m.,"Thaddée = «grand cœur, courageux»",2,
G2281,θάλασσα,-ης,n. f.,la mer,91,2025-07-28T14:34:25.467Z
G2282,θάλπω,,vb.,"chérir, entourer d’attention, prendre soin tendrement",2,
G2283,Θάμαρ,,n. pr. f.,Thamar = «palmier»,1,2024-11-01T08:15:49.825Z
G2284,θαμβέω,,vb.,étonner ; saisir d’étonnement ; être stupéfié,3,
G2285,θάμβος,-ους,n. m.,"étonnement, merveille, stupeur, frayeur",3,
G2286,θανάσιμος,,adj.,mortel,1,
G2287,θανατήφορος,-ον,adj.,"mortel, apportant la mort",1,
G2288,θάνατος,-οῦ,n. m.,la mort,120,2025-07-28T14:34:25.467Z
G2289,θανατόω,,vb.,mettre à mort ; faire mourir,11,
G2290,θάπτω,aor. pass. ἐτάφην,vb.,"ensevelir, enterrer",11,
G2291,Θάρα,,n. pr. m.,"Thara = «halte, délai, retard»",1,
G2292,θαρρέω,,vb.,"avoir confiance, avoir de l’assurance, user de hardiesse",6,
G2293,θαρσέω,,vb.,"avoir bon courage, être réconforté, avoir confiance",7,
G2294,θάρσος,-ους,n. n.,"courage, réconfort, confiance",1,
G2295,θαῦμα,-τος,n. n.,"étonnement, stupéfaction, surprise",2,
G2296,θαυμάζω,,vb.,"s'étonner, être dans l’admiration",43,2025-07-28T14:34:25.467Z
G2297,θαυμάσιος,"-α, -ον",adj.,"merveilleux, admirable, étonnant, extraordinaire",1,
G2298,θαυμαστός,"-ή, -όν",adj.,étonnant ; merveilleux,6,
G2299,θεά,-ᾶς,n. f.,"déesse, divinité féminine",1,
G2300,θεάομαι,,vb.,"voir, regarder",22,2024-11-01T08:15:49.825Z
G2301,θεατρίζω,,vb.,"offrir en spectacle, au mépris",1,
G2302,θέατρον,-ου,n. n.,"théâtre, aux représentations théâtrales, spectacle",3,
G2303,θεῖον,-ου,n. m.,soufre,7,
G2304,θεῖος,"-α, -ον",adj.,"La Divinité, divin",3,
G2305,θειότης,-ητος,n. f.,divinité,1,
G2306,θειώδης,-ες,adj.,de soufre,1,
G2307,θέλημα,-τος,n. n.,"la volonté, le choix, la décision",62,2025-07-28T14:37:14.570Z
G2308,θέλησις,-εως,n. f.,"volonté, bon vouloir, volonté, bon vouloir, désir",1,
G2309,θέλω,impf. ἤθελον,vb.,vouloir,208,2024-11-01T08:15:49.825Z
G2310,θεμέλιος,-ου,n. f.,fondement,16,2026-08-29T13:32:33.240Z
G2311,θεμελιόω,,vb.,"fonder, un fondement",5,
G2312,θεοδίδακτος,-ον,adj.,"enseigné de dieu, instruit par dieu",1,
G2314,θεομάχος,-ον,adj.,faisant la guerre à dieu,1,
G2315,θεόπνευστος,-ον,adj.,inspiré de dieu,1,
G2316,θεός,-οῦ,n. f.,Dieu,1311,2024-11-01T08:15:49.825Z
G2317,θεοσέβεια,-ας,n. f.,"service de dieu, crainte de dieu, piété",1,
G2318,θεοσεβής,-ές,adj.,pieux,1,
G2319,θεοστυγής,-ές,adj.,"haïssable pour dieu, odieux, abominable",1,
G2320,θεότης,-ητος,n. f.,"déité, dieu, sans restriction",1,
G2321,Θεόφιλος,-ου,n. pr. m.,Théophile = «aimé de Dieu»,2,
G2322,θεραπεία,-ας,n. f.,"guérison, cure",3,
G2323,θεραπεύω,,vb.,soigner,41,2024-11-01T08:15:49.825Z
G2324,θεράπων,-οντος,n. f.,serviteur,1,
G2325,θερίζω,,vb.,"moissonner, récolter",21,2024-11-01T08:15:49.825Z
G2326,θερισμός,-οῦ,n. f.,"moisson, récolte",13,
G2327,θεριστής,-οῦ,n. f.,moissonneur,2,
G2328,θερμαίνω,,vb.,chauffer,6,
G2329,θέρμη,-ης,n. f.,chaleur,1,
G2330,θέρος,-ους,n. m.,été,3,
G2331,Θεσσαλονικεύς,-έως,adj.,Thessalonicien,4,
G2332,Θεσσαλονίκη,-ης,n. pr. f.,Thessalonique = «victoire de ce qui est faux»,5,
G2333,Θευδᾶς,-ᾶ,n. pr. m.,Theudas = «Donné par Dieu»,1,
G2334,θεωρέω,,vb.,"regarder, voir, apercevoir, considérer",57,2024-11-01T08:15:49.825Z
G2335,θεωρία,-ας,n. f.,"spectacle, ce qu’ils voient, spectacle public",1,
G2336,θήκη,-ης,n. f.,fourreau,1,
G2337,θηλάζω,,vb.,allaiter,5,
G2338,θῆλυς,"-εια, -υ",adj.,"femelle, femme",5,
G2339,θήρα,-ας,n. f.,"piège, instrument pour attraper",1,
G2340,θηρεύω,,vb.,surprendre,1,2024-11-01T08:15:49.825Z
G2341,θηριομαχέω,,vb.,combattre contre les bêtes sauvages,1,
G2342,θηρίον,-ου,n. m.,"la bête, l'animal",45,2025-07-28T14:37:14.570Z
G2343,θησαυρίζω,,vb.,"accumuler, amasser, mettre en réserve, réserver",8,
G2344,θησαυρός,-οῦ,n. f.,"trésor, bien précieux",17,
G2345,θιγγάνω,aor. subj. θίγω,vb.,toucher,3,
G2346,θλίβω,pf. pass. ptc. τεθλιμμένος,vb.,presser ; resserrer ; affliger ; être dans la tribulation,10,
G2347,θλῖψις,-εως,n. f.,l'affliction ; la tribulation ; l'angoisse ; la détresse ; la pression,45,2025-07-28T14:37:14.570Z
G2348,θνῄσκω,pf. τέθνηκα,vb.,"être mort, être décédé",9,
G2349,θνητός,"-ή, -όν",adj.,"mortel, susceptible de mourir",6,
G2350,θορυβέω,,vb.,faire du tumulte ; troubler,5,
G2351,θόρυβος,-ου,n. m.,"tumulte, bruit, vacarme, agitation",7,
G2352,θραύω,,vb.,"opprimer, presser, briser",1,
G2353,θρέμμα,-τος,n. n.,un troupeau,1,2024-11-01T08:15:49.825Z
G2354,θρηνέω,,vb.,"chanter des complaintes, se lamenter, pleurer",4,
G2356,θρησκεία,-ας,n. f.,"culte, religion",4,
G2357,θρησκός,-όν,adj.,religieux,1,
G2358,θριαμβεύω,,vb.,mener en triomphe,2,
G2359,θρίξ,τριχός,n. f.,cheveu ; poil,15,
G2360,θροέομαι,,vb.,être alarmé,3,2026-08-29T15:16:25.068Z
G2361,θρόμβος,-ου,n. m.,"grumeau, grosse goutte, caillot",1,
G2362,θρόνος,-ου,n. m.,le trône,62,2025-07-28T14:44:53.456Z
G2363,Θυάτειρα,-ων,n. pr.,Thyatire = «odeur d’affliction»,4,
G2364,θυγάτηρ,-τρός,n. f.,la fille,27,2025-07-28T14:44:53.456Z
G2365,θυγάτριον,-ου,n. m.,"petite fille, jeune fille",2,
G2366,θύελλα,-ης,n. f.,"tempête, orage soudain, cyclone",1,
G2367,θύϊνος,"-η, -ον",adj.,senteur,1,2024-11-01T08:15:49.825Z
G2368,θυμίαμα,-τος,n. n.,"parfum, encens",6,
G2369,θυμιατήριον,-ου,n. m.,encensoir,1,
G2370,θυμιάω,,vb.,"offrir le parfum, brûler l’encens",1,
G2371,θυμομαχέω,,vb.,"être très irrité, être très fâché, être exaspéré",1,
G2372,θυμός,-οῦ,n. f.,colère ; indignation,18,2025-10-06T07:57:30.214Z
G2373,θυμόω,,vb.,"être en colère, être en fureur, être enragé",1,
G2374,θύρα,-ας,n. f.,la porte,39,2025-07-28T14:44:53.456Z
G2375,θυρεός,-οῦ,n. f.,bouclier,1,
G2376,θυρίς,-ίδος,n. f.,fenêtre,2,
G2377,θυρωρός,-οῦ,n. m./f.,"portier, portière",4,
G2378,θυσία,-ας,n. f.,"le sacrifice, la victime",28,2025-07-28T14:44:53.456Z
G2379,θυσιαστήριον,-ου,n. m.,l'autel,23,2025-07-28T14:44:53.456Z
G2380,θύω,aor. pass. ἐτύθην,vb.,sacrifier ; tuer,14,
G2381,Θωμᾶς,-ᾶ,n. pr. m.,Thomas = «un jumeau»,11,
G2382,θώραξ,-ακος,n. f.,cuirasse,5,
G2383,Ἰάειρος,-ου,n. pr. m.,Jaïrus = «celui que Dieu éclaire»,2,
G2384,Ἰακώβ,,n. pr. m.,"Jacob = «qui prend par le talon, ou qui supplante»",27,2024-11-01T08:15:49.825Z
G2385,Ἰάκωβος,-ου,n. pr. m.,Jacques = «qui supplante»,42,2024-11-01T08:15:49.825Z
G2386,ἴαμα,-τος,n. n.,don de grâce de guérison physique donné dans l’assemblée à son début,3,
G2387,Ἰαμβρῆς,Ἰαμβροῠ ?,n. pr. m.,"Jambrès = «guérisseur, écumeux comme la mer»",1,
G2388,Ἰαννά,,n. pr. m.,Jannaï = «florissant»,1,
G2389,Ἰαννῆς,Ἰάννου ?,n. pr. m.,"Jannès (Janna) = «qui parle, qui répond»",1,
G2390,ἰάομαι,,vb.,"soigner, guérir, raffermir, consolider",26,2024-11-01T08:15:49.825Z
G2391,Ἰάρεδ,,n. pr. m.,Jared = «qui descend»,1,
G2392,ἴασις,-εως,n. f.,"guérison, cure",3,
G2393,ἴασπις,-ιδος,n. f.,jaspe,4,
G2394,Ἰάσων,-ονος,n. pr. m.,Jason = «celui qui guérit»,5,
G2395,ἰατρός,-οῦ,n. f.,médecin,7,
G2396,ἴδε,,interj.,"voici, vois",30,
G2397,ἰδέα,,n. f.,"aspect extérieur, apparence, forme",1,
G2398,ἴδιος,"-α, -ον",adj.,propre (appartenance),113,2024-11-01T08:15:49.825Z
G2399,ἰδιώτης,-ου,n. m.,"homme simple, ignorante, illettrée, commun",5,
G2400,ἰδού,,interj.,"voici, voilà, regarde!",199,2024-11-01T08:15:49.825Z
G2401,Ἰδουμαία,-ας,n. pr. f.,Idumée = «appartenant à Édom»,1,
G2402,ἱδρώς,-ῶτος,n. f.,"sueur, transpiration",1,
G2403,Ἰεζαβήλ,,n. pr. f.,Jézabel = «chaste»,1,
G2404,Ἱεράπολις,-εως,n. pr. f.,"Hiérapolis = «ville sainte, sacrée»",1,
G2405,ἱερατεία,-ας,n. f.,"sacrificature, puis au temple",2,
G2406,ἱεράτευμα,-τος,n. n.,"sacrificature, puis au temple",2,
G2407,ἱερατεύω,,vb.,"exercer la sacrificature, puis au temple",1,
G2408,Ἱερεμίας,-ου,n. pr. m.,Jérémie = «celui que l’Éternel a nommé»,3,
G2409,ἱερεύς,-έως,n. f.,"le sacrificateur, le prêtre",30,2025-07-28T14:44:53.456Z
G2410,Ἱεριχώ,,n. pr.,Jéricho = «lieu de parfums»,7,
G2411,ἱερόν,,n. n.,le temple,70,2025-07-28T14:44:53.456Z
G2412,ἱεροπρεπής,-ές,adj.,comme il convient à de saintes femmes,1,
G2413,ἱερός,"-ά, -όν",adj.,"sacré, saint, consacré à dieu",2,
G2414,Ἱεροσόλυμα,,n. pr.,Jérusalem = «fondement de la paix»,62,
G2415,Ἱεροσολυμίτης,-ου,n. pr. m.,De Jérusalem,2,
G2416,ἱεροσυλέω,,vb.,commettre des sacrilèges,1,
G2417,ἱερόσυλος,-ον,adj.,voleur sacrilège,1,
G2418,ἱερουργέω,,vb.,"exercer la sacrificature, puis au temple",1,
G2419,Ἱερουσαλήμ,,n. pr.,Jérusalem = «fondement de la paix»,77,
G2420,ἱερωσύνη,-ης,n. f.,"sacrificature, puis au temple",3,
G2421,Ἰεσσαί,,n. pr. m.,Isaï = «richesse»,5,
G2422,Ἰεφθάε,,n. pr. m.,Jephté = «celui qu Dieu libère»,1,
G2423,Ἰεχονίας,-ου,n. pr. m.,Jéconias = «l’Éternel l’établira»,2,
G2424,Ἰησοῦς,"-οῦ, -οῦν",n. pr. m.,Jésus = «l’Éternel est salut»,910,2024-11-01T08:15:49.825Z
G2425,ἱκανός,"-ή, -όν",adj.,"suffisant, assez grand, assez nombreux",39,2024-11-01T08:15:49.825Z
G2426,ἱκανότης,-ητος,n. f.,"capacité, compétence, aptitude",1,
G2427,ἱκανόω,,vb.,"rendre propre, rendre capable de",2,
G2428,ἱκετηρία,-ας,n. f.,supplication,1,
G2429,ἰκμάς,-άδος,n. f.,humidité,1,
G2430,Ἰκόνιον,-ου,n. pr.,Icone = «petite image»,6,
G2431,ἱλαρός,"-ά, -όν",adj.,"joyeux, gai, prompt à agir",1,
G2432,ἱλαρότης,-ητος,n. f.,"joie, gaieté, empressement",1,
G2433,ἱλάσκομαι,,vb.,"faire propitiation, apaiser",2,
G2434,ἱλασμός,-οῦ,n. f.,propitiation,2,
G2435,ἱλαστήριος,,n. n.,propitiatoire,2,
G2436,ἵλεως,-ων,adj. / adv.,"clément, miséricordieux, indulgent, favorable, favorablement",2,
G2437,Ἰλλυρικόν,-οῦ,n. pr.,Illyrie = «la troupe lyrique»,1,
G2438,ἱμάς,-άντος,n. f.,"courroie, lanière ; fouet",4,2025-10-29T15:03:15.182Z
G2439,ἱματίζω,,vb.,"vêtir, mettre un vêtement",2,
G2440,ἱμάτιον,-ου,n. m.,"le vêtement, la chemise, l'himation",59,2025-07-28T14:44:53.456Z
G2441,ἱματισμός,-οῦ,n. f.,habillement ; robe ; vêtement,5,
G2442,ὁμείρομαι,,vb.,"être tendrement affectionné, aimer",1,
G2443,ἵνα,,conj.,"(+subj.) que, afin que",668,2025-07-28T14:44:53.456Z
G2445,Ἰόππη,-ης,n. pr. f.,"Joppé = «beau, belle»",10,
G2446,Ἰορδάνης,-ου,n. pr. m.,Jourdain = «qui descend»,15,
G2447,ἰός,-οῦ,n. f.,"rouille, venin",3,
G2448,Ἰουδά,,n. pr.,Juda = «il sera loué»,3,
G2449,Ἰουδαία,-ας,n. pr. f.,la Judée = «il sera loué»,44,2025-07-28T14:44:53.456Z
G2450,Ἰουδαΐζω,,vb.,judaïser,1,
G2451,Ἰουδαϊκός,"-ή, -όν",adj.,judaïque,1,
G2452,Ἰουδαϊκῶς,,adv.,Comme les Juifs,1,
G2453,Ἰουδαῖος,"-α, -ον ; -αία, -αῖον",adj.,le Juif,194,2025-07-28T14:44:53.456Z
G2454,Ἰουδαϊσμός,-οῦ,n. pr.,judaïsme,2,
G2455,Ἰούδας,-α,n. pr. m.,"(= «il (Dieu) sera loué»), Judas, Juda, Jude, Joda",41,2024-11-01T08:15:49.825Z
G2456,Ἰουλία,-ας,n. pr. f.,Julie = «douce chevelure»,1,
G2457,Ἰούλιος,-ου,n. pr. m.,Julius = «douce chevelure»,2,
G2458,Ἰουνιᾶς,-ᾶ,n. pr. f.,Junias = «jeune»,1,
G2459,Ἰοῦστος,-ου,n. pr. m.,Justus = «juste»,3,
G2460,ἱππεύς,-έως,n. f.,cavalier,2,
G2461,ἱππικός,,adj.,cavalerie,1,
G2462,ἵππος,-ου,n. m.,cheval,17,
G2463,ἶρις,-ιδος,n. f.,arc-en-ciel,2,
G2464,Ἰσαάκ,,n. pr. m.,"Isaac = «rire, il rit»",20,
G2465,ἰσάγγελος,-ον,adj.,"semblable aux anges, égal aux anges, pareil aux anges",1,
G2466,Ἰσαχάρ,,n. pr. m.,Issacar = «récompense»,1,
G2467,εἴδω,,vb.,"savoir, connaître",2,
G2469,Ἰσκαριώτης,,n. pr. m.,Iscariot = «homme de Karioth»,10,
G2470,ἴσος,"-η, -ον",adj.,la pareille ; égal,8,
G2471,ἰσότης,-ητος,n. f.,"ce qui est équitable, équité, égalité",3,
G2472,ἰσότιμος,-ον,adj.,"de pareil prix, également précieux",1,
G2473,ἰσόψυχος,-ον,adj.,"animé d’un même sentiment, d’un même cœur",1,
G2474,Ἰσραήλ,,n. pr.,Israël = «il sera le prince de Dieu»,68,2024-11-01T08:15:49.825Z
G2475,Ἰσραηλίτης,-ου,adj.,Israélite,9,2025-10-29T14:46:42.874Z
G2476,ἵστημι,"fut. στήσω ; fut. moy. στήσομαι ; fut. pass. σταθήσομαι ; aor. pass. ἐστάθην ; pf. ἕστηκα ; plpf. εἱστήκειν ; inf. στῆναι, ἑστάναι, σταθῆναι ; ptc. στάς, ἑστηκώς, ἑστώς, σταθείς ; impv. στῆθι ; 1aor. ἔστησα ; 2aor. ἔστην",vb.,"faire tenir debout, se tenir debout",152,2024-11-01T08:15:49.825Z
G2477,ἱστορέω,,vb.,faire la connaissance,1,2024-11-01T08:15:49.825Z
G2478,ἰσχυρός,"-ά, -όν",adj.,"fort, puissant",29,2024-11-01T08:15:49.825Z
G2479,ἰσχύς,-ύος,n. f.,"force, capacité, puissance",10,
G2480,ἰσχύω,,vb.,être fort ; être en bonne santé ; avoir le pouvoir,27,2025-07-28T14:44:53.456Z
G2481,ἴσως,,adv.,"peut-être, probablement, possiblement",1,
G2482,Ἰταλία,-ας,n. pr. f.,Italie = «comme un veau»,4,
G2483,Ἰταλικός,"-ή, -όν",adj.,"Italienne, italique, italienne, italique, nom d’une cohorte",1,
G2484,Ἰτουραΐα,"-α, -ον",n. pr.,"Iturée = «appartenant à Jethur», «qui est fermé», «défense»",1,
G2485,ἰχθύδιον,-ου,n. m.,petit poisson,2,
G2486,ἰχθύς,-ύος,n. f.,poisson,20,
G2487,ἴχνος,-ους,n. n.,"trace, pas, piste",3,
G2488,Ἰωάθαμ,,n. pr. m.,Joatham = «l’Éternel est droit»,2,
G2489,Ἰωάννα,-ας,n. pr. f.,Jeanne = «l’Éternel a été favorable»,2,
G2490,Ἰωαννᾶς,,n. pr. m.,Joanan = «grâce ou don de Dieu»,1,
G2491,Ἰωάννης,-ου,n. pr. m.,Jean = «l’Éternel a fait grâce»,135,
G2492,Ἰώβ,,n. pr. m.,"Job = «haï, persécuté»",1,
G2493,Ἰωήλ,,n. pr. m.,Joël = «celui pour qui l’Éternel est Dieu»,1,
G2494,Ἰωνάν,,n. pr. m.,Jonam = «l’Éternel donne avec grâce»,1,
G2495,Ἰωνᾶς,-ᾶ,n. pr. m.,Jonas = «colombe»,9,
G2496,Ἰωράμ,,n. pr. m.,Joram (Jehoram) = «celui que l’Éternel a élevé»,2,
G2497,Ἰωρείμ,,n. pr. m.,Jorim = «celui que l’Éternel a élevé»,1,
G2498,Ἰωσαφάτ,,n. pr. m.,Josaphat = «celui que l’Éternel juge»,2,
G2500,Ἰωσῆς,-ῆ / -ῆτος,n. pr. m.,Joseph (Joses) = «élevé»,3,
G2501,Ἰωσήφ,,n. pr. m.,Joseph = «il ajoutera»,33,2024-11-01T08:15:49.825Z
G2502,Ἰωσίας,-ου,n. pr. m.,Josias = «celui que l’Éternel guérit»,2,
G2503,ἰῶτα,,n. n.,iota,1,
G2505,καθά,,conj.,"selon ce que, juste comme",1,
G2506,καθαίρεσις,-εως,n. f.,"destruction, abattre",3,
G2507,καθαιρέω,fut. καθελῶ ; aor. καθεῖλον ; ptc. καθελών,vb.,descendre ; abattre ; détruire ; anéantir,9,
G2508,καθαίρω,,vb.,"nettoyer, enlever les impuretés, émonder, purifier",1,
G2509,καθάπερ,,conj.,"de même, comme, aussi bien, aussi",12,2024-11-01T08:15:49.825Z
G2510,καθάπτω,aor. καθῆψα,vb.,"attacher, s’accrocher",1,
G2511,καθαρίζω,fut. καθαριῶ,vb.,purifier,31,2024-11-01T08:15:49.825Z
G2512,καθαρισμός,-οῦ,n. f.,purification,7,
G2513,καθαρός,"-ά, -όν",adj.,"propre, pur",27,2024-11-01T08:15:49.825Z
G2514,καθαρότης,-ητος,n. f.,pureté du corps à la suite d’un rituel religieux,1,
G2515,καθέδρα,-ας,n. f.,"siège, chaise, chaire",3,
G2516,καθέζομαι,,vb.,"être assis, se tenir assis",7,
G2517,καθεξῆς,,adv.,par ordre ; successivement,5,
G2518,καθεύδω,,vb.,dormir,22,2024-11-01T08:15:49.825Z
G2519,καθηγητής,-οῦ,n. f.,"conducteur, guide, chef de file, enseignant",2,
G2520,καθήκω,,vb.,"convenir, être approprié, devoir",2,
G2521,κάθημαι,impv. κάθου ; 2sg. κάθῃ,vb.,"s'asseoir, être assis",89,2024-11-01T08:15:49.825Z
G2522,καθημερινός,"-ή, -όν",adj.,"journalier, de chaque jour, quotidien",1,
G2523,καθίζω,,vb.,"faire asseoir, s'assoir, rester, demeurer",45,2024-11-01T08:15:49.825Z
G2524,καθίημι,aor. καθῆκα ; pass. ptc. καθιέμενος,vb.,"descendre, envoyer en bas, dévaler",4,
G2525,καθίστημι,fut. καταστήσω ; fut. pass. κατασταθήσομαι ; aor. κατέστησα ; aor. pass. κατεστάθην,vb.,établir ; conduire ; constituer,21,
G2526,καθό,,conj.,"comme, selon, dans la mesure",4,
G2527,καθόλου,,adv.,"en aucune manière, absolument, formellement",1,
G2528,καθοπλίζω,,vb.,se revêtir de ses armes,1,
G2529,καθοράω,,vb.,"voir complètement, percevoir clairement, comprendre",1,2024-11-01T08:15:49.825Z
G2530,καθότι,,conj.,parce que,6,
G2531,καθώς,,conj.,"selon, comme",182,2024-11-01T08:15:49.825Z
G2532,καί,,conj.,"et, aussi, même, en effet, mais",9108,2024-11-01T08:15:49.825Z
G2533,Καϊάφας,-α,n. pr. m.,Caïphe = «avenant»,9,
G2535,Κάϊν,,n. pr. m.,Caïn = «artisan (littéralement forgeron)»,3,
G2536,Καϊνάν,,n. pr. m.,Kaïnam = «leur forgeron»,2,
G2537,καινός,"-ή, -όν",adj.,"nouveau, neuf",41,2024-11-01T08:15:49.825Z
G2538,καινότης,-ητος,n. f.,nouveauté,2,
G2539,καίπερ,,conj.,"quoique, bien que",5,
G2540,καιρός,-οῦ,n. f.,"le temps, la saison",85,2025-10-06T07:02:58.698Z
G2541,Καῖσαρ,-ος,n. pr.,"César = «séparé», «chef»",29,
G2542,Καισάρεια,-ας,n. pr. f.,Césarée = «appartenant à César»,17,
G2545,καίω,"fut. pass. καυθήσομαι, καυθήσωμαι ; pf. pass. κέκαυμαι",vb.,allumer ; brûler ; embraser,11,
G2548,κἀκεῖνος,"-η, -ο",dém.,"et celui-là, il",22,
G2549,κακία,-ας,n. f.,malice ; méchanceté ; peine,11,
G2550,κακοήθεια,-ας,n. f.,"mauvaises mœurs, dépravation",1,
G2551,κακολογέω,,vb.,mal parler ; médire,4,
G2552,κακοπάθεια,,n. f.,"souffrance, difficulté, affliction",1,
G2553,κακοπαθέω,,vb.,prendre la part de souffrances ; maltraiter,3,
G2554,κακοποιέω,,vb.,faire du mal,4,
G2555,κακοποιός,-οῦ,n. f.,"celui qui fait le mal, malfaiteur",3,
G2556,κακός,"-ή, -όν",adj.,"méchant, mal, mauvais",50,2024-11-01T08:15:49.825Z
G2557,κακοῦργος,-ου,adj.,"celui qui commet des méfaits, criminel",4,
G2558,κακουχέω,,vb.,"maltraiter, opprimer, tourmenter",2,
G2559,κακόω,,vb.,maltraiter ; irriter,6,
G2560,κακῶς,,adv.,mal ; cruellement ; misérablement,16,
G2561,κάκωσις,-εως,n. f.,"oppression, mauvais traitement, misère",1,
G2562,καλάμη,-ης,n. f.,"chaume, paille",1,
G2563,κάλαμος,-ου,n. m.,"roseau, plume",12,2024-11-01T08:15:49.825Z
G2564,καλέω,fut. pass. κληθήσομαι ; aor. pass. ἐκλήθην ; pf. κέκληκα,vb.,appeler,148,2024-11-01T08:15:49.825Z
G2565,καλλιέλαιος,-ου,n. f.,"olivier franc, olivier cultivé",1,
G2566,καλλίον,,adv.,"très bien, parfaitement",1,
G2567,καλοδιδάσκαλος,-ον,adj.,qui enseigne de bonnes choses,1,
G2569,καλοποιέω,,vb.,faire le bien,1,
G2570,καλός,"-ή, -όν",adj.,"bon, beau",101,2024-11-01T08:15:49.825Z
G2571,κάλυμμα,-τος,n. n.,"voile, couverture",4,
G2572,καλύπτω,,vb.,couvrir,8,
G2573,καλῶς,,adv.,bien,36,2024-11-01T08:15:49.825Z
G2574,κάμηλος,-ου,n. m.,chameau,6,
G2575,κάμινος,-ου,n. m.,fournaise,4,
G2576,καμμύω,,vb.,"fermer, boucher",2,
G2577,κάμνω,aor. subj. 2pl. κάμητε,vb.,"être lassé, se fatiguer, se laisser accabler, être malade",2,
G2578,κάμπτω,,vb.,"fléchir, plier, courber, ployer",4,
G2580,Κανᾶ,,n. pr.,Cana = «l’endroit des roseaux»,4,
G2581,Κανανίτης,,n. pr. m.,Cananite = «zélé»,2,
G2582,Κανδάκη,-ης,n. pr.,Candace = «qui possède»,1,
G2583,κανών,-όνος,n. f.,règle,4,
G2584,Καπερναούμ,,n. pr.,"Capernaüm = «village de Nahum, de la consolation»",16,
G2585,καπηλεύω,,vb.,"frelater, falsifier",1,
G2586,καπνός,-οῦ,n. f.,fumée,13,
G2587,Καππαδοκία,-ας,n. pr. f.,Cappadoce = «province des bons chevaux»,2,
G2588,καρδία,-ας,n. f.,le cœur,155,2024-11-01T08:15:49.825Z
G2589,καρδιογνώστης,-ου,n. m.,"celui qui connaît les cœurs, qui comprend",2,
G2590,καρπός,-οῦ,n. f.,le fruit,66,2025-10-06T07:07:41.128Z
G2591,Κάρπος,-ου,n. pr. m.,Carpus = «le fruit»,1,
G2592,καρποφορέω,,vb.,"porter, produire du fruit, donner des résultats, produire un effet",8,
G2593,καρποφόρος,-ον,adj.,"fertile, fructueux, productif",1,
G2594,καρτερέω,,vb.,"demeurer ferme, rester ferme, demeurer patient",1,
G2595,κάρφος,-ους,n. n.,"fétu, brin de paille",6,
G2596,κατά,,prép.,"(+A) selon, conformément à, comme, dans, vers, près de, du côté de, le long de, à travers, au temps de, pendant, pour, en vue de, par, en raison de, du fait de ; (+G) contre, en bas de, dans, d'un bout à l'autre de, par, sur",472,2024-11-01T08:15:49.825Z
G2597,καταβαίνω,"fut. καταβήσομαι ; aor. κατέβην ; pf. καταβέβηκα ; inf. καταβῆναι ; ptc. καταβάς ; impv. κατάβηθι, κατάβα",vb.,descendre,79,2024-11-01T08:15:49.825Z
G2598,καταβάλλω,,vb.,"poser, établir, précipiter, être très abattu",2,
G2599,καταβαρέω,,vb.,"appesantir, surcharger",1,
G2600,κατάβασις,-εως,n. f.,descente,1,
G2602,καταβολή,-ῆς,n. f.,"fondation, création, commencement",11,
G2603,καταβραβεύω,,vb.,"frustrer du prix, disqualifier",1,
G2604,καταγγελεύς,-έως,n. f.,"celui qui annonce, prédicateur",1,
G2605,καταγγέλλω,aor. κατήγγειλα ; aor. pass. κατηγγέλην,vb.,"annoncer, déclarer, prêcher, publier",18,
G2606,καταγελάω,impf. κατεγέλων,vb.,"se rire de, se moquer de",3,
G2607,καταγινώσκω,pf. pass. κατέγνωσμαι,vb.,"condamner, blâmer, réprimander",3,
G2608,κατάγνυμι,fut. κατεάξω ; aor. κατέαξα ; aor. pass. κατεάγην ; subj. 3pl. κατεαγῶσιν,vb.,"briser, rompre, craquer, mettre en pièces",4,
G2609,κατάγω,aor. κατήγαγον ; aor. pass. κατήχθην ; inf. καταγαγεῖν ; ptc. καταχθείς,vb.,faire descendre ; aborder ; mener,9,
G2610,καταγωνίζομαι,,vb.,"subjuguer, vaincre, conquérir",1,
G2611,καταδέω,,vb.,"mettre un bandage, panser",1,
G2612,κατάδηλος,-ον,adj.,"évident, très manifeste",1,
G2613,καταδικάζω,,vb.,"condamner, exercer la justice, prononcer un jugement",5,
G2614,καταδιώκω,,vb.,"suivre, poursuivre",1,
G2615,καταδουλόω,,vb.,"asservir, rendre entièrement serviteur",2,
G2616,καταδυναστεύω,,vb.,"asservir à sa puissance, opprimer, tyranniser",2,
G2617,καταισχύνω,,vb.,couvrir de honte ; déshonorer ; rendre honteux ; être confus,13,
G2618,κατακαίω,"fut. κατακαύσω ; fut. pass. κατακαήσομαι, κατακαυθήσομαι ; aor. pass. κατεκάην ; aor. inf. κατακαῦσαι",vb.,"brûler entièrement, consumer complètement",11,
G2619,κατακαλύπτω,,vb.,"couvrir, se voiler",3,
G2620,κατακαυχάομαι,impv. 2sg. κατακαυχῶ,vb.,"se glorifier, se vanter, s’enorgueillir grandement",4,
G2621,κατάκειμαι,,vb.,être assis à table ; être couché,12,
G2622,κατακλάω,,vb.,"rompre, diviser",2,
G2623,κατακλείω,,vb.,"enfermer, confiner",2,
G2624,κατακληροδοτέω,,vb.,"donner en héritage, distribuer en héritage",1,
G2625,κατακλίνω,aor. pass. κατεκλίθην,vb.,"faire asseoir (à table), être à table, se reposer",5,2024-11-01T08:15:49.825Z
G2626,κατακλύζω,,vb.,submerger,1,
G2627,κατακλυσμός,-οῦ,n. f.,déluge,4,
G2628,κατακολουθέω,,vb.,"accompagner, suivre de près",2,
G2629,κατακόπτω,,vb.,"meurtrir, couper, blesser",1,
G2630,κατακρημνίζω,,vb.,précipiter,1,
G2631,κατάκριμα,-τος,n. n.,condamnation,3,
G2632,κατακρίνω,aor. pass. κατεκρίθην,vb.,"condamner, prononcer une sentence, juger",16,
G2633,κατάκρισις,-εως,n. f.,condamnation,2,
G2634,κατακυριεύω,,vb.,"dominer, maîtriser",4,
G2635,καταλαλέω,,vb.,médire ; parler contre,5,
G2636,καταλαλιά,-ᾶς,n. f.,médisance,2,
G2637,κατάλαλος,-ον,adj.,médisant,1,
G2638,καταλαμβάνω,aor. κατέλαβον ; aor. pass. κατελήμφθην ; pf. κατείληφα ; pf. pass. κατείλημμαι,vb.,"remporter, obtenir ; saisir, s'emparer ; attraper, surprendre ; (moy.) percevoir, comprendre",13,2025-10-31T09:03:22.910Z
G2639,καταλέγω,,vb.,"inscrire au rôle, enregistrer",1,
G2641,καταλείπω,"aor. κατέλιπον, κατέλειψα ; pf. pass. καταλέλειμμαι",vb.,"laisser derrière, quitter",22,2024-11-01T08:15:49.825Z
G2642,καταλιθάζω,,vb.,lapider,1,
G2643,καταλλαγή,-ῆς,n. f.,"réconciliation, réconcilier",4,
G2644,καταλλάσσω,aor. pass. κατηλλάγην ; ptc. καταλλαγείς,vb.,"réconciliation, réconcilier",6,
G2645,κατάλοιπος,-ον,adj.,"résidu, reste",1,
G2646,κατάλυμα,-τος,n. n.,"hôtellerie, lieu pour loger, salle commune, logis",3,
G2647,καταλύω,,vb.,détruire ; abolir ; renverser ; jeter à bas ; loger,17,
G2648,καταμανθάνω,aor. impv. 2pl. καταμάθετε,vb.,"étudier, observer attentivement",1,
G2649,καταμαρτυρέω,,vb.,"témoigner contre, porter témoignage contre, déposer contre, porter des accusations",3,
G2650,καταμένω,,vb.,"demeurer, rester fréquemment",1,
G2652,κατανάθεμα,,n. n.,"malédiction, exécration",1,
G2653,καταναθεματίζω,,vb.,faire des imprécations,1,
G2654,καταναλίσκω,,vb.,"consumer, détruire entièrement, dévorer",1,
G2655,καταναρκάομαι,,vb.,"être à charge, être un fardeau, accabler",3,
G2656,κατανεύω,,vb.,faire signe,1,
G2657,κατανοέω,,vb.,apercevoir ; regarder ; considérer ; jeter les yeux ; veiller,14,
G2658,καταντάω,,vb.,arriver ; parvenir ; atteindre ; venir,13,
G2659,κατάνυξις,-εως,n. f.,"étourdissement, sommeil profond, engourdissement",1,
G2660,κατανύσσω,aor. κατενύγην,vb.,saisir de componction,1,
G2661,καταξιόω,,vb.,"estimer digne, juger digne, juger méritoire",3,
G2662,καταπατέω,,vb.,fouler aux pieds,5,2025-10-20T12:11:26.959Z
G2663,κατάπαυσις,-εως,n. f.,"repos, action de s’arrêter",9,
G2664,καταπαύω,,vb.,"empêcher, faire cesser, restreindre, se reposer, donner du repos",4,
G2665,καταπέτασμα,-τος,n. n.,"voile, rideau",6,
G2666,καταπίνω,"aor. κατέπιον ; aor. pass. κατεπόθην ; inf. καταπιεῖν, καταπεῖν, καταπῖν ; subj. καταποθῶ ; subj. 3sg. καταπίει, καταπίῃ",vb.,absorber ; avaler ; engloutir ; accabler,7,
G2667,καταπίπτω,aor. κατέπεσον ; ptc. καταπεσών,vb.,"tomber, s’écrouler",3,
G2668,καταπλέω,aor. κατέπλευσα,vb.,"aborder, naviguer en descendant, accoster, arriver",1,
G2669,καταπονέω,,vb.,"opprimer, affliger",2,
G2670,καταποντίζω,,vb.,"enfoncer, couler, sombrer, noyer",2,
G2671,κατάρα,-ας,n. f.,"malédiction, imprécation",6,2025-10-06T08:10:40.715Z
G2672,καταράομαι,pf. κατήραμαι ; aor. 2sg. κατηράσω,vb.,maudire,5,
G2673,καταργέω,,vb.,"rendre ineffectif, abolir",27,2024-11-01T08:15:49.825Z
G2674,καταριθμέω,,vb.,"compter, être du nombre",1,
G2675,καταρτίζω,,vb.,"restaurer, ajuster, compléter, préparer pour un but",13,2025-02-18T10:13:49.000Z
G2676,κατάρτισις,-εως,n. f.,perfectionnement,1,
G2677,καταρτισμός,-οῦ,n. f.,perfectionnement,1,
G2678,κατασείω,,vb.,faire signe,4,
G2679,κατασκάπτω,,vb.,"renverser, raser, démolir, ruiner",2,
G2680,κατασκευάζω,,vb.,bâtir ; construire ; bien disposer ; préparer,11,
G2681,κατασκηνόω,,vb.,"demeurer, habiter, nicher, reposer",4,
G2682,κατασκήνωσις,-εως,n. f.,"demeure, nid d’oiseau",2,
G2683,κατασκιάζω,,vb.,ombrager,1,
G2684,κατασκοπέω,,vb.,"épier, surveiller, espionner",1,
G2685,κατάσκοπος,-ου,n. m.,espion,1,
G2686,κατασοφίζομαι,,vb.,"user de ruse, user de tromperie, agir avec artifice",1,
G2687,καταστέλλω,pf. pass. κατέσταλμαι ; aor. ptc. καταστείλας,vb.,"se tenir tranquille, se calmer, s’apaiser",2,
G2688,κατάστημα,-τος,n. n.,"manière d’être, comportement, façon de vivre",1,
G2689,καταστολή,-ῆς,n. f.,vêtement,1,2026-08-29T13:32:33.240Z
G2690,καταστρέφω,,vb.,"renverser, jeter à terre, retourner",2,
G2691,καταστρηνιάω,,vb.,s’opposer par des désirs,1,
G2692,καταστροφή,-ῆς,n. f.,"subversion, ruine, bouleversement",2,
G2693,καταστρώννυμι,aor. pass. κατεστρώθην,vb.,"tomber, être abattu, être tué",1,
G2694,κατασύρω,,vb.,"tirer, traîner avec force",1,
G2695,κατασφάζω,,vb.,"tuer, abattre, égorger",1,
G2696,κατασφραγίζω,,vb.,"sceller, apposer un sceau",1,
G2697,κατάσχεσις,-εως,n. f.,possession,2,
G2698,κατατίθημι,aor. κατέθηκα ; aor. moy. inf. καταθέσθαι,vb.,"gagner, mettre",2,
G2699,κατατομή,-ῆς,n. f.,"concision, coupure, mutilation, fausse circoncision",1,
G2701,κατατρέχω,aor. κατέδραμον,vb.,"courir en bas, descendre rapidement",1,
G2702,καταφέρω,aor. κατήνεγκα ; aor. pass. ptc. κατενεχθείς,vb.,"accabler, abattre, appesantir, donner",4,
G2703,καταφεύγω,aor. κατέφυγον ; ptc. καταφυγών,vb.,s’enfuir,2,
G2704,καταφθείρω,pf. pass. κατέφθαρμαι,vb.,"corrompre, détruire complètement, périr",1,
G2705,καταφιλέω,,vb.,couvrir de baisers,6,
G2706,καταφρονέω,,vb.,mépriser,9,
G2707,καταφρονητής,-οῦ,n. f.,"arrogant, contempteur, personne qui critique, qui méprise",1,
G2708,καταχέω,aor. 3sg. κατέχεεν,vb.,"répandre, verser sur",2,
G2709,καταχθόνιος,-ον,adj.,infernal,1,
G2710,καταχράομαι,,vb.,"user à son gré, utiliser pleinement, abuser, profiter de",2,
G2711,καταψύχω,,vb.,"rafraîchir, rendre frais",1,
G2712,κατείδωλος,-ον,adj.,"rempli d’idoles, plein d’idoles",1,
G2713,κατέναντι,,prép.,"en face de, devant, vis-à-vis",8,
G2714,κατενώπιον,,prép.,"en présence de, devant",3,
G2715,κατεξουσιάζω,,vb.,"user d’autorité, dominer, exercer son autorité",2,
G2716,κατεργάζομαι,,vb.,accomplir ; commettre ; causer ; former ; opérer ; produire ; surmonter ; travailler à,22,
G2718,κατέρχομαι,aor. κατῆλθον ; inf. κατελθεῖν,vb.,descendre ; aborder ; arriver,15,
G2719,κατεσθίω,fut. καταφάγομαι ; aor. κατέφαγον,vb.,dévorer ; manger,14,
G2720,κατευθύνω,inf. κατευθῦναι ; aor. opt. 3sg. κατευθύναι,vb.,"incliner, guider, diriger, conduire, frayer",3,
G2721,κατεφίστημι,,vb.,"s’élever, se soulever contre",1,
G2722,κατέχω,aor. subj. κατάσχω,vb.,retenir ; garder ; demeurer ferme ; posséder ; occuper,17,
G2723,κατηγορέω,,vb.,accuser,22,2024-11-01T08:15:49.825Z
G2724,κατηγορία,-ας,n. f.,"accusation, motif de condamnation",3,
G2725,κατήγορος,-ου,n. m.,accusateur,4,
G2726,κατήφεια,-ας,n. f.,"tristesse, honte, abattement",1,
G2727,κατηχέω,,vb.,enseigner ; instruire ; ouïr dire,8,
G2728,κατιόομαι,,vb.,être rouillé,1,
G2729,κατισχύω,,vb.,"prévaloir, avoir le dessus, être plus fort",3,
G2730,κατοικέω,aor. κατῴκησα,vb.,"demeurer, établir, habiter",44,2024-11-01T08:15:49.825Z
G2731,κατοίκησις,-εως,n. f.,"habitation, résidence",1,
G2732,κατοικητήριον,-ου,n. m.,"habitation, demeure, domicile",2,
G2733,κατοικία,-ας,n. f.,demeure,1,2024-11-01T08:15:49.825Z
G2734,κατοπτρίζω,,vb.,voir dans un miroir,1,2024-11-01T08:15:49.825Z
G2736,κάτω,,prép.,"en bas, vers le bas",8,
G2737,κατώτερος,"-α, -ον",adj.,"inférieu, inférieur, plus bas",1,
G2738,καῦμα,-τος,n. n.,"chaleur brûlante, brûlure",2,
G2739,καυματίζω,,vb.,brûler,4,
G2740,καῦσις,-εως,n. f.,"combustion, action de brûler",1,
G2741,καυσόω,,vb.,embraser,2,
G2742,καύσων,-ωνος,n. f.,"chaleur brûlante, chaleur ardente, vent brûlant",3,
G2743,καυτηριάζω,,vb.,cautériser,1,
G2744,καυχάομαι,,vb.,se glorifier,36,2024-11-01T08:15:49.825Z
G2745,καύχημα,-τος,n. n.,sujet de gloire ; sujet de se glorifier ; vanterie,11,
G2746,καύχησις,-εως,n. f.,sujet de se glorifier ; prétention ; sujet de gloire ; gloriole,11,
G2747,Κεγχρεαί,-ῶν,n. pr. f.,Cenchrées = «millet»,2,
G2748,κέδρος,,n. pr.,"Cédron = «sombre, trouble»",1,
G2749,κεῖμαι,,vb.,"être couché ; être posé, être placé ; exister, être établi, s'allonger",24,2026-02-19T09:58:29.536Z
G2750,κειρία,-ας,n. f.,bande,1,2024-11-01T08:15:49.825Z
G2751,κείρω,,vb.,"couper les cheveux, tondre",4,
G2752,κέλευσμα,-τος,n. n.,"ordre, signal",1,2024-11-01T08:15:49.825Z
G2753,κελεύω,,vb.,"commander, ordonner",25,2024-11-01T08:15:49.825Z
G2754,κενοδοξία,-ας,n. f.,"vaine gloire, gloire sans valeur",1,
G2755,κενόδοξος,-ον,adj.,"désireux de vaine gloire, vaniteux, orgueilleux",1,
G2756,κενός,"-ή, -όν",adj.,vain ; vide,18,
G2757,κενοφωνία,-ας,n. f.,"discours vain, discussion sans intérêt, bavardage",2,
G2758,κενόω,,vb.,anéantir ; mettre à néant ; rendre vain,5,
G2759,κέντρον,-ου,n. m.,"aiguillon, objet qui pique, dard",4,
G2760,κεντυρίων,-ωνος,n. f.,"centurion, commandant d’une centurie",3,
G2761,κενῶς,,adv.,"en vain, vainement, pour rien",1,
G2762,κεραία,-ας,n. f.,"trait de lettre, en particulier",2,
G2763,κεραμεύς,-έως,n. f.,potier,3,
G2764,κεραμικός,"-ή, -όν",adj.,"poterie, argile",1,
G2765,κεράμιον,-ου,n. m.,cruche,2,
G2766,κέραμος,-ου,n. m.,tuile,1,
G2767,κεράννυμι,aor. ἐκέρασα ; pf. pass. κεκέρασμαι,vb.,"verser, mélanger",3,
G2768,κέρας,-ατος,n. n.,"corne, symbole de puissance",11,
G2769,κεράτιον,-ου,n. m.,carouge,1,2024-11-01T08:15:49.825Z
G2770,κερδαίνω,"fut. κερδήσω ; aor. ἐκέρδησα ; inf. κερδῆσαι ; subj. κερδήσω, κερδάνω",vb.,acquérir ; gagner ; éviter,17,
G2771,κέρδος,-ους,n. n.,"gain, avantage, bénéfice",3,
G2772,κέρμα,-τος,n. n.,monnaie,1,
G2773,κερματιστής,-οῦ,n. f.,changeur de monnaie,1,
G2774,κεφάλαιος,-ου,n. n.,somme,2,
G2775,κεφαλαιόω,,vb.,"meurtrir la tête, frapper",1,
G2776,κεφαλή,-ῆς,n. f.,"la tête, le chef",75,2025-10-06T07:10:28.725Z
G2777,κεφαλίς,-ίδος,n. f.,rouleau,1,2024-11-01T08:15:49.825Z
G2778,κῆνσος,-ου,n. m.,tribut,4,
G2779,κῆπος,-ου,n. m.,jardin,5,
G2780,κηπουρός,-οῦ,n. m.,jardinier,1,
G2782,κήρυγμα,-τος,n. n.,"prédication, proclamation publique, annonce d’un message",8,
G2783,κῆρυξ,-υκος,n. f.,"prédicateur, héraut, messager",3,2024-11-01T08:15:49.825Z
G2784,κηρύσσω,,vb.,"prêcher, publier, proclamer, être un héraut",61,2024-11-01T08:15:49.825Z
G2785,κῆτος,-ους,n. n.,cétacé,1,
G2786,Κηφᾶς,-ᾶ,n. pr. m.,"Céphas = «pierre, roc»",9,
G2787,κιβωτός,-οῦ,n. f.,arche,6,
G2788,κιθάρα,-ας,n. f.,"harpe, cithare",4,
G2789,κιθαρίζω,,vb.,jouer sur la harpe,2,
G2790,κιθαρῳδός,-οῦ,n. f.,joueur de harpe,2,
G2791,Κιλικία,-ας,n. pr. f.,Cilicie = «la terre de Celix»,8,
G2792,κινάμωμον,,n. n.,cinnamone,1,2024-11-01T08:15:49.825Z
G2793,κινδυνεύω,,vb.,"braver le péril, affronter le danger, s’exposer au danger",4,
G2794,κίνδυνος,-ου,n. m.,"péril, danger, embûche",9,
G2795,κινέω,,vb.,mouvoir ; ôter ; remuer ; transporter ; hocher ; être en émoi ; provoquer,8,
G2797,Κίς,,n. pr. m.,"Kis (Kish) = «courbé, piège, oiseleur»",1,
G2798,κλάδος,-ου,n. m.,"branche, ramification d’un arbre, rameau",11,
G2799,κλαίω,aor. ἔκλαυσα,vb.,"pleurer, se lamenter",40,2024-11-01T08:15:49.825Z
G2800,κλάσις,-εως,n. f.,"fraction, action de rompre",2,
G2801,κλάσμα,-τος,n. n.,"morceau, fragment, restant de nourriture",8,
G2803,Κλαυδία,-ας,n. pr. f.,Claudia = «boiteuse»,1,
G2804,Κλαύδιος,-ου,n. pr. m.,Claude = «boiteux»,3,
G2805,κλαυθμός,-οῦ,n. f.,"pleur, lamentation, larme",9,
G2806,κλάω,,vb.,"rompre, briser",14,
G2807,κλείς,κλειδός,n. f.,clé,6,
G2808,κλείω,,vb.,enfermer ; fermer,16,
G2809,κλέμμα,-τος,n. n.,"larcin, petit vol, rapine",1,
G2810,Κλεόπας,-ᾶ,n. pr. m.,Cléopas = «d’un père renommé»,1,
G2811,κλέος,-ους,n. m.,"gloire, renommée",1,
G2812,κλέπτης,-ου,n. m.,"voleur, qui dérobe",16,
G2813,κλέπτω,,vb.,"dérober, voler, dévaliser",13,
G2814,κλῆμα,-τος,n. n.,sarment,4,
G2815,Κλήμης,-εντος,n. pr. m.,"Clément = «doux, miséricordieux, bienveillant»",1,
G2816,κληρονομέω,,vb.,hériter,18,
G2817,κληρονομία,-ας,n. f.,héritage,14,
G2818,κληρονόμος,-ου,n. m.,héritier,15,
G2819,κλῆρος,-ου,n. m.,héritage ; part ; sort,10,
G2820,κληρόω,,vb.,"devenir héritier, avoir en héritage",1,2024-11-01T08:15:49.825Z
G2821,κλῆσις,-εως,n. f.,"appel, vocation",11,
G2822,κλητός,"-ή, -όν",adj.,"appelé, invité",10,2025-10-20T12:09:24.837Z
G2823,κλίβανος,-ου,n. f.,four,2,
G2824,κλίμα,-τος,n. n.,"district, région, contrée",3,2024-11-01T08:15:49.825Z
G2825,κλίνη,-ης,n. f.,petit lit,8,
G2826,κλινίδιον,-ου,n. m.,petit lit,2,
G2827,κλίνω,pf. κέκλικα,vb.,baisser ; faire ployer ; reposer,7,
G2828,κλισία,-ας,n. f.,"rang, tablée",1,
G2829,κλοπή,-ῆς,n. f.,"vol, larcin",2,
G2830,κλύδων,-ωνος,n. f.,flot,2,
G2831,κλυδωνίζω,,vb.,balloter,1,
G2832,Κλωπᾶς,-ᾶ,n. pr. m.,Clopas = «mes échanges»,1,
G2833,κνήθω,,vb.,"démanger, chatouiller, irriter",1,
G2834,Κνίδος,-ου,n. pr. f.,Cnide = «voué à Vénus»,1,
G2835,κοδράντης,-ου,n. m.,quadrant,2,
G2836,κοιλία,-ας,n. f.,"estomac, sein maternel, ventre",22,2024-11-01T08:15:49.825Z
G2837,κοιμάω,,vb.,"s’endormir, mourir",18,2024-11-01T08:15:49.825Z
G2838,κοίμησις,-εως,n. f.,"dormir, repos, assoupissement",1,
G2839,κοινός,"-ή, -όν",adj.,commun ; impur ; profane,14,
G2840,κοινόω,,vb.,profaner ; souiller ; tenir pour impur,14,
G2841,κοινωνέω,,vb.,participer ; communiquer ; subvenir,8,
G2842,κοινωνία,-ας,n. f.,communion ; contribution ; partage de ses biens,19,
G2843,κοινωνικός,"-ή, -όν",adj.,"généreux, prompt à partager",1,2026-08-29T13:32:33.240Z
G2844,κοινωνός,-οῦ,n. f.,associé ; personne ayant communion ; complice,10,
G2845,κοίτη,-ης,n. f.,"lit, lit pour dormir, lit conjugal, impudicité",4,
G2846,κοιτών,-ῶνος,n. f.,chambellan,1,
G2847,κόκκινος,"-η, -ον",adj.,"cramoisi, écarlate",6,2024-11-01T08:15:49.825Z
G2848,κόκκος,-ου,n. m.,"grain de moutarde, grain de sénevé, grain d’une plante",7,
G2849,κολάζω,,vb.,"punir, châtier, corriger",2,
G2850,κολακεία,-ας,n. f.,flatterie,1,
G2851,κόλασις,-εως,n. f.,"tourment, punition, châtiment",2,
G2852,κολαφίζω,,vb.,"souffleter, donner des soufflets, maltraiter, traiter avec violence",5,
G2853,κολλάω,,vb.,se joindre ; se lier ; s’amonceler ; tenir ferme ; attacher ; unir,12,
G2854,κολλούριον,-ου,n. n.,collyre,1,
G2855,κολλυβιστής,-οῦ,n. f.,changeur de monnaie,3,
G2856,κολοβόω,,vb.,"abréger, raccourcir, diminuer la durée",4,
G2857,Κολοσσαί,-ῶν,n. pr. f.,Colosses = «monstruosités»,1,
G2859,κόλπος,-ου,n. m.,sein ; baie,6,2025-10-29T14:59:25.241Z
G2860,κολυμβάω,,vb.,nager,1,
G2861,κολυμβήθρα,-ας,n. f.,"réservoir d’eau, bassin d’eau, piscine",3,
G2862,κολωνία,-ας,n. f.,colonie,1,
G2863,κομάω,,vb.,avoir une longue chevelure,2,
G2864,κόμη,-ης,n. f.,"chevelure, ensemble des cheveux",1,
G2865,κομίζω,"fut. moy. κομίσομαι, κομιοῦμαι",vb.,apporter ; recevoir,10,
G2866,κομψότερον,,adj.,"mieux, en meilleur état",1,
G2867,κονιάω,,vb.,blanchir,2,
G2868,κονιορτός,-οῦ,n. f.,poussière soulevée ou en suspension dans l’air,5,
G2869,κοπάζω,,vb.,"tomber, cesser",3,
G2870,κοπετός,-οῦ,n. f.,"deuil, lamentation",1,
G2871,κοπή,-ῆς,n. f.,"défaite, combat",1,
G2872,κοπιάω,,vb.,s'efforcer,22,2024-11-01T08:15:49.825Z
G2873,κόπος,-ου,n. m.,peine ; travail ; déplaisir,18,
G2874,κοπρία,-ου,n. n.,fumier,2,
G2875,κόπτω,,vb.,"se lamenter, couper",8,
G2876,κόραξ,-ακος,n. f.,"corbeau, oiseau omnivore",1,
G2877,κοράσιον,-ου,n. m.,"petite fille, jeune fille",8,
G2878,κορβᾶν,,hébr. / n.,"corban = «offrande», don offert à Dieu",2,2024-11-01T08:15:49.825Z
G2879,Κορέ,,n. pr. m.,Coré = «calvitie»,1,
G2880,κορέννυμι,pf. pass. κεκόρεσμαι ; aor. pass. ptc. κορεσθείς,vb.,"rassasier, satisfaire à satiété",2,
G2881,Κορίνθιος,-ου,adj.,Corinthien,2,
G2882,Κόρινθος,-ου,n. pr. f.,Corinthe = «rassasié»,6,
G2883,Κορνήλιος,-ου,n. pr. m.,Corneille = «d’une corne»,8,
G2884,κόρος,-ου,n. m.,cor,1,
G2885,κοσμέω,,vb.,orner ; apprêter ; se parer,10,
G2886,κοσμικός,"-ή, -όν",adj.,"mondain, terrestre",2,
G2887,κόσμιος,-ον,adj.,"honorable, de bonne tenue, digne",2,
G2888,κοσμοκράτωρ,-ορος,n. f.,dominateur,1,
G2889,κόσμος,-ου,n. m.,"le monde, l'univers",185,2025-10-06T07:11:27.821Z
G2890,Κούαρτος,-ου,n. pr. m.,Quartus = «quatrième»,1,
G2891,κοῦμι,,aram. / vb.,talitha coumi,1,
G2892,κουστωδία,-ας,n. f.,garde,3,
G2893,κουφίζω,,vb.,"alléger, décharger, rendre plus léger",1,
G2894,κόφινος,-ου,n. m.,panier,6,
G2895,κράββατος,-ου,n. f.,"petit lit, grabat, brancard, civière",11,
G2896,κράζω,aor. ἐκέκραξα ; pf. κέκραγα,vb.,crier,53,2024-11-01T08:15:49.825Z
G2897,κραιπάλη,-ης,n. f.,"gourmandise, abus de boisson, ivresse, excès",1,
G2898,κρανίον,-ου,n. m.,Crâne,4,
G2899,κράσπεδον,-ου,n. m.,"france, bord, marge",5,2024-11-01T08:15:49.825Z
G2900,κραταιός,"-ά, -όν",adj.,"puissant, fort",1,
G2901,κραταιόω,,vb.,"fortifier, augmenter en force, s’affermir",4,
G2902,κρατέω,,vb.,prévaloir ; dominer ; saisir,47,2025-10-06T07:15:30.239Z
G2903,κράτιστος,"-η, -ον",adj.,"très excellent, très honorable",4,
G2904,κράτος,-ους,n. n.,puissance ; force ; pouvoir,12,
G2905,κραυγάζω,,vb.,"crier, vociférer",8,
G2906,κραυγή,-ῆς,n. f.,"clameur, cri, forte voix, bruit",6,
G2907,κρέας,"κρέατος, κρέως, κρέα",n. n.,"chair, viande",2,
G2908,κρείσσων,"-ον, -ονος, κρείσσων",adj.,"mieux, meilleur",18,2024-11-01T08:15:49.825Z
G2910,κρεμάννυμι,moy. κρέμαμαι ; aor. ptc. κρεμάσας ; aor. pass. ptc. κρεμασθείς,vb.,pendre ; dépendre,7,2025-02-27T09:11:15.000Z
G2911,κρημνός,-οῦ,n. f.,"côte, escarpement, précipice",3,
G2912,Κρής,-ητός,adj.,Crétois,2,
G2913,Κρήσκης,-εντος,n. pr. m.,"Crescens = «qui croît, qui augmente»",1,
G2914,Κρήτη,-ης,n. pr. f.,Crète = «charnu»,5,
G2915,κριθή,-ῆς,n. f.,orge,1,
G2916,κρίθινος,"-η, -ον",adj.,"d’orge, fait d’orge",2,
G2917,κρίμα,-τος,n. n.,le jugement,27,2025-10-06T07:16:26.647Z
G2918,κρίνον,-ου,n. m.,"lis, bleue ou rose",2,
G2919,κρίνω,fut. pass. κριθήσομαι ; aor. pass. ἐκρίθην ; pf. κέκρικα ; inf. κριθῆναι,vb.,"juger, décider",113,2024-11-01T08:15:49.825Z
G2920,κρίσις,-εως,n. f.,jugement,47,2024-11-01T08:15:49.825Z
G2921,Κρίσπος,-ου,n. pr. m.,Crispus = «frisé»,2,
G2922,κριτήριον,-ου,n. m.,tribunal,3,
G2923,κριτής,-οῦ,n. f.,"juge, sur un individu",19,
G2924,κριτικός,"-ή, -όν",adj.,"discernant, capable de juger, de percevoir distinctement",1,
G2925,κρούω,,vb.,"heurter, frapper",9,
G2926,κρύπτη,-ης,n. f.,"lieu caché, cachette",1,
G2927,κρυπτός,"-ή, -όν",adj.,"secret, caché, dissimulé",17,
G2928,κρύπτω,aor. pass. ἐκρύβην ; pf. pass. κέκρυμμαι ; inf. κρυβῆναι,vb.,"cacher, garder secret, dissimuler",18,
G2929,κρυσταλλίζω,,vb.,"être de cristal, être clair",1,
G2930,κρύσταλλος,-ου,n. m.,cristal,2,
G2931,κρυφῆ,,adv.,"en secret, secrètement, de façon cachée",1,
G2932,κτάομαι,,vb.,faire provision ; posséder,7,
G2933,κτῆμα,-τος,n. n.,bien ; possession,4,
G2934,κτῆνος,-ους,n. m.,"bête, bétail, bête de somme",4,
G2935,κτήτωρ,-ορος,n. f.,"possesseur, propriétaire",1,
G2936,κτίζω,,vb.,créer,15,
G2937,κτίσις,-εως,n. f.,création,19,2025-02-04T10:28:00.000Z
G2938,κτίσμα,-τος,n. n.,créature,4,
G2939,κτίστης,-ου,n. f.,créateur,1,
G2940,κυβεία,-ας,n. f.,tromperie,1,2024-11-01T08:15:49.825Z
G2941,κυβέρνησις,-εως,n. f.,gouvernement,1,
G2942,κυβερνήτης,-ου,n. m.,"pilote, timonier",2,
G2943,κυκλόθεν,,prép.,autour,3,
G2944,κυκλόω,,vb.,"environner, encercler, faire le tour",4,
G2945,κύκλῳ,,adv.,d’alentour ; à l’entour ; à la ronde,8,
G2946,κύλισμα,-οῦ,n. f.,vautrement,1,
G2947,κυλίω,,vb.,"rouler, tourner sur soi",1,
G2948,κυλλός,"-ή, -όν",adj.,"estropié, infirme",4,
G2949,κῦμα,-τος,n. n.,vague,5,2025-07-16T13:38:56.721Z
G2950,κύμβαλον,-ου,n. m.,une cymbale,1,2024-11-01T08:15:49.825Z
G2951,κύμινον,-ου,n. m.,cumin,1,2024-11-01T08:15:49.825Z
G2952,κυνάριον,-ου,n. m.,chien,4,
G2953,Κύπριος,-ου,adj.,Cypriote,3,
G2954,Κύπρος,-ου,n. pr. f.,Chypre = «amour: une fleur»,5,
G2955,κύπτω,,vb.,"se baisser, ",1,
G2956,Κυρηναῖος,-ου,adj.,"Cyrénéen, habitant de cyrène",6,
G2957,Κυρήνη,-ης,n. pr. f.,Cyrène = «suprématie de la bride»,1,
G2958,Κυρήνιος,-ου,n. pr. m.,Quirinius = «guerrier»,1,
G2959,Κυρία,-ας,n. f.,dame,2,
G2960,κυριακός,"-ή, -όν",adj.,dominical,2,
G2961,κυριεύω,,vb.,dominer,7,
G2962,κύριος,-ου,n. f.,"le maître, le seigneur",716,2025-10-06T07:17:08.181Z
G2963,κυριότης,-ητος,n. f.,"domination, seigneurie, autorité",4,
G2964,κυρόω,,vb.,"confirmer, ratifier ; rendre valide",2,2025-10-23T12:55:59.430Z
G2965,κύων,"κυνός, κυσί",n. f.,chien,5,
G2966,κῶλον,-ου,n. m.,cadavres,1,2024-11-01T08:15:49.825Z
G2967,κωλύω,,vb.,"empêcher, entraver, interdire ; refuser",23,2025-10-29T15:55:33.135Z
G2968,κώμη,-ης,n. f.,le village,28,2025-10-06T07:17:52.079Z
G2969,κωμόπολις,-εως,n. f.,bourgade,1,2024-11-01T08:15:49.825Z
G2970,κῶμος,-ου,n. m.,"orgie, grande fête, luxure",3,
G2971,κώνωψ,-ωπος,n. f.,"moucheron, petite mouche, moustique, moucheron du vin",1,
G2972,Κώς,Κῶ,n. pr. f.,Cos = «prison publique»,1,
G2973,Κωσάμ,,n. pr. m.,Kosam = «celui qui devine»,1,
G2974,κωφός,"-ή, -όν",adj.,muet ; sourd,14,
G2975,λαγχάνω,aor. ἔλαχον ; ptc. λαχών ; subj. λάχω,vb.,jeter ; recevoir en partage,4,
G2976,Λάζαρος,-ου,n. pr. m.,Lazare = «Dieu a secouru»,15,
G2977,λάθρα,,adv.,"secrètement, en secret",4,
G2978,λαῖλαψ,-απος,n. f.,"tempête, tourbillon de vent, rafale",3,
G2979,λακτίζω,,vb.,"regimber, se rebeller, résister",1,
G2980,λαλέω,,vb.,"parler, dire",296,2024-11-01T08:15:49.825Z
G2981,λαλιά,-ᾶς,n. f.,"langage, dialecte, prononciation, façon de parler, discours",3,
G2982,λαμά,,aram. / part.,pourquoi?,2,
G2983,λαμβάνω,fut. λήμψομαι ; aor. ἔλαβον ; pf. εἴληπται ; inf. λαβεῖν ; ptc. λαβών ; opt. 3sg. λάβοι,vb.,"prendre, recevoir, gagner, obtenir",257,2024-11-01T08:15:49.825Z
G2984,Λάμεχ,,n. pr. m.,Lamech (Ancien Testament: Lémec) = «puissant»,1,
G2985,λαμπάς,-άδος,n. f.,"lampe, torche, lampe à huile, flambeau",9,
G2986,λαμπρός,"-ά, -όν",adj.,"éclatant, brillant, magnifique",9,
G2987,λαμπρότης,-ητος,n. f.,"splendeur, éclat, brillance",1,
G2988,λαμπρῶς,,adv.,"splendidement, magnifiquement, somptueusement",1,
G2989,λάμπω,,vb.,"resplendir, briller",7,
G2990,λανθάνω,aor. ἔλαθον ; inf. λαθεῖν,vb.,être caché ; ignorer,6,
G2991,λαξευτός,"-ή, -όν",adj.,taillé dans le roc,1,
G2992,λαός,-οῦ,n. f.,"peuple, population",141,
G2993,Λαοδίκεια,-ας,n. pr. f.,Laodicée = «justice du peuple»,6,
G2994,Λαοδικεύς,-έως,adj.,"Laodicéen, habitant de laodicée, en asie mineure",1,
G2995,λάρυγξ,-γγος,n. f.,"gosier, gorge",1,
G2996,Λασαία,-ας,n. pr. f.,"Lasée = «poilu, hirsute»",1,
G2997,λάσχω,,vb.,"crever, ouvrir, déchirer",1,
G2998,λατομέω,,vb.,"tailler, découper des pierres, creuser",2,
G2999,λατρεία,-ας,n. f.,"service, culte, adoration",5,
G3000,λατρεύω,,vb.,servir ; rendre culte,20,
G3001,λάχανον,-ου,n. m.,"herbe, herbe de jardin, plante potagère, légume",4,
G3003,λεγεών,-ῶνος,n. f.,"légion, nombre élevé",4,
G3004,λέγω,"fut. ἐρῶ ; aor. εἶπον, εἶπα ; aor. pass. ἐρρέθην ; pf. εἴρηκα ; pf. pass. εἴρημαι ; inf. εἰπεῖν ; ptc. ῥηθείς ; plpf. 3sg. εἰρήκει",vb.,"dire, parler",1318,2024-11-01T08:15:49.825Z
G3005,λεῖμμα,-τος,n. n.,"résidu, un petit reste",1,
G3006,λεῖος,"-α, -ον",adj.,"uni, nivelé, de niveau égal",1,
G3007,λείπω,,vb.,"manquer, faire défaut, rester",6,
G3008,λειτουργέω,,vb.,"faire le service, servir",3,
G3009,λειτουργία,-ας,n. f.,charge ; ministère ; service,6,
G3010,λειτουργικός,"-ή, -όν",adj.,administrateur,1,
G3011,λειτουργός,-οῦ,n. f.,"ministre, administrateur officiel, serviteur",5,
G3012,λέντιον,-ου,n. m.,"linge, serviette",2,
G3013,λεπίς,-ίδος,n. f.,écaille,1,
G3014,λέπρα,-ας,n. f.,"lèpre, qui était incurable",4,
G3015,λεπρός,-οῦ,adj.,lépreux,9,
G3016,λεπτός,,n. n.,pite,3,
G3017,Λευΐ,Λευίν,n. pr. m.,"Lévi = «joindre, attacher»",8,
G3019,Λευΐτης,-ου,adj.,Lévite,3,
G3020,Λευϊτικός,"-ή, -όν",adj.,lévitique,1,
G3021,λευκαίνω,aor. ἐλεύκανα ; inf. λευκᾶναι,vb.,"blanchir, rendre blanc",2,
G3022,λευκός,"-ή, -όν",adj.,"blanc, brillant",25,2024-11-01T08:15:49.825Z
G3023,λέων,-οντος,n. f.,lion,9,
G3024,λήθη,-ης,n. f.,"oubli, perte du souvenir",1,
G3025,ληνός,-οῦ,n. f.,"pressoir, cuve",5,
G3026,λῆρος,-ου,n. m.,"conte, baliverne, histoire insensée",1,
G3027,λῃστής,-οῦ,n. f.,brigand ; voleur ; larron,15,
G3028,λῆψις,,n. f.,le fait de recevoir,1,
G3029,λίαν,,adv.,"très fort, extrêmement, excessivement",12,
G3030,λίβανος,-ου,n. m.,encens,2,
G3031,λιβανωτός,-οῦ,n. f.,encensoir,2,
G3032,Λιβερτῖνος,-ου,n. pr.,affranchi,1,2024-11-01T08:15:49.825Z
G3033,Λιβύη,-ης,n. pr. f.,Libye = «affligé ou pleurant»,1,
G3034,λιθάζω,,vb.,lapider,8,
G3035,λίθινος,"-η, -ον",adj.,"de pierre, fabriqué en pierre",3,
G3036,λιθοβολέω,,vb.,lapider,7,
G3037,λίθος,-ου,n. m.,la pierre,58,2025-10-06T07:19:29.330Z
G3038,λιθόστρωτος,,adj.,pavé,1,
G3039,λικμάω,,vb.,"broyer, réduire en poudre, écraser, vanner",2,
G3040,λιμήν,-ένος,n. f.,port,3,
G3041,λίμνη,-ης,n. f.,lac ; étang,11,
G3042,λιμός,-οῦ,n. m./f.,faim ; famine,12,
G3043,λίνον,-ου,n. n.,"lin, lumignon",2,
G3044,Λίνος,-ου,n. pr. m.,Linus = «un filet»,1,
G3045,λιπαρός,"-ά, -όν",adj.,"délicat, luxueux, raffiné",1,
G3046,λίτρα,-ας,n. f.,livre,2,
G3047,λίψ,"λιβός, λίβα",n. f.,sud-ouest,1,
G3048,λογία,-ας,n. f.,collecte,2,
G3049,λογίζομαι,,vb.,"calculer, considérer",40,2024-11-01T08:15:49.825Z
G3050,λογικός,"-ή, -όν",adj.,"intelligent, raisonnable, intellectuel",2,
G3051,λόγιον,-ου,n. m.,oracle,4,
G3052,λόγιος,"-α, -ον",adj.,éloquent,1,2024-11-01T08:15:49.825Z
G3053,λογισμός,-οῦ,n. f.,"pensée, raisonnement",2,
G3054,λογομαχέω,,vb.,avoir des disputes de mots,1,
G3055,λογομαχία,-ας,n. f.,"dispute de mots, logomachie",1,
G3056,λόγος,-ου,n. m.,le mot ; la parole ; le discours,330,2025-10-06T07:20:07.909Z
G3057,λόγχη,-ης,n. f.,lance,1,
G3058,λοιδορέω,,vb.,"injurier, faire des reproches, insulter",4,
G3059,λοιδορία,-ας,n. f.,"mauvais propos, insulte, outrage, médisance",3,
G3060,λοίδορος,-ου,n. f.,"outrageux, qui insulte, qui injurie",2,
G3061,λοιμός,-οῦ,n. f.,peste,2,
G3062,λοιπός,"-ή, -όν",adj.,"le reste, le restant",40,2024-11-01T08:15:49.825Z
G3063,λοιπόν,,adj.,au reste ; dorénavant,13,
G3064,λοιποῦ,,adj.,"désormais, au reste",2,
G3065,Λουκᾶς,-ᾶ,n. pr. m.,Luc = «qui donne la lumière»,3,
G3066,Λούκιος,-ου,n. pr. m.,"Lucius = «lumière, vif, brillant, blanc»",2,
G3067,λουτρόν,-οῦ,n. n.,"lavage, action de baigner",2,
G3068,λούω,,vb.,"laver, baigner, nettoyer",4,
G3069,Λύδδα,"-ας, Λύδδα",n. pr. f.,Lydde = «lutte»,3,
G3070,Λυδία,-ας,n. pr. f.,Lydie = «travail»,2,
G3071,Λυκαονία,-ας,n. pr. f.,Lycaonie = «terre du loup»,1,
G3072,Λυκαονιστί,,adv.,En lycaonien,1,
G3073,Λυκία,-ας,n. pr. f.,Lycie = «de loup»,1,
G3074,λύκος,-ου,n. m.,loup,6,
G3075,λυμαίνομαι,,vb.,"ravager, dévaster",1,2024-11-01T08:15:49.825Z
G3076,λυπέω,,vb.,affliger,26,2024-11-01T08:15:49.825Z
G3077,λύπη,-ας,n. f.,tristesse ; affliction ; regret,16,
G3078,Λυσανίας,-ου,n. pr. m.,Lysanias = «qui chasse au loin la peine»,1,
G3079,Λυσίας,-ου,n. pr. m.,Lysias = «libérateur»,2,
G3080,λύσις,-εως,n. f.,"séparation, rupture, divorce",1,
G3081,λυσιτελεῖ,,vb.,"valoir mieux, être plus utile, plus avantageux",1,
G3082,Λύστρα,"-ου ?, Λύστροις, Λύστραν",n. pr.,"Lystre = «qui rançonne, qui rachète»",6,
G3083,λύτρον,-ου,n. n.,rançon,2,
G3084,λυτρόω,,vb.,"racheter, délivrer",3,
G3085,λύτρωσις,-εως,n. f.,"délivrance, rédemption, rachat",3,
G3086,λυτρωτής,-οῦ,n. f.,"libérateur, personne qui délivre",1,
G3087,λυχνία,-ας,n. f.,"lampe, pied de lampe, support de lampe, chandelier",12,
G3088,λύχνος,-ου,n. m.,"lampe, flambeau",14,2024-11-01T08:15:49.825Z
G3089,λύω,,vb.,délier,42,2024-11-01T08:15:49.825Z
G3090,Λωΐς,-ΐδος,n. pr. f.,Loïs = «agréable»,1,
G3091,Λώτ,,n. pr. m.,Lot = «voile ou couverture»,4,
G3092,Μαάθ,,n. pr. m.,Maath = «petit»,1,
G3093,Μαγδαλά,-ῆς,n. pr.,Magadan = «une tour»,1,
G3094,Μαγδαληνή,-ῆς,n. pr. f.,Magdala = «une tour»,12,
G3095,μαγεία,-ας,n. f.,magie,1,
G3096,μαγεύω,,vb.,exercer la magie,1,
G3097,μάγος,-ου,n. m.,"mage, magicien",6,
G3098,Μαγώγ,,n. pr.,"Magog = «qui domine, territoire de montagne»",1,
G3099,Μαδιάν,,n. pr.,"Madian = «lutte, dispute»",1,
G3100,μαθητεύω,,vb.,"être disciple, faire disciple",3,
G3101,μαθητής,-οῦ,n. f.,le disciple,261,2025-10-06T07:21:02.738Z
G3102,μαθήτρια,-ας,n. f.,femme disciple,1,
G3103,Μαθουσάλα,,n. pr. m.,Mathusala (Methuselah) = «ce qui sera envoyé lors de sa mort»,1,
G3104,Μαϊνάν,,n. pr. m.,"Menna = «devin, enchanteur»",1,
G3105,μαίνομαι,,vb.,"être fou, être dément",5,
G3106,μακαρίζω,,vb.,"dire bienheureux, appeler bienheureux, estimer heureux",2,
G3107,μακάριος,"-α, -ον",adj.,"béni, heureux",50,2024-11-01T08:15:49.825Z
G3108,μακαρισμός,-οῦ,n. f.,"bonheur, bénédiction, joie",3,
G3109,Μακεδονία,-ας,n. pr. f.,Macédoine = «terre étendue»,22,
G3110,Μακεδών,-όνος,adj.,Macédonien,5,
G3111,μάκελλον,-ου,n. m.,boucherie,1,
G3112,μακρός,,adv.,"loin, à distance",10,
G3113,μακρόθεν,,adv.,"éloigné, à distance",14,
G3114,μακροθυμέω,,vb.,être patient ; user de patience,10,
G3115,μακροθυμία,-ας,n. f.,patience ; persévérance,14,2024-11-01T08:15:49.825Z
G3116,μακροθυμώς,,adv.,"avec patience, avec endurance, avec persévérance",1,
G3117,μακρός,"-ά, -όν",adj.,"long, qui dure longtemps, éloigné, lointain",4,
G3118,μακροχρόνιος,-ον,adj.,vivant longtemps,1,
G3119,μαλακία,-ας,n. f.,"langueur, faiblesse, infirmité corporelle",3,
G3120,μαλακός,"-ή, -όν",adj.,"précieux, délicat au toucher, raffiné, efféminé",4,
G3121,Μαλελεήλ,,n. pr. m.,Maléléel = «louange de Dieu»,1,
G3122,μάλιστα,,adv.,"surtout, plus que tout",12,2024-11-01T08:15:49.825Z
G3123,μᾶλλον,,adv.,plus ; surtout,81,2026-08-29T13:32:33.240Z
G3124,Μάλχος,-ου,n. pr. m.,Malchus = «roi ou royaume»,1,
G3125,μάμμη,-ης,n. f.,grand-mère,1,
G3126,μαμμωνᾶς,-ᾶ,n. m.,"mamon = «richesse», trésor, richesses",4,2024-11-01T08:15:49.825Z
G3127,Μαναήν,,n. pr. m.,Manahen = «consolateur»,1,
G3128,Μανασσῆς,Μανασσῆ,n. pr. m.,Manassé (Manasseh) = «celui qui oublie»,3,
G3129,μανθάνω,aor. ἔμαθον ; pf. μεμάθηκα ; inf. μαθεῖν,vb.,"apprendre, être enseigné",25,2024-11-01T08:15:49.825Z
G3130,μανία,-ας,n. f.,"folie, démence",1,
G3131,μάννα,,hébr. / n.,manne = «Qu’est-ce que cela?»,4,
G3132,μαντεύομαι,,vb.,"prophétiser, exercer la divination, faire des prédictions",1,
G3133,μαραίνω,,vb.,"flétrir, faner, faire disparaître",1,
G3135,μαργαρίτης,-ου,n. m.,perle,9,
G3136,Μάρθα,-ας,n. pr. f.,"Marthe = «dame, maîtresse»",13,
G3137,Μαρία / Μαριάμμη,-ας,n. pr. f.,Marie = «leur rébellion»,54,2025-10-06T07:23:45.221Z
G3138,Μάρκος,-ου,n. pr. m.,Marc = «une défense»,8,
G3139,μάρμαρος,-ου,n. m.,marbre,1,
G3140,μαρτυρέω,,vb.,témoigner,76,2025-10-06T07:24:11.804Z
G3141,μαρτυρία,-ας,n. f.,le témoignage,37,2025-10-06T07:24:38.535Z
G3142,μαρτύριον,-ου,n. m.,"témoignage, déclaration",19,
G3143,μαρτύρομαι,,vb.,"témoigner, déclarer solennellement, prendre à témoin, protester",5,
G3144,μάρτυς,"μάρτυρος, μάρτυσιν",n. f.,le témoin,35,2025-10-06T07:24:53.262Z
G3145,μασσάομαι,,vb.,mordre,1,
G3146,μαστιγόω,,vb.,"fouetter, battre de verges, flageller",7,
G3147,μαστίζω,,vb.,"fouetter, appliquer le fouet",1,
G3148,μάστιξ,-ιγος,n. f.,"fléau, fouet, coup de fouet",6,
G3149,μαστός,-οῦ,n. f.,"poitrine, mamelle, sein",3,
G3150,ματαιολογία,-ας,n. f.,"vain babil, conversation oiseuse, paroles vaines",1,
G3151,ματαιολόγος,-ον,adj.,vain discoureur,1,
G3152,μάταιος,"-α, -ον",adj. / adv.,"vain, inutile, sans résultat",6,
G3153,ματαιότης,-ητος,n. f.,"vanité, qui est futile",3,
G3154,ματαιόω,,vb.,"devenir vain, devenir insensé",1,
G3155,μάτην,,adv.,"en vain, sans résultat, vainement",2,
G3156,Ματθαῖος,,n. pr. m.,Matthieu = «don de l’Éternel»,5,
G3157,Ματθάν,,n. pr. m.,Matthan = «don»,2,
G3158,Ματθάτ,,n. pr. m.,Matthat = «don de Dieu»,2,
G3159,Ματθίας,,n. pr. m.,Matthias = «don de Dieu»,2,
G3160,Ματταθά,,n. pr. m.,Mattatha = «don»,1,
G3161,Ματταθίας,-ου,n. pr. m.,Mattathias = «don de l’Éternel»,2,
G3162,μάχαιρα,-ης,n. f.,l'épée,29,2025-10-06T07:25:18.216Z
G3163,μάχη,-ης,n. f.,bataille ; contestation ; dispute,4,
G3164,μάχομαι,,vb.,"contester, avoir des querelles, lutter, disputer",4,
G3167,μεγαλεῖος,"-α, -ον",adj.,"magnifique, grand, merveileux",1,
G3168,μεγαλειότης,-ητος,n. f.,"majesté, magnificence, gloire, grandeur",3,
G3169,μεγαλοπρεπής,-ές,adj.,"magnifique, excellent, immense",1,
G3170,μεγαλύνω,,vb.,agrandir ; donner plus de largeur ; louer hautement ; magnifier,8,
G3171,μεγάλως,,adv.,"grandement, beaucoup, très",1,
G3172,μεγαλωσύνη,-ης,n. f.,"majesté, grandeur, dignité",3,
G3173,μέγας,"μεγάλη, μέγα",adj.,"large, grand",241,2024-11-01T08:15:49.825Z
G3174,μέγεθος,-ους,n. m.,"grandeur, puissance, importance",1,
G3175,μεγιστάν,-ᾶνος,n. f.,"grand, personne plus importante, physiquement ou autrement, qu’une autre, grand seigneur",3,
G3177,μεθερμηνεύω,,vb.,interpréter,8,
G3178,μέθη,-ης,n. f.,"ivrognerie, abus de boisson",3,
G3179,μεθίστημι,aor. μετέστησα ; ptc. μεταστήσας ; aor. pass. subj. μετασταθῶ,vb.,rejeter ; détourner ; transporter ; renvoyer,5,
G3180,μεθοδεία,-ας,n. f.,"voie détournée, artifice, ruse, subterfuge",2,
G3182,μεθύσκω,,vb.,"s’enivrer, boire beaucoup",4,
G3183,μέθυσος,-ου,n. f.,"ivrogne, de s’enivrer, buveur",2,
G3184,μεθύω,,vb.,bien boire ; être ivre ; s’enivrer,6,
G3187,μείζων,,adj. comp.,plus grand,0,2025-10-06T07:29:50.090Z
G3188,μέλαν,,n. n.,encre,3,
G3189,μέλας,"μέλαινα, μέλαν, -ανος, -αίνης, -ανος",adj.,noir,3,
G3190,Μελεᾶς,,n. pr. m.,"Méléa = «mon cher ami, objet de soin»",1,
G3191,μελετάω,,vb.,"pratiquer, cultiver ; méditer, penser à",2,2026-08-29T13:32:33.240Z
G3192,μέλι,-ιτος,n. n.,miel,4,
G3194,Μελίτη,-ης,n. pr. f.,Malte = «miel»,1,
G3195,μέλλω,,vb.,"être sur le point de, avoir l'intention de",108,2024-11-01T08:15:49.825Z
G3196,μέλος,-ους,n. m.,"le membre, la partie du corps",34,2024-11-01T08:15:49.825Z
G3197,Μελχί,,n. pr. m.,"Melchi = «mon roi, mon conseil»",2,
G3198,Μελχισεδέκ,,n. pr. m.,Melchisédek = «roi de justice»,8,
G3199,μέλω,,vb.,prendre soin de,10,
G3200,μεμβράνα,-ης,n. f.,parchemin,1,
G3201,μέμφομαι,,vb.,"censurer, blâmer, être mécontent, plaindre",2,
G3202,μεμψίμοιρος,-ον,adj.,"insatisfait, mécontent",1,2025-06-24T15:18:14.000Z
G3303,μέν,,part.,d'une part,178,2024-11-01T08:15:49.825Z
G3304,μενοῦνγε,,part.,"oui certes, sans aucun doute",4,
G3305,μέντοι,,conj.,"cependant, toutefois ; en effet",8,2025-07-10T15:05:05.000Z
G3306,μένω,aor. ἔμεινα ; inf. μεῖναι ; impv. μέινον ; plpf. 3pl. μεμενήκεισαν,vb.,"rester, demeurer, s’attendre, attendre quelqu’un",118,2024-11-01T08:15:49.825Z
G3307,μερίζω,,vb.,diviser ; partager ; donner pour part ; départir ; avoir une différence,14,
G3308,μέριμνα,-ης,n. f.,sollicitude ; souci,6,
G3309,μεριμνάω,,vb.,avoir une sollicitude ; avoir le cœur occupé ; être en souci ; s’inquiéter,19,
G3310,μερίς,-ίδος,n. f.,"lot, quartier, région, district, contrée",5,
G3311,μερισμός,-οῦ,n. f.,"distribution, division, répartition",2,
G3312,μεριστής,-οῦ,n. f.,"partageur, celui qui divise, celui qui assigne",1,
G3313,μέρος,-ους,n. m.,"le lot, la part",42,2024-11-01T08:15:49.825Z
G3314,μεσημβρία,-ας,n. f.,midi,2,
G3315,μεσιτεύω,,vb.,"intervenir, s’engager",1,
G3316,μεσίτης,-ου,n. m.,"médiateur, intermédiaire, conciliateur",6,
G3317,μεσονύκτιος,-ου,n. n.,minuit,4,
G3318,Μεσοποταμία,-ας,n. pr. f.,Mésopotamie = «entre deux fleuves»,2,
G3319,μέσος,"-η, -ον",adj.,"du milieu, médian",56,2024-11-01T08:15:49.825Z
G3320,μεσότοιχος,-ου,n. m.,mur mitoyen,1,
G3321,μεσουράνημα,-τος,n. n.,"milieu du ciel, dans le ciel",3,
G3322,μεσόω,,vb.,être au milieu,1,
G3323,Μεσσίας,-ου,n. pr.,Messie = «oint»,2,
G3324,μεστός,"-ή, -όν",adj.,"plein, rempli",9,
G3325,μεστόω,,vb.,"être plein, être rempli",1,
G3326,μετά,,prép.,"(+A) après, derrière ; (+G) avec, parmi, contre",468,2024-11-01T08:15:49.825Z
G3327,μεταβαίνω,"fut. μεταβήσομαι ; aor. μετέβην ; pf. μεταβέβηκα ; ptc. μεταβάς ; impv. μετάβα, μετάβηθι",vb.,partir ; passer ; transporter ; se retirer,12,
G3328,μεταβάλλω,,vb.,"changer de sentiment, changer d’opinion, d’avis",1,
G3329,μετάγω,,vb.,diriger çà et là,2,
G3330,μεταδίδωμι,"inf. μεταδιδόναι, μεταδοῦναι ; ptc. μεταδιδούς ; aor. subj. μεταδῶ ; impv. 3sg. μεταδότω",vb.,donner ; distribuer ; communiquer,5,
G3331,μετάθεσις,-εως,n. f.,"changement, transfert, déplacement, enlèvement",3,
G3332,μεταίρω,aor. μετήρα,vb.,"partir, quitter, se retirer",2,
G3333,μετακαλέω,,vb.,appeler ; chercher,4,
G3334,μετακινέω,,vb.,"se laisser détourner, s’éloigner, s’écarter",1,
G3335,μεταλαμβάνω,aor. inf. μεμαλαβεῖν,vb.,prendre ; recevoir ; obtenir ; participer ; trouver,7,
G3336,μετάληψις,-εως,n. f.,"participation, partage",1,2026-08-29T13:32:33.240Z
G3337,μεταλλάσσω,aor. μετήλλαξα,vb.,"changer, transformer",2,
G3338,μεταμέλλομαι,,vb.,avoir du regret ; avoir du remords ; se repentir,6,
G3339,μεταμορφόω,,vb.,"transfigurer, transformer la personne",4,
G3340,μετανοέω,,vb.,"se repentir, se convertir",34,2025-10-06T07:36:34.017Z
G3341,μετάνοια,-ας,n. f.,repentance,22,
G3342,μεταξύ,,prép.,pendant ce temps ; qui vient ensuite,9,
G3343,μεταπέμπω,,vb.,envoyer chercher ; faire venir ; mander,9,
G3344,μεταστρέφω,fut. pass. μεταστραφήσομαι,vb.,changer ; altérer,2,2025-10-21T12:06:24.677Z
G3345,μετασχηματίζω,,vb.,"transformer, tourner",5,
G3346,μετατίθημι,aor. μετέθηκα ; aor. pass. μετετέθην,vb.,"prendre, déplacer ; changer ; (moy.) déserter",6,2026-08-29T13:32:33.240Z
G3347,μετέπειτα,,adv.,"plus tard, par la suite, ultérieurement",1,
G3348,μετέχω,aor. μετέσχον ; pf. μετέσχηκα,vb.,participer ; appartenir ; user de,8,
G3349,μετεωρίζω,,vb.,"être en peine, être inquiet",1,
G3350,μετοικεσία,-ας,n. f.,"transportation, déportation",4,
G3351,μετοικίζω,fut. μετοικιῶ ; aor. μετῴκισα,vb.,faire passer ; transporter,2,
G3352,μετοχή,-ῆς,n. f.,"participation, rapport, communion",1,
G3353,μέτοχος,-ον,adj.,"compagnon, associé, partenaire, participant",6,
G3354,μετρέω,,vb.,"mesurer, déterminer la valeur, estimer",11,
G3355,μετρητής,-οῦ,n. f.,"ustensile pour mesurer, mesure",1,2024-11-01T08:15:49.825Z
G3356,μετριοπαθέω,,vb.,être indulgent,1,2024-11-01T08:15:49.825Z
G3357,μετρίως,,adv.,"modérément, un peu, avec mesure",1,
G3358,μέτρον,-ου,n. m.,"mesure, portion",14,
G3359,μέτωπον,-ου,n. m.,front,8,
G3360,μέχρι,,prép.,"jusqu’à, jusqu’à ce que",17,
G3361,μή,,part. n.,"ne... pas, non",1065,2024-11-01T08:15:49.825Z
G3365,μηδαμῶς,,part. n.,"en aucun cas, d’aucune façon, nullement, non point",2,
G3366,μηδέ,,part. / conj. n.,"et ne... pas, mais ne... pas",57,2024-11-01T08:15:49.825Z
G3367,μηδείς,"μηδεμία, μηδέν",adj.,"personne, aucun, rien",90,2024-11-01T08:15:49.825Z
G3368,μηδέποτε,,adv. n.,"ne… jamais, en aucun cas",1,
G3369,μηδέπω,,adv. n.,ne… pas encore,1,
G3370,Μῆδος,-ου,adj.,Mèdes = «terre du milieu»,1,
G3371,μηκέτι,,adv. n.,"ne... plus, pas davantage",21,2024-11-01T08:15:49.825Z
G3372,μῆκος,-ους,n. n.,"longueur, dimension d’une chose",3,
G3373,μηκύνω,,vb.,"croître, grandir, s’étendre",1,
G3374,μηλωτή,-ῆς,n. f.,"peau de brebis, toison des moutons",1,
G3375,μήν,μηνός,part.,"certes, vraiment, certainement",1,
G3376,μήν,μηνός,n. f.,mois,18,
G3377,μηνύω,,vb.,avertir ; déclarer ; montrer,4,
G3379,μήποτε,,part. n.,"jamais ; de peur que, afin que",0,2025-10-06T07:39:46.161Z
G3380,μήπω,,adv. n.,ne… pas encore,2,
G3382,μηρός,-οῦ,n. f.,cuisse,1,
G3383,μήτε,,part. / conj. n.,"et pas, ni …ni …, pas ainsi",34,2024-11-01T08:15:49.825Z
G3384,μήτηρ,-τρός,n. f.,la mère,83,2025-10-06T07:42:19.982Z
G3385,μή,,part. / conj. n.,"est-ce que, n’est-ce pas",18,
G3388,μήτρα,-ας,n. f.,matrice,2,
G3389,μητραλῴας,-ου,n. m.,matricide,1,2026-02-19T10:07:21.464Z
G3392,μιαίνω,pf. pass. μεμίαμμαι ; aor. pass. subj. μιανθῶ,vb.,"souiller, contaminer, infecter",5,2025-07-10T15:03:03.000Z
G3393,μίασμα,-τος,n. n.,souillure,1,2024-11-01T08:15:49.825Z
G3394,μιασμός,-οῦ,n. f.,"impureté, action de souiller, souillure",1,
G3395,μίγμα,-τος,n. n.,"mixtion, mélange de substances",1,
G3396,μίγνυμι,aor. ἔμιξα ; pf. pass. μέμιγμαι,vb.,"mêler, mélanger",4,
G3398,μικρός,"-ά, -όν",adj.,"petit, peu",46,2025-10-06T07:46:10.144Z
G3399,Μίλητος,-ου,n. pr. f.,Milet = «laine blanche pure et fine»,3,
G3400,μίλιον,-ου,n. n.,mille,1,2024-11-01T08:15:49.825Z
G3401,μιμέομαι,,vb.,"imiter, suivre le modèle",4,
G3402,μιμητής,-οῦ,n. f.,imitateur,6,
G3403,μιμνῄσκομαι,,vb.,(+G) se souvenir,23,2025-10-06T07:47:57.675Z
G3404,μισέω,,vb.,haïr,40,2024-11-01T08:15:49.825Z
G3405,μισθαποδοσία,-ας,n. f.,"rétribution, récompense, revanche, rémunération",3,
G3406,μισθαποδότης,-ου,n. m.,rémunérateur,1,
G3407,μίσθιος,-ου,adj.,"mercenaire, ouvrier",2,
G3408,μισθός,-οῦ,n. f.,"la paye, les gages",29,2024-11-01T08:15:49.825Z
G3409,μισθόω,,vb.,"engager, embaucher, prendre à gages",2,
G3410,μίσθωμα,-τος,n. n.,"logement loué, demeure louée",1,
G3411,μισθωτός,-οῦ,adj.,"mercenaire, ouvrier",3,2024-11-01T08:15:49.825Z
G3412,Μιτυλήνη,-ης,n. pr. f.,Mytilène = «mutilée»,1,
G3413,Μιχαήλ,,n. pr. m.,Michel = «qui est comme Dieu»,2,
G3414,μνᾶ,-ᾶς,n. f.,mine,9,
G3416,Μνάσων,-ωνος,n. pr. m.,Mnason = «qui se souvient»,1,
G3417,μνεία,-ας,n. f.,mention ; souvenir,7,
G3418,μνῆμα,-τος,n. n.,"sépulcre, tombe, tombeau",8,
G3419,μνημεῖον,-ου,n. m.,"la tombe, le monument, le sépulcre",40,2025-10-15T11:31:12.839Z
G3420,μνήμη,-ης,n. f.,"rappeler, faire mémoire, garder le souvenir",1,
G3421,μνημονεύω,,vb.,avoir de la mémoire ; faire mention ; se souvenir,21,
G3422,μνημόσυνον,-ου,n. m.,mémorial,3,
G3423,μνηστεύω,,vb.,être fiancé,3,
G3424,μογιλάλος,-ον,adj.,qui parle avec peine,1,
G3425,μόγις,,adv.,"c’est à peine, difficilement",1,
G3426,μόδιος,-ου,n. f.,boisseau,2,
G3428,μοιχαλίς,-ίδος,adj.,adultère,7,
G3429,μοιχάω,,vb.,commettre adultère,5,
G3430,μοιχεία,-ας,n. f.,adultère,2,
G3431,μοιχεύω,,vb.,commettre adultère,14,
G3432,μοιχός,-οῦ,n. f.,adultère,3,
G3433,μόλις,,adv.,"difficilement, à peine, à grand-peine",6,
G3434,Μολόχ,,n. pr.,Moloch = «roi»,1,
G3435,μολύνω,,vb.,"souiller, être taché, être contaminé",3,
G3436,μολυσμός,-οῦ,n. f.,"souillure, impureté, corruption",1,
G3437,μομφή,-ῆς,n. f.,"sujet de plainte, blâme",1,
G3438,μονή,-ῆς,n. f.,"demeure, habitation, résidence",2,
G3439,μονογενής,-ές,adj.,unique,9,
G3440,μόνον,,adv.,"seulement, uniquement",2,
G3441,μόνος,"-η, -ον",adj.,"seul, unique",111,2025-10-15T11:31:40.804Z
G3442,μονόφθαλμος,-ον,adj.,qui a l’usage d’un seul œil,2,
G3443,μονόω,,vb.,"laisser seul, être resté seul",1,
G3444,μορφή,-ῆς,n. f.,"forme, nature, essence d’un être",3,
G3445,μορφόω,,vb.,former,1,
G3446,μόρφωσις,-εως,n. f.,"forme, ressemblance extérieure, formule",2,
G3447,μοσχοποιέω,,vb.,faire un veau,1,
G3448,μόσχος,-ου,n. m.,veau,6,
G3449,μόχθος,-ου,n. m.,"labeur, peine",3,2025-07-10T14:55:55.000Z
G3451,μουσικός,"-ή, -όν",adj.,musicien,1,2024-11-01T08:15:49.825Z
G3452,μυελός,-οῦ,n. f.,moelle,1,
G3453,μυέω,,vb.,"enseigner, instruire, apprendre",1,
G3454,μῦθος,-ου,n. m.,"fable, histoire inventée, conte",5,
G3455,μυκάομαι,,vb.,rugir,1,
G3456,μυκτηρίζω,,vb.,"se moquer, mépriser",1,
G3457,μυλικός,"-ή, -όν",adj.,"de meule, à moudre",1,
G3458,μύλος,-ου,n. m.,"meule, à moudre",4,
G3460,Μύρα,-ων,n. pr.,Myra = «myrrhe: jus de myrte»,1,
G3461,μυριάς,-άδος,n. f.,millier ; myriade,8,
G3462,μυρίζω,,vb.,"oindre, appliquer une substance, parfumer",1,
G3463,μύριοι,"-αι, -α",adj.,dix mille,3,
G3464,μύρον,-ου,n. m.,huile aromatique ; parfum,14,
G3465,Μυσία,-ας,n. pr. f.,Mysie = «territoire des arbres de la plage»,2,
G3466,μυστήριον,-ου,n. m.,le mystère,27,2025-10-15T11:34:00.536Z
G3467,μυωπάζω,,vb.,"ne pas voir loin, être myope",1,
G3468,μώλωψ,-ωπος,n. f.,meurtrissure,1,
G3469,μωμάομαι,,vb.,"blâmer, discréditer, critiquer",2,
G3470,μῶμος,-ου,n. m.,"souillure, tache, disgrâce",1,
G3471,μωραίνω,aor. ἐμώρανα ; aor. pass. subj. μωρανθῶ,vb.,"devenir fou, devenir insensé, perdre sa saveur",4,
G3472,μωρία,-ας,n. f.,"folie, déraison, stupidité",5,
G3473,μωρολογία,-ας,n. f.,"paroles folles, propos stupides",1,
G3474,μωρός,"-ά, -όν",adj.,"fou, irréfléchi, insensé",12,
G3475,Μωϋσῆς,-έως,n. pr. m.,Moïse = «tiré de»,79,
G3476,Ναασσών,,n. pr. m.,Naasson = «enchanteur»,3,
G3477,Ναγγαί,,n. pr. m.,Naggaï = «illumination»,1,
G3478,Ναζαρέθ,"-ή, -όν",n. pr.,"Nazareth = «verdoyant, germe, rejeton « ou »",12,
G3479,Ναζαρηνός,"-ή, -όν",adj.,Nazaréen,6,
G3480,Ναζωραῖος,-ου,adj.,"Nazaréen = «séparé, consacré à Dieu»",13,
G3481,Ναθάν,,n. pr. m.,Nathan = «il a donné»,1,
G3482,Ναθαναήλ,,n. pr. m.,Nathanaël = «Dieu a donné»,6,
G3483,ναί,,part.,"oui, bien sûr, vraiment, assurément",34,2025-10-15T11:35:11.582Z
G3484,Ναΐν,,n. pr.,Naïn = «beauté»,1,
G3485,ναός,-οῦ,n. f.,"le sanctuaire, le temple",45,2025-10-15T11:35:40.724Z
G3486,Ναούμ,,n. pr. m.,"Nahum = «consolation, qui a compassion»",1,
G3487,νάρδος,-ου,n. m.,nard,2,
G3488,Νάρκισσος,-ου,n. pr. m.,Narcisse = «stupidité»,1,
G3489,ναυαγέω,,vb.,"faire naufrage, d’une tempête",2,
G3490,ναύκληρος,-ου,n. m.,"patron du navire, propriétaire d’un bateau",1,
G3491,ναῦς,ναῦν,n. f.,"navire, bateau",1,
G3492,ναύτης,-ου,n. m.,"matelot, marin, homme de mer",3,
G3493,Ναχώρ,,n. pr. m.,Nachor = «qui renâcle»,1,
G3494,νεανίας,-ου,n. m.,jeune homme,3,
G3495,νεανίσκος,-ου,n. m.,jeune homme ; jeunes gens,11,
G3497,Νεεμάν,,n. pr. m.,Naaman le Syrien = «agréable»,1,
G3498,νεκρός,"-ά, -όν",adj.,mort,128,2024-11-01T08:15:49.825Z
G3499,νεκρόω,,vb.,"amorti, presque mort",3,
G3500,νέκρωσις,-εως,n. f.,"état de mort, stérilité, mort",2,
G3501,νέος,"-α, -ον",adj.,"jeune, nouveau",24,2024-11-01T08:15:49.825Z
G3502,νεοσσός,,n. m.,"jeune (créature, jeune, jeune oiseau",1,
G3503,νεότης,-ητος,n. f.,jeunesse,4,
G3504,νεόφυτος,-ον,adj.,nouvellement converti,1,
G3506,νεύω,,vb.,"faire signe, donner un signe",2,
G3507,νεφέλη,-ης,n. f.,"le nuage, la nuée",25,2025-10-15T11:36:45.649Z
G3508,Νεφθαλείμ,,adj.,Nephtali = «celui qui lutte»,3,
G3509,νέφος,-ους,n. m.,"nuée, multitude",1,
G3510,νεφρός,-οῦ,n. f.,"reins, sondée par dieu",1,
G3511,νεωκόρος,-ου,n. m.,gardien,1,2024-11-01T08:15:49.825Z
G3512,νεωτερικός,"-ή, -όν",adj.,de la jeunesse,1,
G3513,νή,,part.,"par, j’atteste par",1,
G3514,νήθω,,vb.,filer,2,
G3515,νηπιάζω,,vb.,être de petits enfants,1,
G3516,νήπιος,"-α, -ον",adj.,"en bas âge, petit enfant, bébé",14,2024-11-01T08:15:49.825Z
G3517,Νηρεύς,-έως,n. pr. m.,Nérée = «qui ne coule pas»,1,
G3518,Νηρί,,n. pr. m.,Néri = «L’Éternel est ma lampe»,1,
G3519,νησίον,-ου,n. m.,petite île,1,
G3520,νῆσος,-ου,n. m.,île,9,
G3521,νηστεία,-ας,n. f.,jeûne ; Jeûne du Jour des Expiation,6,2024-11-01T08:15:49.825Z
G3522,νηστεύω,,vb.,jeûner,20,2024-11-01T08:15:49.825Z
G3523,νῆστις,"-ιος, -ιδος, νήστεις",adj.,"à jeun, n’ayant pas mangé",2,
G3524,νηφαλέος,"-α, -ον",adj.,"sobre, modéré",3,
G3525,νήφω,,vb.,être sobre (au sens moral) ; veiller,6,
G3526,Νίγερ,,n. pr. m.,Niger = «noir»,1,
G3527,Νικάνωρ,-ορος,n. pr. m.,"Nicanor = «conquérant, victorieux»",1,
G3528,νικάω,,vb.,"conquérir, vaincre",28,2024-11-01T08:15:49.825Z
G3529,νίκη,-ης,n. f.,"victoire, succès, triomphe",1,
G3530,Νικόδημος,-ου,n. pr. m.,Nicodème = «Victorieux du peuple»,5,
G3531,Νικολαΐτης,-ου,adj.,Nicolaïtes = «destruction du peuple»,2,
G3532,Νικόλαος,-ου,n. pr. m.,Nicolas = «victorieux du peuple»,1,
G3533,Νικόπολις,-εως,n. pr. f.,Nicopolis = «cité de la victoire»,1,
G3534,νῖκος,-ους,n. m.,"victoire, succès, triomphe",4,
G3536,Νινευΐτης,-ου,adj.,"Ninivite, de ninive, habitant de nivive",3,
G3537,νιπτήρ,-ῆρος,n. f.,"bassin, cuvette",1,
G3538,νίπτω,aor. moy. impv. νίψαι,vb.,laver ; (moy.) se laver,17,2025-10-15T11:38:06.853Z
G3539,νοέω,,vb.,comprendre ; penser ; considérer,14,
G3540,νόημα,-τος,n. n.,pensée ; dessein ; entendement,6,
G3541,νόθος,"-η, -ον",adj.,enfant illégitime,1,2024-11-01T08:15:49.825Z
G3542,νομή,-ῆς,n. f.,"pâture, nourriture des animaux",2,
G3543,νομίζω,,vb.,croire ; penser ; estimer ; avoir coutume,15,
G3544,νομικός,"-ή, όν ; -οῦ",adj.,docteur de la loi,9,
G3545,νομίμως,,adv.,"légitimement, d’une manière équitable, selon la loi",2,
G3546,νόμισμα,-τος,n. n.,"monnaie, devise",1,
G3547,νομοδιδάσκαλος,-ου,n. m.,docteur de la loi,3,
G3548,νομοθεσία,-ας,n. f.,don de la loi,1,
G3549,νομοθετέω,,vb.,recevoir la loi,2,
G3550,νομοθέτης,-ου,n. m.,législateur,1,
G3551,νόμος,-ου,n. m.,la loi,193,2024-11-01T08:15:49.825Z
G3552,νοσέω,,vb.,"être malade, avoir la maladie",1,
G3554,νόσος,-ου,n. m.,"maladie, problème de santé",11,
G3555,νοσσιά,-ᾶς,n. f.,couvée,1,
G3556,νοσσίον,-ου,n. m.,poussin,1,
G3557,νοσφίζω,,vb.,"mettre de côté, retenir",3,
G3558,νότος,-ου,n. m.,"midi, vent du midi, sud, vent du sud",7,
G3559,νουθεσία,-ας,n. f.,"admonestation, avertissement",3,
G3560,νουθετέω,,vb.,avertir ; exhorter,7,
G3561,νουμηνία,,n. f.,nouvelle lune,1,
G3562,νουνεχῶς,,adv.,"sagement, avec intelligence",1,
G3563,νοῦς,"νοός, νοΐ, νοῦν",n. f.,"l'esprit, l'intelligence",24,2025-10-15T11:39:36.250Z
G3564,Νυμφᾶς,-ας,n. pr. f.,"Nymphas = «marié, consacré aux nymphes»",1,
G3565,νύμφη,-ης,n. f.,épouse,8,
G3566,νυμφίος,-ου,n. m.,époux,16,
G3567,νυμφών,-ῶνος,n. f.,chambre nuptiale,3,
G3568,νῦν,,adv.,maintenant,144,2024-11-01T08:15:49.825Z
G3570,νυνί,,adv.,"maintenant, au moment présent",20,
G3571,νύξ,νυκτός,n. f.,la nuit,61,2024-11-01T08:15:49.825Z
G3572,νύσσω,aor. ἔνυξα,vb.,"percer, transpercer",1,
G3573,νυστάζω,,vb.,"sommeiller, tarder, se faire attendre, s’assoupir",2,
G3574,νυχθήμερον,-ου,n. n.,un jour et une nuit,1,
G3575,Νῶε,,n. pr. m.,Noé = «repos»,8,
G3576,νωθρός,"-ά, -όν",adj.,"paresseux, lent, apathique",2,
G3577,νῶτον,-ου,n. m.,dos,1,
G3578,ξενία,-ας,n. f.,"logis, gîte, hébergement, logement",2,
G3579,ξενίζω,,vb.,loger ; trouver étrange,10,
G3580,ξενοδοχέω,,vb.,"loger des étrangers, exercer l’hospitalité",1,
G3581,ξένος,"-η, ον ; -ου",adj.,étranger ; hôte ; quelque chose d’extraordinaire,14,
G3582,ξέστης,-ου,n. m.,pot,1,
G3583,ξηραίνω,aor. ἐξήρανα ; aor. pass. ἐξηράνθην ; pf. pass. ἐξήραμμαι,vb.,sécher ; devenir sec ; dessécher ; s’arrêter,15,
G3584,ξηρός,"-ά, -όν",adj.,sec ; personne qui a les membres secs,8,
G3585,ξύλινος,"-η, -ον",adj.,fait de bois,2,
G3586,ξύλον,-ου,n. m.,"bois, bâton, morceau de bois",20,2024-11-01T08:15:49.825Z
G3587,ξυράω,,vb.,"raser, couper les cheveux",3,
G3588,ὁ,"-ἡ, -τό, οἱ, -αἱ, -τά",art.,"le, la, les",19785,2025-10-15T11:40:37.281Z
G3589,ὀγδοήκοντα,,num.,quatre-vingts,2,
G3590,ὄγδοος,"-η, -ον",adj.,"huitième, un nombre",5,
G3591,ὄγκος,-ου,n. m.,"fardeau, poids, protubérance",1,
G3592,ὅδε,"ἥδε, τόδε",dém.,"celui-ci, celle-ci, cette chose",10,
G3593,ὁδεύω,,vb.,"aller son chemin, cheminer, faire route, être en voyage",1,
G3594,ὁδηγέω,,vb.,"conduire, montrer le chemin, guider",5,
G3595,ὁδηγός,-οῦ,n. f.,"conducteur, guide, ",5,
G3596,ὁδοιπορέω,,vb.,"marcher, voyager, être en route",1,
G3597,ὁδοιπορία,-ας,n. f.,"chemin, voyage, marche",2,
G3598,ὁδός,-οῦ,n. f.,le chemin,101,2024-11-01T08:15:49.825Z
G3599,ὀδούς,ὀδόντος,n. f.,dent,12,
G3600,ὀδυνάω,,vb.,être en grande peine ; être peiné ; tourmenter,4,
G3601,ὀδύνη,-ης,n. f.,"douleur, chagrin, affliction",2,
G3602,ὀδυρμός,-οῦ,n. f.,"gémissement, plainte, lamentation, larme",2,
G3604,Ὀζίας,-ου,n. pr. m.,Ozias = «force de l’Éternel»,2,
G3605,ὄζω,,vb.,"sentir, donner une odeur",1,
G3606,ὅθεν,,conj.,"de sorte que, d’où",15,
G3607,ὀθόνη,-ης,n. f.,"toile, drap, nappe",2,
G3608,ὀθόνιον,-ου,n. m.,linge,5,
G3609,οἰκεῖος,"(-α), -ον",adj.,ceux de sa propre famille,3,
G3610,οἰκέτης,-ου,n. m.,"domestique, serviteur, gens d’une maison",4,
G3611,οἰκέω,,vb.,"habiter, résider",9,
G3612,οἴκημα,-τος,n. n.,prison,1,
G3613,οἰκητήριον,-ου,n. m.,"demeure, habitation, domicile",2,
G3614,οἰκία,-ας,n. f.,"la maison, la maisonnée",93,2025-10-15T11:42:27.054Z
G3615,οἰκιακός,-οῦ,n. f.,celui qui appartient à la maison,2,
G3616,οἰκοδεσποτέω,,vb.,"gouverner sa maison, diriger son foyer",1,
G3617,οἰκοδεσπότης,-ου,n. m.,maître de la maison,12,
G3618,οἰκοδομέω,,vb.,"construire, édifier, bâtir",40,2025-10-15T11:43:07.264Z
G3619,οἰκοδομή,-ῆς,n. f.,bâtiment ; édifice ; édification,18,
G3621,οἰκονομέω,,vb.,"administrer, gérer les affaires, assumer la responsabilité",1,
G3622,οἰκονομία,-ας,n. f.,"administration, gouvernement d’une maison, gestion des biens",9,
G3623,οἰκονόμος,-ου,n. m.,administrateur ; dispensateur ; intendant,10,
G3624,οἶκος,-ου,n. f.,"la maison, la maisonnée",112,2025-10-15T11:46:41.980Z
G3625,οἰκουμένη,-ης,n. f.,"terre habitée, monde habité",15,
G3626,οἰκουργός,-όν,adj.,occupé des soins de la maison,1,
G3627,οἰκτείρω,fut. οἰκτιρήσω,vb.,"avoir compassion, exercer la grâce",2,
G3628,οἰκτιρμός,-οῦ,n. f.,"compassion, miséricorde",5,
G3629,οἰκτίρμων,-ον,adj.,miséricordieux,3,
G3630,οἰνοπότης,-ου,n. m.,"buveur, buveur de vin, ivrogne",2,
G3631,οἶνος,-ου,n. m.,le vin,34,2024-11-01T08:15:49.825Z
G3632,οἰνοφλυγία,-ας,n. f.,ivrognerie,1,
G3633,οἴομαι,,vb.,"penser, supposer, croire",3,
G3634,οἷος,"-α, -ον",rel.,"de telle sorte, de telle manière, ainsi que, …",14,
G3635,ὀκνέω,,vb.,"tarder, hésiter",1,
G3636,ὀκνηρός,"-ά, -όν",adj.,"paresseux, indolent, fainéant, pénible",3,
G3637,ὀκταήμερος,-ον,adj.,huitième jour,1,
G3638,ὀκτώ,,num.,huit,8,2025-10-15T11:47:15.136Z
G3639,ὄλεθρος,-ου,n. f.,"destruction, ruine, anéantissement",4,
G3640,ὀλιγόπιστος,-ον,adj.,personne de petite foi,5,
G3641,ὀλίγος,"-η, ον",adj.,"petit, peu nombreux",40,2024-11-01T08:15:49.825Z
G3642,ὀλιγόψυχος,-ον,adj.,"celui qui est découragé, déprimé",1,
G3643,ὀλιγωρέω,,vb.,"mépriser, négliger",1,
G3644,ὀλοθρευτής,-οῦ,n. f.,"destructeur, celui qui détruit",1,
G3645,ὀλοθρεύω,,vb.,"destructeur, celui qui détruit",1,
G3646,ὁλοκαύτωμα,-τος,n. n.,holocauste,3,
G3647,ὁλοκληρία,-ας,n. f.,"entier, tout entier, entière disposition, pleine vigueur, santé parfaite",1,
G3648,ὁλόκληρος,-ον,adj.,"accompli, parfait, complet",2,
G3649,ὀλολύζω,,vb.,"pousser des cris, hurler, gémir",1,
G3650,ὅλος,"-η, -ον",adj.,"tout, entier, complètement, tout à fait",109,2024-11-01T08:15:49.825Z
G3651,ὁλοτελής,-ές,adj.,"entièrement, complètement",1,
G3652,Ὀλυμπᾶς,-ᾶ,n. pr. m.,Olympe = «céleste»,1,
G3653,ὄλυνθος,-ου,n. m.,figue tardive,1,
G3654,ὅλως,,adv.,"absolument, entièrement, tout à fait, partout",4,
G3655,ὄμβρος,-ου,n. m.,"ondée, pluie abondante",1,
G3656,ὁμιλέω,,vb.,"converser, parler, s’entretenir",4,
G3657,ὁμιλία,-ας,n. f.,compagnie,1,
G3659,ὄμμα,-τος,n. n.,œil,2,
G3660,ὄμνυμι,"aor. ὤμοσα ; inf. ὀμνύναι, ὀμόσαι",vb.,"jurer, faire serment",26,2024-11-01T08:15:49.825Z
G3661,ὁμοθυμαδόν,,adv.,"d’un commun accord, unanimement, d’un même cœur",11,
G3663,ὁμοιοπαθής,-ές,adj.,"ayant les mêmes passions, les mêmes sentiments",2,
G3664,ὅμοιος,"-α, -ον",adj.,"pareil, semblable, de même nature",46,2025-10-15T11:48:35.084Z
G3665,ὁμοιότης,-ητος,n. f.,"ressemblance, similitude",2,
G3666,ὁμοιόω,,vb.,comparer ; être fait semblable ; ressembler,15,
G3667,ὁμοίωμα,-τος,n. n.,"ressemblance, similitude",6,
G3668,ὁμοίως,,adv.,"de la même façon, de même, également",31,2025-10-15T11:50:22.581Z
G3669,ὁμοίωσις,-εως,n. f.,"ressemblance, image, similitude",1,
G3670,ὁμολογέω,,vb.,"promettre, reconnaître, s'accorder",26,2025-10-15T11:51:09.419Z
G3671,ὁμολογία,-ας,n. f.,"confession, profession",6,
G3672,ὁμολογουμένως,,adv.,"sans contredit, assurément, incontestablement",1,
G3673,ὁμότεχνος,-ον,adj.,"même métier, même occupation",1,
G3674,ὁμοῦ,,adv.,"ensemble, l’un avec l’autre",4,
G3675,ὁμόφρων,-ον,adj.,"d’un même sentiment, d’un même esprit, d’un même accord",1,
G3676,ὅμως,,conj.,"même, pourtant, cependant",3,
G3677,ὄναρ,,n. n.,"songe, rêve",6,
G3678,ὀνάριον,-ου,n. m.,"ânon, jeune âne",1,
G3679,ὀνειδίζω,,vb.,adresser des reproches ; injurier ; insulter ; reprocher ; être dans l’opprobre,9,
G3680,ὀνειδισμός,-οῦ,n. f.,"opprobre, honte, reproche, outrage",5,
G3681,ὄνειδος,-ους,n. m.,"opprobre, humiliation, déshonneur",1,
G3682,Ὀνήσιμος,-ου,n. pr. m.,"Onésime = «profitable, utile»",2,
G3683,Ὀνησίφορος,-ου,n. pr. m.,Onésiphore = «qui apporte un profit»,2,
G3684,ὀνικός,"-ή, -όν",adj.,d’âne,2,
G3685,ὀνίνημι,,vb.,"(moy.) tirer profit, tirer un bénéfice",1,2025-10-29T15:55:33.135Z
G3686,ὄνομα,-τος,n. n.,le nom,229,2025-10-15T11:51:28.564Z
G3687,ὀνομάζω,,vb.,"appeler, nommer ; prononcer, invoquer ; (pass.) être connu",9,2026-08-29T13:32:33.240Z
G3688,ὄνος,-ου,n. m.,"âne, ânesse",5,
G3689,ὄντως,,adv.,en réalité ; en vérité ; véritablement ; vraiment,10,
G3690,ὄξος,-ους,n. n.,vinaigre,6,
G3691,ὀξύς,"-εῖα, -ύ",adj.,aigu ; tranchant ; rapide,8,
G3692,ὀπή,-ῆς,n. f.,"ouverture, trou, orifice, grotte",2,
G3693,ὄπισθεν,,prép.,"derrière, par derrière, dans le dos",7,
G3694,ὀπίσω,,adv./prép.,"*adv.* derrière ￭ *prép.* (+G) derrière, après",35,2026-02-27T14:22:48.484Z
G3695,ὁπλίζω,,vb.,"s’armer, s’équiper, se munir",1,
G3696,ὅπλον,-ου,n. m.,"arme, instrument de combat, outil, instrument",6,
G3697,ὁποῖος,"-α, -ον",pron.,"quel, de quelle sorte",5,
G3699,ὅπου,,conj.,où,81,2024-11-01T08:15:49.825Z
G3700,ὀπτάνομαι,,vb.,mettre ordre ; montrer,1,
G3701,ὀπτασία,-ας,n. f.,"vision, apparition",4,
G3702,ὀπτός,"-ή, -όν",adj.,"cuit, rôti, grillé",1,
G3703,ὀπώρα,-ας,n. f.,fruit,1,2024-11-01T08:15:49.825Z
G3704,ὅπως,,conj./adv.,"*conj* (+subj) afin que, de manière à, en sorte que ￭ *adv.* comment, que",53,2026-02-26T14:44:42.481Z
G3705,ὅραμα,-τος,n. n.,"vision, apparition",12,
G3706,ὅρασις,-εως,n. f.,vision,4,
G3707,ὁρατός,"-ή, -όν",adj.,visible,1,
G3708,ὁράω,"fut. ὄψομαι ; fut. pass. ὀφθήσομαι ; aor. εἶδα, εἶδον ; aor. pass. ὤφθην ; pf. ἑώρακα, ἑόρακα ; ptc. ἰδών, ὀφθείς ; impv. ἴδετε ; impf. 3pl. ἑώρων",vb.,"voir, percevoir, connaître",113,2024-11-01T08:15:49.825Z
G3709,ὀργή,-ῆς,n. f.,"la colère, l'indignation",36,2025-10-15T11:56:35.268Z
G3710,ὀργίζω,,vb.,"être en colère, être fâché, être irrité",8,
G3711,ὀργίλος,"-η, -ον",adj.,"coléreux, irascible",1,
G3712,ὀργυιά,-ᾶς,n. f.,"brasse, mesure de longueur, ou de profondeur, d’env. 1, 80 mètre",2,
G3713,ὀρέγομαι,,vb.,"aspirer, désirer, ambitionner",3,2026-08-29T15:19:35.268Z
G3714,ὀρεινός,"-ή, -όν",adj.,"pays des montagnes, région montagneuse",2,
G3715,ὄρεξις,-εως,n. f.,"convoitise, excitation de l’esprit, luxure",1,
G3716,ὀρθοποδέω,,vb.,marcher droit,1,
G3717,ὀρθός,"-ή, -όν",adj.,"droit, en position verticale, sans déviation",2,
G3718,ὀρθοτομέω,,vb.,couper droit,1,2024-11-01T08:15:49.825Z
G3719,ὀρθρίζω,,vb.,venir dès le point du jour,1,
G3720,ὀρθρινός,,adj.,"du matin, de l’aube",1,
G3722,ὄρθρος,-ου,n. m.,"point du jour, aurore",2,
G3723,ὀρθῶς,,adv.,"justement, d’une manière droite, juste, correctement, bien",4,
G3724,ὁρίζω,,vb.,arrêter ; destiner ; déterminer ; établir,8,
G3725,ὅριον,-ου,n. m.,"territoire, district, région, pays",12,
G3726,ὁρκίζω,,vb.,"adjurer, commander avec supplication",2,
G3727,ὅρκος,-ου,n. m.,"serment, engagement solennel, promesse",10,
G3728,ὁρκωμοσία,-ας,n. f.,"serment, prestation de serment",4,
G3729,ὁρμάω,,vb.,"se précipiter, s’élancer, se ruer",5,
G3730,ὁρμή,-ῆς,n. f.,"impulsion, désir, élan, volonté",2,
G3731,ὅρμημα,-τος,n. n.,violence,1,
G3732,ὄρνεον,-ου,n. m.,oiseau,3,
G3733,ὄρνις,-ίθος,n. f.,poule,2,
G3734,ὁροθεσία,-ας,n. f.,"borne, limite, frontière",1,
G3735,ὄρος,-ους,n. m.,la montagne,62,2025-10-15T11:56:48.998Z
G3736,ὀρύσσω,aor. ὤρυξα,vb.,"creuser, excaver",3,
G3737,ὀρφανός,"-ή, -όν",adj.,orphelin,2,
G3738,ὀρχέομαι,,vb.,danser,4,
G3739,ὅς,"-ἥ, -ὅ",pron.,"qui, que",1408,2025-10-15T11:57:09.354Z
G3740,ὁσάκις,,conj.,"toutes les fois que, chaque fois que, aussi souvent que",3,
G3741,ὅσιος,"-α, -ον",adj.,pieux ; saint,8,
G3742,ὁσιότης,-ητος,n. f.,"sainteté, piété, obéissance à dieu",2,
G3743,ὁσίως,,adv.,"saintement, avec sainteté, avec piété",1,
G3744,ὀσμή,-ῆς,n. f.,"odeur, parfum, senteur",6,
G3745,ὅσος,"-η, -ον",rel.,"aussi grand que, aussi loin que, combien, comme, qui que, etc.",110,2024-11-01T08:15:49.825Z
G3747,ὀστέον,-ου,n. m.,"os, ossement",4,
G3748,ὅστις,"-ἥτις, -ὅτι",pron.,"celui qui, quiconque, qui",144,2024-11-01T08:15:49.825Z
G3749,ὀστράκινος,"-η, -ον",adj.,fait de terre ou d’argile,2,
G3750,ὄσφρησις,-εως,n. f.,l’odorat,1,2024-11-01T08:15:49.825Z
G3751,ὀσφῦς,-ύος,n. f.,"reins, hanches",8,
G3752,ὅταν,,conj.,"(+subj) à chaque fois que, quand ; (+ind) quand, lorsque",122,2025-10-15T12:02:40.402Z
G3753,ὅτε,,conj.,"quand, lorsque",102,2024-11-01T08:15:49.825Z
G3754,ὅτι,,conj.,"que, parce que, puisque",1291,2024-11-01T08:15:49.825Z
G3756,οὐ,"οὐκ, οὐχ",part. n.,"non, pas",1667,2024-11-01T08:15:49.825Z
G3757,οὗ,,adv.,où,24,2024-11-01T08:15:49.825Z
G3758,οὐά,,interj.,"hé!, exclamation de moquerie",1,
G3759,οὐαί,,interj.,"hélas, malheur!",46,2024-11-01T08:15:49.825Z
G3760,οὐδαμῶς,,adv. n.,"nullement, en aucune manière",1,
G3761,οὐδέ,,conj. n.,"et ne... pas, non plus, ni l’un ni l’autre, ni, pas même...",140,2025-10-15T12:05:08.133Z
G3762,οὐδείς,"οὐδεμία, οὐδέν",adj.,"aucun, rien, personne",232,2024-11-01T08:15:49.825Z
G3763,οὐδέποτε,,adv. n.,"jamais, en aucun cas",16,
G3764,οὐδέπω,,adv. n.,"jamais, pas encore, jusqu’ici",4,
G3765,οὐκέτι,,part. n.,ne... plus,0,2025-10-15T12:05:45.470Z
G3766,οὐκοῦν,,part. / conj. n.,"n’est-ce pas, donc",1,
G3767,οὖν,,conj.,"alors, donc, c’est pourquoi, par conséquent",494,2024-11-01T08:15:49.825Z
G3768,οὔπω,,adv.,ne... pas encore,26,2025-10-15T12:06:18.331Z
G3769,οὐρά,-ᾶς,n. f.,queue,5,
G3770,οὐράνιος,-ον,adj.,"céleste, relatif au ciel",9,
G3771,οὐρανόθεν,,adv.,du ciel,2,
G3772,οὐρανός,-οῦ,n. f.,le ciel,273,2025-10-15T12:06:36.206Z
G3773,Οὐρβανός,-οῦ,n. pr. m.,"Urbain = «de la ville ; poli, courtois»",1,
G3774,Οὐρίας,-ου,n. pr. m.,Urie = «lumière de l’Éternel»,1,
G3775,οὖς,-ὠτός,n. n.,l’oreille,36,2024-11-01T08:15:49.825Z
G3776,οὐσία,-ας,n. f.,"bien, avoir, fortune",2,
G3777,οὔτε,,part. / conj. n.,ni,86,2024-11-01T08:15:49.825Z
G3778,οὗτος,"-αὕτη, -τοῦτο",dém.,"celui-ci, celle-ci",1380,2024-11-01T08:15:49.825Z
G3779,οὕτω/οὕτως,,adv.,"de cette façon, ainsi",207,2025-10-15T12:07:41.872Z
G3780,οὐχί,,part. n.,"non, ne... pas, d’aucune manière, pas du tout",53,2025-10-15T12:08:05.418Z
G3781,ὀφειλέτης,-ου,n. m.,"débiteur, coupable",7,
G3782,ὀφειλή,-ῆς,n. f.,"dette, dû",3,
G3783,ὀφείλημα,-τος,n. n.,"dette, offense",2,
G3784,ὀφείλω,,vb.,"devoir, être en dette",35,2024-11-01T08:15:49.825Z
G3785,ὄφελον,,interj.,"puissiez-vous, si seulement",4,
G3786,ὄφελος,-ους,n. n.,"profit, gain, avantage",3,
G3787,ὀφθαλμοδουλεία,-ας,n. f.,service sous les yeux,1,
G3788,ὀφθαλμός,-οῦ,n. f.,l'œil,100,2025-10-15T12:08:30.701Z
G3789,ὄφις,-εως,n. f.,serpent,14,2024-11-01T08:15:49.825Z
G3790,ὀφρῦς,-ύος,n. f.,"bord escarpé, escarpement",1,
G3791,ὀχλέω,,vb.,"exciter, déranger, affliger",1,2024-11-01T08:15:49.825Z
G3792,ὀχλοποιέω,,vb.,"faire un amas du peuple, rassembler la foule",1,
G3793,ὄχλος,-ου,n. m.,la foule,174,2025-10-15T12:08:46.223Z
G3794,ὀχύρωμα,-τος,n. n.,"forteresse, place forte",1,
G3795,ὀψάριον,-ου,n. m.,poisson cuit,5,
G3796,ὀψέ,,adv.,"sur le tard, après",3,
G3797,ὄψιμος,-ον,adj.,"dernière saison, tardif",1,
G3798,ὀψία,"-α, -ον",adj.,"soir, fin du jour",15,
G3799,ὄψις,-εως,n. f.,"visage, apparence, aspect, figure",3,
G3800,ὀψώνιον,-ου,n. m.,"dépens, salaire, frais",4,
G3802,παγιδεύω,,vb.,"prendre au piège, surprendre",1,2024-11-01T08:15:49.825Z
G3803,παγίς,-ίδος,n. f.,"piège, instrument pour attraper",5,
G3804,πάθημα,-τος,n. n.,souffrance ; passion,16,
G3805,παθητός,"-ή, -όν",adj.,capable de souffrir,1,2024-11-01T08:15:49.825Z
G3806,πάθος,-ους,n. m.,"affection déréglée, passion",3,
G3807,παιδαγωγός,-οῦ,n. f.,"pédagogue, tuteur, maître",3,2024-11-01T08:15:49.825Z
G3808,παιδάριον,-ου,n. m.,"petit enfant, jeune enfant, garçon",1,
G3809,παιδεία,-ας,n. f.,discipline,6,
G3810,παιδευτής,-οῦ,n. f.,"instructeur, éducateur, professeur, celui qui discipline",2,
G3811,παιδεύω,,vb.,apprendre ; enseigner ; instruire ; discipliner ; châtier,13,
G3812,παιδιόθεν,,adv.,"dès l’enfance, depuis la jeunesse",1,
G3813,παιδίον,-ου,n. m.,le petit enfant,52,2024-11-01T08:15:49.825Z
G3814,παιδίσκη,-ης,n. f.,jeune servante,13,
G3815,παίζω,,vb.,"jouer comme un enfant, divertir",1,2024-11-01T08:15:49.825Z
G3816,παῖς,παιδός,n. m./f.,"l'enfant, le petit serviteur",24,2024-11-01T08:15:49.825Z
G3817,παίω,,vb.,"frapper, battre",5,
G3819,πάλαι,,adv.,autrefois ; jadis ; longtemps,6,
G3820,παλαιός,"-ά, -όν",adj.,ancien ; vieux,19,
G3821,παλαιότης,-ητος,n. f.,"vieillesse, caractère ancien, vétuste",1,
G3822,παλαιόω,,vb.,rendre ancien ; vieillir,4,
G3823,πάλη,-ης,n. f.,lutte,1,
G3824,παλιγγενεσία,-ας,n. f.,régénération,2,
G3825,πάλιν,,adv.,"de nouveau, encore",138,2024-11-01T08:15:49.825Z
G3826,παμπληθεί,,adv.,ensemble,1,
G3828,Παμφυλία,-ας,n. pr. f.,Pamphilie = «de chaque tribu»,5,
G3829,πανδοχεῖον,-ου,n. m.,"hôtellerie, auberge",1,
G3830,πανδοχεύς,-έως,n. f.,"hôtelier, aubergiste",1,
G3831,πανήγυρις,-εως,n. f.,assemblée de fête publique,1,2024-11-01T08:15:49.825Z
G3832,πανοικί,,adv.,avec toute la maison,1,
G3833,πανοπλία,-ας,n. f.,armure,3,
G3834,πανουργία,-ας,n. f.,"habileté, ruse, fourberie, perfidie",5,
G3835,πανοῦργος,-ον,adj.,"rusé, astucieux, fourbe",1,
G3837,πανταχοῦ,,adv.,"partout, en tous lieux",7,
G3838,παντελής,-ές,adj.,"du tout, définitivement, plus entier, plus complet",2,
G3839,πάντῃ,,adv. / adj.,de toutes façons,1,
G3840,πάντοθεν,,adv.,"entièrement, complètement, de toutes parts",3,
G3841,παντοκράτωρ,-ορος,n. f.,Tout-puissant,10,
G3842,πάντοτε,,adv.,toujours,41,2024-11-01T08:15:49.825Z
G3843,πάντως,,adv.,absolument ; assurément ; entièrement,8,
G3844,παρά,,prép.,"(+A) le long de, sur le bord de ; (+D) de, près de ; (+G) d'auprès de",194,
G3845,παραβαίνω,aor. παρέβην,vb.,"déchoir, s’écarter, délaisser, transgresser",3,
G3846,παραβάλλω,aor. παρέβαλον,vb.,"toucher, cingler, naviguer vers, représenter",1,
G3847,παράβασις,-εως,n. f.,transgression,7,2024-11-01T08:15:49.825Z
G3848,παραβάτης,-ου,n. m.,transgresseur,5,2024-11-01T08:15:49.825Z
G3849,παραβιάζομαι,,vb.,"forcer, contraindre, presser avec instance",2,
G3850,παραβολή,-ῆς,n. f.,la parabole,50,2025-10-15T12:11:16.505Z
G3851,παραβουλεύομαι,,vb.,"exposer, risquer",1,
G3852,παραγγελία,-ας,n. f.,commandement ; ordonnance ; ordre,5,
G3853,παραγγέλλω,aor. παρήγγειλα ; ptc. παραγγείλας,vb.,(+D) ordonner,31,2025-10-15T12:11:39.062Z
G3854,παραγίνομαι,aor. παρεγενόμην ; subj. παραγένωμαι,vb.,arriver,36,2024-11-01T08:15:49.825Z
G3855,παράγω,,vb.,aller ; passer,10,
G3856,παραδειγματίζω,,vb.,"exposer à l’opprobre, à l’ignominie",1,
G3857,παράδεισος,-ου,n. m.,paradis,3,
G3858,παραδέχομαι,,vb.,"agréer, recevoir, accueillir",6,
G3859,παραδιατριβή,,n. f.,"vaine dispute, querelle, altercation",1,
G3860,παραδίδωμι,"fut. παραδώσω ; fut. pass. παραδοθήσομαι ; aor. παρέδωκα ; aor. pass. παρεδόθην ; pf. moy. παραδέδομαι ; inf. παραδιδόναι, παραδοῦναι, παραδοθῆναι ; ptc. παραδιδούς, παραδούς, παραδοθείς ; subj. παραδοθῶ ; prés. 2sg. παραδίδως ; pf. ptc. παραδεδωκώς ; impf. 3sg. παρεδίδου ; plpf. 3pl. παραδεδώκεισαν ; subj. 3sg. παραδιδῷ, παραδιδοῖ, παραδῷ, παραδοῖ ; 3pl. παρεδίδουν, παρεδίδοσαν, παρέδωκαν, παρέδοσαν",vb.,livrer,118,2024-11-01T08:15:49.825Z
G3861,παράδοξος,-ον,adj.,"étrange, surprenant, extraordinaire",1,
G3862,παράδοσις,-εως,n. f.,"tradition, instruction",13,2024-11-01T08:15:49.825Z
G3863,παραζηλόω,,vb.,"exciter à la rivalité, à l’émulation",4,
G3864,παραθαλάσσιος,"-α, -ον",adj.,bord de la mer,1,
G3865,παραθεωρέω,,vb.,"négliger, délaisser",1,
G3866,παραθήκη,-ης,n. f.,"ce qui a été confié, dépôt",3,
G3867,παραινέω,impf. 3sg. παρῄνει,vb.,"exhorter, avertir, conseiller",2,
G3868,παραιτέομαι,impf. παρῃτούμην ; pf. ptc. παρῃτημένος,vb.,"refuser, excuser, repousser, éloigner",12,2024-11-01T08:15:49.825Z
G3869,παρακαθίζω,,vb.,(pass.) s’asseoir à côté,1,
G3870,παρακαλέω,fut. pass. παρακληθήσομαι ; aor. pass. παρεκλήθην ; pf. pass. παρακέκλημαι ; subj. παρακληθῶ,vb.,"exhorter, demander, conforter, encourager",108,2024-11-01T08:15:49.825Z
G3871,παρακαλύπτω,,vb.,"cacher, voiler, couvrir",1,
G3873,παράκειμαι,,vb.,être avec,2,
G3874,παράκλησις,-εως,n. f.,l'encouragement,29,2024-11-01T08:15:49.825Z
G3875,παράκλητος,-ου,n. f.,"consolateur, avocat",5,2025-02-24T09:17:15.000Z
G3876,παρακοή,-ῆς,n. f.,"désobéissance, refus d’écouter",3,
G3877,παρακολουθέω,,vb.,"(+D) suivre de près, suivre fidèlement",3,2026-08-29T13:32:33.240Z
G3878,παρακούω,,vb.,"écouter, sans porter attention",3,
G3879,παρακύπτω,,vb.,"se baisser, examiner attentivement",5,
G3880,παραλαμβάνω,fut. παραλήμψομαι ; fut. pass. παραλημφθήσομαι ; aor. παρέλαβον ; impv. παράλαβε,vb.,recevoir,49,2024-11-01T08:15:49.825Z
G3881,παραλέγω,,vb.,"côtoyer, longer",2,
G3882,παράλιος,-ον,adj.,"contrée maritime, littoral",1,
G3883,παραλλαγή,-ῆς,n. f.,"variation, changement",1,
G3884,παραλογίζομαι,,vb.,séduire,2,
G3885,παραλυτικός,"-ή, -όν",adj.,"paralysé, atteint de paralysie, paralytique",10,
G3886,παραλύω,,vb.,"être paralysé, défaillir",5,
G3887,παραμένω,aor. ptc. παραμείνας,vb.,"persévérer, demeurer auprès, continuer, séjourner",4,
G3888,παραμυθέομαι,,vb.,"consoler, réconforter, encourager",4,
G3889,παραμυθία,-ας,n. f.,"consolation, réconfort, encouragement",1,
G3890,παραμύθιον,-ου,n. m.,"soulagement, consolation, réconfort",1,
G3891,παρανομέω,,vb.,transgresser la loi mosaïque,1,
G3892,παρανομία,-ας,n. f.,"désobéissance, transgression",1,
G3893,παραπικραίνω,aor. παρεπίκρανα,vb.,"irriter, provoquer, exaspérer",1,
G3894,παραπικρασμός,-οῦ,n. f.,"irritation, provocation, exaspération",2,
G3895,παραπίπτω,aor. ptc. παραπεσών,vb.,"tomber, dévier d’un chemin, se détourner",1,
G3896,παραπλέω,aor. inf. παραπλεῦσαι,vb.,"passer devant, passer au large, naviguer devant",1,
G3897,παραπλήσιον,"-α, -ον",adj.,"fort près, bien près",1,
G3898,παραπλησίως,,adv.,"semblablement, pareillement",1,
G3899,παραπορεύομαι,,vb.,passer ; traverser,5,
G3900,παράπτωμα,-τος,n. n.,"faute, chute, transgression",20,2024-11-01T08:15:49.825Z
G3901,παραρρέω,aor. pass. subj. παραρυῶ,vb.,"s’écarter, passer à côté",1,
G3902,παράσημος,-ον,adj.,portant l’enseigne,1,
G3903,παρασκευάζω,,vb.,être prêt ; apprêter ; préparer,4,
G3904,παρασκευή,-ῆς,n. f.,"Préparation, c.-à-d. un vendredi",6,
G3905,παρατείνω,aor. παρέτεινα,vb.,"prolonger, étirer, continuer",1,
G3906,παρατηρέω,,vb.,observer,6,
G3907,παρατήρησις,-εως,n. f.,observation attentive,1,
G3908,παρατίθημι,fut. παραθήσω ; aor. παρέθηκα ; aor. moy. παρεθέμην ; inf. παραθεῖναι ; impv. παράθου,vb.,confier ; recommander ; remettre ; offrir ; mettre devant ; démontrer ; dresser ; proposer,18,
G3909,παρατυγχάνω,,vb.,rencontrer,1,
G3910,παραυτίκα,,adv.,"d’un moment, de l’instant présent",1,
G3911,παραφέρω,aor. impv. παρένεγκε,vb.,"éloigner, entraîner, emporter",4,2025-06-06T10:10:40.000Z
G3912,παραφρονέω,,vb.,"être hors de sens, avoir l’esprit dérangé, être insensé",1,
G3913,παραφρονία,-ας,n. f.,"folie, déraison, démence",1,
G3914,παραχειμάζω,,vb.,"passer l’hiver, hiverner",4,
G3915,παραχειμασία,-ας,n. f.,hivernage,1,
G3916,παραχρῆμα,,adv.,"instantanément, sur-le-champ, immédiatement, aussitôt",18,
G3917,πάρδαλις,-εως,n. f.,léopard,1,
G3918,πάρειμι,aor. inf. παρεῖναι ; pf. pass. ptc. παρειμένος,vb.,être présent,25,2024-11-01T08:15:49.825Z
G3919,παρεισάγω,,vb.,"introduire furtivement, apporter secrètement, sournoisement",1,
G3920,παρείσακτος,-ον,adj.,"furtif, intrus",1,
G3921,παρεισδύνω,,vb.,"se glisser, s’infiltrer, s’introduire",1,
G3922,παρεισέρχομαι,aor. παρεισῆλθον,vb.,"s’insinuer, se glisser, s’introduire secrètement, intervenir",2,
G3923,παρεισφέρω,aor. ptc. παρεισενέγκας,vb.,"apporter, apporter en plus",1,
G3924,παρεκτός,,prép.,"hormis, à l’exception, sauf, si ce n’est",3,
G3925,παρεμβολή,-ῆς,n. f.,armée ; camp ; forteresse,10,
G3926,παρενοχλέω,,vb.,"inquiéter, déranger, contrarier",1,
G3927,παρεπίδημος,-ον,adj.,"forain, pèlerin, étranger, qui séjourne",3,
G3928,παρέρχομαι,fut. παρελεύσομαι ; aor. παρῆλθον ; inf. παρελθεῖν ; ptc. παρεληλυθώς ; pf. inf. παρεληλυθέναι,vb.,passer à côté,29,2024-11-01T08:15:49.825Z
G3929,πάρεσις,-εως,n. f.,support,1,
G3930,παρέχω,aor. παρέσχον ; ptc. παρασχών ; fut. moy. 2sg. παρέξῃ,vb.,"apporter ; procurer, accorder, présenter ; montrer",16,2024-11-01T08:15:49.825Z
G3931,παρηγορία,-ας,n. f.,"consolation, réconfort",1,2024-11-01T08:15:49.825Z
G3932,παρθένεια,-ας,n. f.,virginité,1,
G3933,παρθένος,-ου,n. m.,vierge,15,
G3934,Πάρθος,-ου,adj.,Parthes = «un gage»,1,
G3935,παρίημι,,vb.,"(pass.) lasser, être défaillant, relâché",1,
G3936,παρίστημι,"fut. παραστήσω ; fut. moy. παραστήσομαι ; pf. παρέστηκα ; plpf. παρειστήκειν ; ptc. παρεστώς, παρεστηκώς ; 1aor. παρέστησα ; 2aor. παρέοτην",vb.,placer à côté,41,2024-11-01T08:15:49.825Z
G3937,Παρμενᾶς,-ᾶ,n. pr. m.,"Parménas = «constant, durable»",1,
G3938,πάροδος,-ου,n. m.,"action de passer, passage",1,
G3939,παροικέω,,vb.,"demeurer comme un étranger, séjourner",2,
G3940,παροικία,-ας,n. f.,séjour,2,
G3941,πάροικος,-ον,adj.,"étranger, résident, personne qui séjourne, personne de passage, forain",4,
G3942,παροιμία,-ας,n. f.,"parabole, proverbe",5,2024-11-01T08:15:49.825Z
G3943,πάροινος,-ον,adj.,"adonné au vin, buveur",2,
G3944,παροίχομαι,pf. παρῴχημαι,vb.,"passer, terminer, être révolu",1,
G3945,παρομοιάζω,,vb.,"ressembler, être comme",1,
G3946,παρόμοιος,-ον,adj.,"semblable, similaire",1,
G3947,παροξύνω,,vb.,"irriter, fâcher, être exaspéré, exciter",2,
G3948,παροξυσμός,-οῦ,n. f.,"irritation, exaspération, désaccord, excitation",2,
G3949,παροργίζω,fut. παροργιῶ,vb.,"provoquer, irriter",2,
G3950,παροργισμός,-οῦ,n. f.,"irritation, exaspération, colère",1,
G3951,παροτρύνω,aor. παρώτρυνα,vb.,"exciter, agiter",1,
G3952,παρουσία,-ας,n. m.,"la présence, la venue, l’avènement",24,2025-10-15T12:13:57.951Z
G3953,παροψίς,-ίδος,n. f.,"plat, des friandises, des mets délicats",2,
G3954,παρρησία,-ας,n. f.,"franchise, liberté de parole ; ouverture au public ; assurance, confiance, audace",31,2026-08-29T13:32:33.240Z
G3955,παρρησιάζομαι,,vb.,parler avec hardiesse ; parler ouvertement ; s’enhardir,9,
G3956,πᾶς,"πᾶσα, πᾶν, παντός, πάσης",adj.,"tout, toute sorte, chaque, quiconque",1236,2024-11-01T08:15:49.825Z
G3957,πάσχα,,aram. / n.,"Pâque, repas pascal",29,2024-11-01T08:15:49.825Z
G3958,πάσχω,aor. ἔπαθον ; pf. πέπονθα ; inf. παθεῖν ; ptc. παθών ; fem. ptc. παθοῦσα,vb.,"souffrir, endurer du mal, être affligé",41,
G3959,Πάταρα,-ων,n. pr.,"Patara = «éparpillement, malédiction»",1,
G3960,πατάσσω,,vb.,frapper,10,2024-11-01T08:15:49.825Z
G3961,πατέω,,vb.,"fouler, fouler aux pieds, piétiner le raisin",5,
G3962,πατήρ,πατρός,n. f.,"père, patriarche",414,2024-11-01T08:15:49.825Z
G3963,Πάτμος,-ου,n. pr. f.,"Patmos = «mortel, fascinant»",1,
G3964,πατραλῴας,,n. m.,parricide,1,2026-02-19T10:06:46.837Z
G3965,πατριά,-ᾶς,n. f.,"famille, lignée, race, nationalité",3,
G3966,πατριάρχης,-ου,n. m.,patriarche,4,
G3967,πατρικός,"-ή, -όν",adj.,de mes pères,1,
G3968,πατρίς,-ίδος,n. f.,"pays natal, patrie",8,
G3969,Πατροβᾶς,-ᾶ,n. pr. m.,Patrobas = «paternel»,1,
G3970,πατροπαράδοτος,-ον,adj.,"enseigné par les pères, hérité des pères",1,
G3971,πατρῷος,"-α, -ον",adj.,des pères,3,
G3972,Παῦλος,-ου,n. pr. m.,Paul ou Paulus = «petit»,158,2024-11-01T08:15:49.825Z
G3973,παύω,,vb.,"apaiser, se modérer, s’arrêter, cesser",15,
G3974,Πάφος,-ου,n. pr. f.,Paphos = «bouillant ou chaud»,2,
G3975,παχύνω,,vb.,"épaissir, engraisser, durcir",2,
G3976,πέδη,-ης,n. f.,"fer, fer au pied, entrave",3,
G3977,πεδινός,"-ή, -όν",adj.,"uni, plat, de niveau égal",1,
G3978,πεζεύω,,vb.,"aller à pied, marcher",1,
G3979,πεζῆ,,adv.,à pied,2,
G3980,πειθαρχέω,,vb.,"obéir, à un supérieur",4,
G3981,πειθός,"-ή, -όν",adj.,"persuasif, convaincant",1,
G3982,πείθω,fut. pass. πεισθήσομαι ; aor. ἔπεισα ; pf. πέποιθα ; pf. pass. πέπεισμαι ; plpf. ἐπεποίθειν,vb.,"être assuré, avoir confiance, consentir, croire, être d’avis, exhorter, gagner, obéir, persuader, s’appliquer à plaire, se confier, se fier",52,2024-11-01T08:15:49.825Z
G3983,πεινάω,,vb.,avoir faim,23,2024-11-01T08:15:49.825Z
G3984,πεῖρα,-ας,n. f.,"essai, tentative",2,
G3985,πειράζω,aor. pass. ἐπειράσθην,vb.,"tenter, éprouver",38,2024-11-01T08:15:49.825Z
G3986,πειρασμός,-οῦ,n. f.,"tentation, épreuve, difficulté",21,
G3987,πειράω,,vb.,"chercher, s’efforcer, essayer",1,
G3988,πεισμονή,-ῆς,n. f.,"persuasion, influence",1,
G3989,πέλαγος,-ους,n. m.,"profondeur, flot, abîme, mer",2,
G3990,πελεκίζω,,vb.,"décapiter, trancher la tête",1,
G3991,πέμπτος,"-η, -ον",adj.,cinquième,4,
G3992,πέμπω,,vb.,envoyer,79,2024-11-01T08:15:49.825Z
G3993,πένης,-ητος,adj.,"pauvre, personne nécessiteuse, indigente",1,
G3994,πενθερά,-ᾶς,n. f.,"belle-mère, mère du conjoint",6,
G3995,πενθερός,-οῦ,n. f.,"beau-père, père du conjoint",1,
G3996,πενθέω,,vb.,"mener deuil, être affligé",10,
G3997,πένθος,-ους,n. m.,"deuil, douleur, affliction",5,
G3998,πενιχρός,"-ά, -όν",adj.,"pauvre, nécessiteux, indigent",1,
G3999,πεντάκις,,adv.,"cinq fois, cinq occasions",1,
G4000,πεντακισχίλιοι,"-αι, -α",adj.,cinq mille,6,
G4001,πεντακόσιοι,"-αι, -α",adj.,cinq cents,2,
G4002,πέντε,,num.,cinq,38,
G4003,πεντεκαιδέκατος,"-η, -ον",adj.,quinze,1,
G4004,πεντήκοντα,,num.,cinquante,7,
G4005,πεντηκοστή,-ῆς,n. f.,Pentecôte = «le cinquantième jour»,3,
G4006,πεποίθησις,-εως,n. f.,"confiance, assurance",6,
G4008,πέραν,,prép.,"de l’autre côté, au-delà",23,
G4009,πέρας,-ατος,n. n.,"bout, extrémité, terme",4,
G4010,Πέργαμος,"-ου ; Πέργαμον, -ου",n. pr. f.,Pergame = «hauteur ou élévation»,2,
G4011,Πέργη,-ης,n. pr. f.,Perge = «terreux»,3,
G4012,περί,,prép.,touchant ; qui concerne ; au sujet de ; des environs,331,
G4013,περιάγω,,vb.,parcourir ; mener avec soi ; se tourner de tous côtés,6,
G4014,περιαιρέω,ptc. περιελών ; aor. inf. περιελεῖν ; impf. pass. 3sg. περιῃρεῖτο,vb.,"couper, enlever, retrancher, ôter",4,
G4015,περιαστράπτω,,vb.,briller comme l’éclair,2,
G4016,περιβάλλω,fut. περιβαλῶ ; aor. περιέβαλον ; pf. pass. περιβέβλημαι ; aor. moy. impv. περιβαλοῦ,vb.,entourer ; vêtir ; jeter sur,22,
G4017,περιβλέπω,,vb.,regarder,7,
G4018,περιβόλαιον,-ου,n. m.,"vêtement, manteau, voile",2,
G4019,περιδέω,plpf. pass. 3sg. περιεδέδετο,vb.,"envelopper, recouvrir",1,
G4020,περιεργάζομαι,,vb.,se mêler de tout,1,2025-07-10T15:20:20.000Z
G4021,περίεργος,-ον,adj.,qui se rapporte à la magie ; se mêlant de tout,2,
G4022,περιέρχομαι,aor. περιῆλθον ; ptc. περιελθών,vb.,aller ; courir çà et là ; errer ça et là ; suivre la côte,3,
G4023,περιέχω,aor. περιέσχον,vb.,"saisir, prendre possession, concevoir, contenir",2,
G4024,περιζώννυμι,fut. moy. περιζώσομαι ; aor. moy. ptc. περιζωσάμενος ; pf. moy. ptc. περιεζωσμένος,vb.,ceindre,6,
G4025,περίθεσις,-εως,n. f.,"ornement, bijou",1,
G4026,περιΐστημι,prés. moy. impv. 2sg. περιΐστασο ; aor. 3pl. περιέστησαν ; pf. ptc. περιεστώς,vb.,se tenir à l’entour ; éviter,4,
G4027,περικάθαρμα,-τος,n. n.,"balayure, déchet",1,2024-11-01T08:15:49.825Z
G4028,περικαλύπτω,,vb.,"couvrir, recouvrir, plaquer",3,
G4029,περίκειμαι,,vb.,entourer ; envelopper ; charger,5,
G4030,περικεφαλαία,-ας,n. f.,casque,2,
G4031,περικρατής,-ές,adj.,maître,1,
G4032,περικρύπτω,,vb.,"cacher, tenir secret, dissimuler",1,
G4033,περικυκλόω,,vb.,"environner, entourer",1,
G4034,περιλάμπω,,vb.,"resplendir autour, envelopper de lumière, illuminer autour",2,
G4035,περιλείπομαι,,vb.,"demeurer, rester, survivre",2,
G4036,περίλυπος,-ον,adj.,fort triste ; saisi de tristesse,4,
G4037,περιμένω,,vb.,attendre,1,
G4038,πέριξ,,adv.,"d’alentour, des environs",1,
G4039,περιοικέω,,vb.,demeurer tout près,1,
G4040,περίοικος,-ον,adj.,voisin,1,
G4041,περιούσιος,-ον,adj.,"acquis, choisi, élu",1,
G4042,περιοχή,-ῆς,n. / vb. f.,passage,1,
G4043,περιπατέω,,vb.,"marcher, circuler, vivre",95,2024-11-01T08:15:49.825Z
G4044,περιπείρω,,vb.,"transpercer, torturer, affliger son âme",1,
G4045,περιπίπτω,aor. περιέπεσον ; ptc. περιπεσών,vb.,"tomber, être environné, heurter, être en butte",3,
G4046,περιποιέω,,vb.,"acquérir, se procurer",3,
G4047,περιποίησις,-εως,n. f.,préservation ; possession ; obtention,5,2025-10-31T08:58:29.151Z
G4048,περιρρήγνυμι,aor. ptc. περιρήξας,vb.,"arracher, déchirer",1,
G4049,περισπάω,,vb.,"occuper, distraire, affoler",1,2024-11-01T08:15:49.825Z
G4050,περισσεία,-ας,n. f.,"surabondance, superflu, abondance",4,
G4051,περίσσευμα,-τος,n. n.,"abondance, surplus, ce qui reste",5,
G4052,περισσεύω,,vb.,"abonder, surpasser",39,2024-11-01T08:15:49.825Z
G4053,περισσός,"-ή, όν",adj. / adv.,"en plus, en abondance",5,2024-11-01T08:15:49.825Z
G4054,περισσότερον,,adv.,"plus abondant, plus grand, davantage",7,2024-11-01T08:15:49.825Z
G4055,περισσότερος,,adj.,plus grand ; plus sévère ; excessif,9,
G4056,περισσοτέρως,,adv. comp.,"encore plus, bien davantage, particulièrement",12,2024-11-01T08:15:49.825Z
G4057,περισσῶς,,adv.,"encore plus fort, grandement, extrêmement",4,
G4058,περιστερά,-ᾶς,n. f.,colombe,10,
G4059,περιτέμνω,"aor. περιέτεμον ; aor. pass. περιετμήθην ; pf. pass. περιτέτμημαι ; inf. περιτεμεῖν, περιτμηθῆναι",vb.,"circoncire, sectionner, enlever le prépuce",16,
G4060,περιτίθημι,aor. περιέθηκα ; ptc. περιθείς ; prés. 3pl. περιτιθέασιν,vb.,"entourer, couvrir, fixer, poser sur",8,2024-11-01T08:15:49.825Z
G4061,περιτομή,-ῆς,n. f.,la circoncision,36,2024-11-01T08:15:49.825Z
G4062,περιτρέπω,,vb.,tourner,1,
G4063,περιτρέχω,aor. περιέδραμον,vb.,courir autour,1,
G4064,περιφέρω,,vb.,apporter ; emporter çà et là ; porter partout ; séduire,3,
G4065,περιφρονέω,,vb.,"mépriser, abaisser",1,
G4066,περίχωρος,-ον,adj.,"pays des environs, pays environnant, région autour, contrée autour",9,
G4067,περίψημα,-τος,n. n.,"rebut, déchet, ordure",1,
G4068,περπερεύομαι,,vb.,"se vanter, se glorifier",1,
G4069,Περσίς,-ίδος,n. pr. f.,Perside = «une femme Perse»,1,
G4070,πέρυσι,,adv.,"l’année passée, l’année précédente",2,
G4071,πετεινός,-οῦ,n. n.,oiseau,14,
G4072,πέτομαι,,vb.,voler,5,
G4073,πέτρα,-ας,n. f.,roc ; rocher,15,
G4074,Πέτρος,-ου,n. pr. m.,Pierre = «un roc ou une pierre»,155,2024-11-01T08:15:49.825Z
G4075,πετρώδης,-ες,adj.,"rocailleux, pierreux",4,
G4076,πήγανον,-ου,n. m.,rue,1,
G4077,πηγή,-ῆς,n. f.,"fontaine, source, flux",11,
G4078,πήγνυμι,aor. ἔπηξα,vb.,"dresser, ériger, installer",1,
G4079,πηδάλιον,-ου,n. n.,gouvernail,2,
G4080,πηλίκος,"-η, -ον",adj.,"combien grand, combien important",2,
G4081,πηλός,-οῦ,n. f.,"argile, boue",6,
G4082,πήρα,-ας,n. f.,sac pour provisions,6,
G4083,πῆχυς,-εως,n. f.,coudée,4,
G4084,πιάζω,,vb.,"prendre, saisir, se saisir de, s’emparer, capturer",12,
G4085,πιέζω,,vb.,"presser, comprimer, tasser",1,
G4086,πιθανολογία,-ας,n. f.,discours spécieux,1,
G4087,πικραίνω,fut. πικρανῶ ; aor. pass. ἐπικράνθην,vb.,"s’aigrir, rendre amer, remplir d’amertume, irriter",4,
G4088,πικρία,-ας,n. f.,"amertume, âpreté",4,
G4089,πικρός,"-ά, -όν",adj.,"amer, âcre, désagréable au goût",2,
G4090,πικρῶς,,adv.,"amèrement, avec amertume",2,
G4091,Πιλᾶτος,-ου,n. pr. m.,Pilate = «armé d’une lance»,55,
G4092,πίμπρημι,,vb.,"enfler, grossir",1,
G4093,πινακίδιον,-ου,n. m.,tablette,1,
G4094,πίναξ,-ακος,n. f.,"plat, planche, plaque",5,
G4095,πίνω,"fut. πίομαι ; aor. ἔπιον ; pf. πέπωκα ; inf. πιεῖν, πεῖν ; subj. πίω ; impv. πίε ; 2sg. πίεσαι",vb.,boire,73,2024-11-01T08:15:49.825Z
G4096,πιότης,-ητος,n. f.,graisse,1,
G4097,πιπράσκω,aor. pass. ἐπράθην ; pf. πέπρακα ; pf. pass. πέπραμαι ; inf. πραθῆναι ; ptc. neut. πραθέν,vb.,"vendre, faire du commerce",9,
G4098,πίπτω,fut. πεσοῦμαι ; aor. ἔπεσα ; pf. πέπτωκα ; inf. πεσεῖν ; ptc. πεσών ; 2sg. πέπτωκες,vb.,"tomber, se prosterner, se jeter",90,2024-11-01T08:15:49.825Z
G4099,Πισιδία,-ας,n. pr. f.,"Pisidie = «bitume, enduit de poix»",2,
G4100,πιστεύω,,vb.,croire ; se fier ; confier,238,
G4101,πιστικός,"-ή, -όν",adj.,"pur, authentique, naturel, fiable",2,
G4102,πίστις,-εως,n. f.,"foi, fidelité",242,2024-11-01T08:15:49.825Z
G4103,πιστός,"-ή, -όν",adj.,"digne de confiance, fidèle ; croyant • (subst.) un croyant, un fidèle ",66,2026-08-29T15:21:49.825Z
G4104,πιστόω,,vb.,"être pleinement convaincu, être pleinement assuré",1,
G4105,πλανάω,,vb.,"tromper, décevoir",39,2024-11-01T08:15:49.825Z
G4106,πλάνη,-ης,n. f.,erreur ; séduction ; égarement,10,
G4107,πλανήτης,-ου,adj.,"errant, vagabond",1,2025-06-04T10:56:48.000Z
G4108,πλάνος,-ον,adj.,"séducteur, trompeur",5,2025-10-21T12:16:01.848Z
G4109,πλάξ,πλακός,n. f.,"table, tablette, planche",3,
G4110,πλάσμα,-τος,n. n.,chose formée,1,
G4111,πλάσσω,aor. pass. ἐπλάσθην ; aor. ptc. πλάσας,vb.,"former, mouler, modeler",2,
G4112,πλαστός,"-ή, -όν",adj.,"artificieux, trompeur, mensonger",1,
G4114,πλάτος,-ους,n. m.,largeur,4,
G4115,πλατύνω,,vb.,élargir,3,
G4116,πλατύς,"-εῖα, -ύ",n. / adj. f.,"large, grand, spacieux",10,
G4117,πλέγμα,-τος,n. n.,tresse,1,
G4118,πλεῖστος,,adj.,"grand, immense, nombreux",4,
G4119,πλείων,,adj. comp.,plus nombreux,45,2024-11-01T08:15:49.825Z
G4120,πλέκω,,vb.,"tresser, entrelacer ensemble",3,
G4121,πλεονάζω,aor. opt. 3sg. πλεονάσαι,vb.,"abonder, dépasser en quantité, excéder",9,
G4122,πλεονεκτέω,,vb.,"s’enrichir aux dépens, prendre avantage, exploiter, faire tort, circonvenir",5,
G4123,πλεονέκτης,-ου,n. m.,"avare, cupide, ambitieux",4,
G4124,πλεονεξία,-ας,n. f.,"cupidité, avarice, avidité, chose extorquée",10,
G4125,πλευρά,-ᾶς,n. f.,"côté, côté du corps",5,
G4126,πλέω,,vb.,"faire voile, naviguer, voguer",6,
G4127,πληγή,-ῆς,n. f.,coup ; plaie,22,
G4128,πλῆθος,-ους,n. m.,une multitude,31,2024-11-01T08:15:49.825Z
G4129,πληθύνω,,vb.,croître ; prévaloir ; multiplier,12,
G4130,πλήθω / πίμπλημι,,vb.,remplir,24,2025-07-18T15:35:44.084Z
G4131,πλήκτης,-ου,n. m.,"batteur, batailleur, brutal",2,
G4132,πλήμμυρα,-ης,n. f.,"inondation, crue",1,
G4133,πλήν,,conj.,cependant,31,2024-11-01T08:15:49.825Z
G4134,πλήρης,-ες,adj.,"plein, rempli, complet",16,
G4135,πληροφορέω,,vb.,accomplir pleinement ; recevoir pleinement ; demeurer bien assurer ; être pleinement convaincu,6,
G4136,πληροφορία,-ας,n. f.,"plénitude d’assurance, pleine assurance, pleine certitude, entière conviction",4,
G4137,πληρόω,,vb.,"remplir, accomplir",85,2024-11-01T08:15:49.825Z
G4138,πλήρωμα,-τος,n. n.,accomplissement ; plénitude ; ce qui est plein ; contenu ; partie ajoutée ; tout,17,
G4139,πλησίον,,adv.,(subst.) le prochain ; (prép. +G) près de,17,2025-07-23T13:41:25.407Z
G4140,πλησμονή,-ῆς,n. f.,"satisfaction, contentement, rassasiement",1,
G4141,πλήσσω,aor. pass. ἐπλήγην,vb.,"frapper, battre",1,
G4142,πλοιάριον,-ου,n. m.,petite barque,4,
G4143,πλοῖον,-ου,n. n.,"un navire, un bateau",68,2024-11-01T08:15:49.825Z
G4144,πλόος,πλοῦν,n. f.,"navigation, voyage par mer",3,
G4145,πλούσιος,"-α, -ον",adj.,riche,28,2024-11-01T08:15:49.825Z
G4146,πλουσίως,,adv.,"richement, en abondance, en grande quantité",4,
G4147,πλουτέω,,vb.,enrichir ; être riche,12,
G4148,πλουτίζω,,vb.,"enrichir, rendre riche",3,
G4149,πλοῦτος,-ου,n. m.,"richesse, biens en abondance",22,
G4150,πλύνω,,vb.,"laver, nettoyer",3,
G4151,πνεῦμα,-τος,n. n.,"esprit, souffle",378,2024-11-01T08:15:49.825Z
G4152,πνευματικός,"-ή, όν",adj.,spirituel,26,2024-11-01T08:15:49.825Z
G4153,πνευματικῶς,,adv.,spirituellement,2,
G4154,πνέω,aor. ἔπνευσα,vb.,"souffler, déplacer l’air",7,
G4155,πνίγω,,vb.,"étrangler, étouffer",2,
G4156,πνικτός,"-ή, -όν",adj.,ce qui est étouffé,3,
G4157,πνοή,-ῆς,n. f.,"respiration, souffle, vent",2,
G4158,ποδήρης,-ες,adj.,qui va jusqu’aux pieds,1,
G4159,πόθεν,,adv.,"d'où, comment",29,2024-11-01T08:15:49.825Z
G4160,ποιέω,plpf. 3pl. πεποιήκεισαν,vb.,"faire, créer",568,2024-11-01T08:15:49.825Z
G4161,ποίημα,-τος,n. n.,"ouvrage, œuvre, création",2,
G4163,ποιητής,-οῦ,n. f.,celui qui accomplit ; observateur ; réalisateur ; poète,6,
G4164,ποικίλος,"-η, -ον",adj.,"divers, varié, de toutes sortes",10,
G4165,ποιμαίνω,fut. ποιμανῶ ; aor. impv. 2pl. ποιμάνατε,vb.,"être le berger ; paître, faire paître ; se repaître",11,2025-07-10T15:18:18.000Z
G4166,ποιμήν,-ένος,n. f.,"berger, pasteur",18,2024-11-01T08:15:49.825Z
G4167,ποίμνη,-ης,n. f.,troupeau,5,
G4168,ποίμνιον,-ου,n. m.,troupeau,5,
G4169,ποῖος,"-α, -ον",interr.,de quel genre?,33,2024-11-01T08:15:49.825Z
G4170,πολεμέω,,vb.,"combattre, faire la guerre",7,
G4171,πόλεμος,-ου,n. f.,combat ; guerre,18,
G4172,πόλις,-ου,n. f.,"une ville, une cité",163,2024-11-01T08:15:49.825Z
G4173,πολιτάρχης,-ου,n. m.,magistrat de la ville,2,
G4174,πολιτεία,-ας,n. f.,"citoyenneté, droit de cité",2,
G4175,πολίτευμα,-τος,n. n.,cité,1,2024-11-01T08:15:49.825Z
G4176,πολιτεύω,,vb.,"se conduire en bon citoyen, vivre",2,
G4177,πολίτης,-ου,n. m.,"concitoyen, habitant d’une ville, citoyen",4,
G4178,πολλάκις,,adv.,plusieurs fois ; souvent,18,
G4179,πολλαπλασίων,"-ον, -ονος",adj.,"beaucoup plus, nombreux",1,
G4180,πολυλογία,-ας,n. f.,abondance de paroles,1,
G4181,πολυμερῶς,,adv.,"à plusieurs reprise, à maintes occasions, souvent",1,
G4182,πολυποίκιλος,-ον,adj.,"si divers, très varié",1,
G4183,πολύς,"πολλή, πολύ, -οῦ, -ῆς",adj. / adv.,beaucoup,365,2024-11-01T08:15:49.825Z
G4184,πολύσπλαγχνος,-ον,adj.,plein de compassion,1,
G4185,πολυτελής,-ές,adj.,"de grand prix, très précieux, coûteux, somptueux",3,
G4186,πολύτιμος,-ον,adj.,de grand prix,3,
G4187,πολυτρόπως,,adv.,"en plusieurs manières, de nombreuses façons",1,
G4188,πόμα,-τος,n. n.,"breuvage, boisson",2,
G4189,πονηρία,-ας,n. f.,"méchanceté, iniquité, dépravation",7,
G4190,πονηρός,"-ά, -όν",adj.,"mal, maudit, mauvais",77,2024-11-01T08:15:49.825Z
G4192,πόνος,-ου,n. m.,"douleur, souffrance physique, mais aussi préoccupation, angoisse mentale, peine",4,
G4193,Ποντικός,"-ή, -όν",adj.,Du Pont,1,
G4194,Πόντιος,-ου,n. pr. m.,Ponce (Pilate) = «de la mer»,3,
G4195,Πόντος,-ου,n. pr. m.,le Pont = «la mer»,2,
G4196,Πόπλιος,-ου,n. pr. m.,Publius = «populaire»,2,
G4197,πορεία,-ας,n. f.,"chemin, marche, trajet, voyage, voie",2,
G4198,πορεύω,,vb.,"aller, marcher, voyager, s'en aller",150,2024-11-01T08:15:49.825Z
G4199,πορθέω,,vb.,"détruire, ravager",3,2025-10-06T07:54:46.326Z
G4200,πορισμός,-οῦ,n. m.,"gain, source de gain, source de profit",2,
G4201,Πόρκιος,-ου,n. pr. m.,"Porcius (Festus) = «de cochon, bestial»",1,
G4202,πορνεία,-ας,n. f.,"la fornication, la prostitution",25,2024-11-01T08:15:49.825Z
G4203,πορνεύω,,vb.,"fornication, immoralité sexuelle",8,
G4204,πόρνη,-ης,n. f.,prostituée,12,
G4205,πόρνος,-ου,n. m.,"prostitué, fornicateur, impudique, débauché",10,2026-02-19T10:09:49.508Z
G4206,πόρρω,,adv.,"fort éloigné, loin, à distance",4,
G4207,πόρρωθεν,,adv.,"à distance, loin de, de loin",2,
G4209,πορφύρα,-ας,n. f.,pourpre,4,
G4210,πορφύρεος,"-ᾶ, -οῦν",adj.,"de pourpre, teint de pourpre, la couleur impériale",4,
G4211,πορφυρόπωλις,-ιδος,n. f.,marchand de pourpre,1,
G4212,ποσάκις,,adv.,"combien de fois, que de fois, combien souvent",3,
G4213,πόσις,-εως,n. f.,"boire, action de boire, boisson",3,
G4214,πόσος,"-η, -ον",pron.,combien?,27,2024-11-01T08:15:49.825Z
G4215,ποταμός,-οῦ,n. f.,"fleuve, torrent",17,
G4216,ποταμοφόρητος,-ον,adj.,emporté par le fleuve,1,
G4217,ποταπός,"-ή, -όν",interr.,"quel, de quelle sorte",7,
G4218,ποτέ,,part.,auparavant ; autrefois ; à quelque moment ; jamais ; quand,29,
G4219,πότε,,part.,quand?,19,
G4220,πότερος,,adv.,si,1,2025-10-20T12:05:42.915Z
G4221,ποτήριον,-ου,n. m.,coupe,31,2024-11-01T08:15:49.825Z
G4222,ποτίζω,,vb.,boire ; abreuver ; arroser,15,
G4223,Ποτίολοι,-ων,n. pr. m.,Pouzzoles = «petites sources»,1,
G4224,πότος,-ου,n. m.,"excès dans le boire, boisson, d’où beuverie",1,
G4225,πού,,adv.,"environ, près de, presque, quelque part",3,
G4226,ποῦ,,adv.,où?,47,2024-11-01T08:15:49.825Z
G4227,Πούδης,-εντος,n. pr. m.,"Pudens = «timide, modeste»",1,
G4228,πούς,ποδός,n. f.,le pied,93,2024-11-01T08:15:49.825Z
G4229,πρᾶγμα,-τος,n. n.,action ; affaire,11,
G4230,πραγματεία,-ας,n. f.,"affaire, petite affaire",1,
G4231,πραγματεύομαι,,vb.,trafiquer,1,
G4232,πραιτώριον,-ου,n. m.,prétoire,8,2024-11-01T08:15:49.825Z
G4233,πράκτωρ,-ορος,n. f.,"sergent, officier de justice, garde",2,
G4234,πρᾶξις,-εως,n. f.,action ; conduite ; fonction,6,
G4237,πρασιά,-ᾶς,n. f.,"rang, rangée",2,
G4238,πράσσω,pf. πέπραχα ; pf. pass. πέπραγμαι,vb.,"faire, pratiquer",38,2024-11-01T08:15:49.825Z
G4239,πραΰς,"πραεῖα, πραΰ",adj.,"doux, débonnaire",4,
G4240,πραΰτης,-ητος,n. f.,douceur,11,
G4241,πρέπω,,vb.,"convenir, être convenable",7,2026-08-29T13:32:33.240Z
G4242,πρεσβεία,-ας,n. f.,ambassade,2,
G4243,πρεσβεύω,,vb.,être ambassadeur,2,
G4244,πρεσβυτέριον,-ου,n. m.,corps des anciens,3,
G4245,πρεσβύτερος,"-α, -ον",adj.,"l'ancien, le vieil homme, le presbytre",65,2024-11-01T08:15:49.825Z
G4246,πρεσβύτης,-ου,n. m.,"vieillard, homme âgé",3,
G4247,πρεσβῦτις,-ιδος,n. f.,femme âgée,1,
G4248,πρηνής,"-ές, -οῦς",adj.,la tête en avant,1,
G4249,πρίζω,aor. pass. ἐπρίσθην,vb.,scier en deux,1,2024-11-01T08:15:49.825Z
G4250,πρίν,,prép.,"premièrement, avant, auparavant",13,
G4251,Πρίσκα,-ης,n. pr. f.,Prisca = «vieille»,3,
G4252,Πρίσκιλλα,-ης,n. pr. f.,"Priscille, Prisca = «petite vieille»",3,
G4253,πρό,,prép.,"avant, devant",47,
G4254,προάγω,aor. προήγαγον ; inf. προαγαγεῖν,vb.,aller devant ; amener ; devancer ; faire précédemment ; mener en avant ; précéder ; produire,19,
G4255,προαιρέω,,vb.,"se proposer, préférer, résoudre",1,
G4256,προαιτιάομαι,,vb.,"venir accuser, accuser ci-devant, accuser précédemment, établir auparavant",1,
G4257,προακούω,,vb.,"entendre parler déjà, entendre parler précédemment",1,
G4258,προαμαρτάνω,pf. προημάρτηκα,vb.,"pécher auparavant, pécher précédemment",2,
G4259,προαύλιον,-ου,n. m.,"vestibule, porche",1,
G4260,προβαίνω,pf. προβέβηκα ; aor. ptc. προβάς,vb.,passer plus avant ; être fort avancé,5,
G4261,προβάλλω,aor. subj. προβάλω,vb.,"commencer à pousser, pousser en avant, commencer à pousser, pousser en avant",2,
G4262,προβατικός,"-ή, -όν",adj.,porte des brebis,1,
G4263,πρόβατον,-ου,n. m.,brebis,39,2024-11-01T08:15:49.825Z
G4264,προβιβάζω,,vb.,"pousser, inciter, persuader",1,
G4265,προβλέπω,,vb.,"avoir en vue, prévoir, pourvoir",1,
G4266,προγίνομαι,,vb.,"précéder, arriver  antérieurement",1,
G4267,προγινώσκω,aor. προέγνων,vb.,connaître ; préconnaître,5,
G4268,πρόγνωσις,-εως,n. f.,"préconnaissance, connaissance antérieure, prescience",2,
G4269,πρόγονος,-ον,adj.,"ancêtre, parent",2,
G4270,προγράφω,,vb.,écrire d’avance ; dépeindre,4,2024-11-01T08:15:49.825Z
G4271,πρόδηλος,-ον,adj.,"évident, notoire, fort évident, manifeste d’avance",3,
G4272,προδίδωμι,aor. προέδωκα,vb.,"donner le premier, accorder en premier",1,
G4273,προδότης,-ου,n. m.,"traître, de livrer quelqu’un, celui qui livre",3,
G4274,πρόδρομος,-ον,adj.,précurseur,1,
G4276,προελπίζω,pf. προήλπικα,vb.,"espérer à l’avance, espérer d’avance, attendre d’avance",1,
G4277,προέπω,,vb.,"déclarer d’avance, prévenir, avertir d’avance",2,
G4278,προενάρχομαι,,vb.,"commencer auparavant, commencer déjà, débuter avant",2,
G4279,προεπαγγέλλω,,vb.,"promettre auparavant, annoncer, promettre d’avance",2,
G4280,προερέω,,vb.,dire d’avance,9,2024-11-01T08:15:49.825Z
G4281,προέρχομαι,fut. προελεύσομαι ; aor. προῆλθον ; ptc. προελθών,vb.,aller devant ; arriver avant ; marcher devant ; prendre les devants,6,
G4282,προετοιμάζω,,vb.,"préparer d’avance, préparer à l’avance, rendre prêt d’avance",2,
G4283,προευαγγελίζομαι,,vb.,annoncer d’avance la bonne nouvelle,1,
G4284,προέχω,,vb.,"être plus excellent, être supérieur, avoir une supériorité",1,
G4285,προηγέομαι,,vb.,"penser à devancer, rivaliser",1,
G4286,πρόθεσις,-εως,n. f.,"plan, but, dessein ; présentation",12,2026-08-29T13:32:33.240Z
G4287,προθεσμία,-ας,n. f.,temps fixé,1,2025-10-15T13:38:26.006Z
G4288,προθυμία,-ας,n. f.,"promptitude, intention, volonté, empressement, bonne volonté",5,
G4289,πρόθυμος,-ον,adj.,"tout prêt, bien disposé, désireux, prompt",3,
G4290,προθύμως,,adv.,"de bon gré, avec empressement, avec ardeur",1,
G4291,προΐστημι,,vb.,"(act. ou moy. +G) diriger, conduire ; (moy. +G) prêter attention à, avoir soin de, venir en aide",8,2026-08-29T13:32:33.240Z
G4292,προκαλέω,,vb.,"se provoquer, s’irriter, chercher querelle",1,
G4293,προκαταγγέλλω,aor. προκατήγγειλλα,vb.,"prédire, annoncer d’avance, déclarer d’avance",2,
G4294,προκαταρτίζω,,vb.,"compléter d’avance, préparer d’avance",1,
G4295,πρόκειμαι,,vb.,"être placé devant, être proposé, être présent/exposé",5,2026-08-29T13:32:33.240Z
G4296,προκηρύσσω,,vb.,"prêcher, annoncer d’avance",1,
G4297,προκοπή,-ῆς,n. f.,"avancement, progrès, progression",3,
G4298,προκόπτω,,vb.,être avancé ; progresser,6,2025-10-06T08:00:59.023Z
G4299,πρόκριμα,-τος,n. n.,"préférence, jugement préconçu, partialité",1,
G4300,προκυρόομαι,,vb.,"confirmer antérieurement, ratifier, confirmer d’avance",1,
G4301,προλαμβάνω,aor. προέλαβον ; aor. pass. subj. προλημφθῶ,vb.,anticiper,3,
G4302,προλέγω,aor. προεῖπον ; pf. προείρηκα,vb.,"dire d’avance, prédire",4,
G4303,προμαρτύρομαι,,vb.,"rendre par avance témoignage, affirmer d’avance, attester d’avance",1,
G4304,προμελετάω,,vb.,"se préoccuper à l’avance, s’inquiéter à l’avance",1,
G4305,προμεριμνάω,,vb.,"être à l’avance en souci, s’inquiéter à l’avance, se préoccuper d’avance",1,
G4306,προνοέω,,vb.,"(moy. +G) pourvoir à, prendre soin de ; (moy. +A) rechercher, veiller à",2,2026-08-29T13:32:33.240Z
G4307,πρόνοια,-ας,n. f.,"soin, prévoyance, préoccupation",2,
G4308,προοράω,aor. ptc. προϊδών,vb.,"voir à l'avance, prévoir ; voir auparavant ; (moy.) (+A) voir devant soi",4,2024-11-01T08:15:49.825Z
G4309,προορίζω,,vb.,"prédestiner, désigner, déterminer à l’avance",6,
G4310,προπάσχω,aor. ptc. προπαθών,vb.,"souffrir auparavant, souffrir précédemment",1,
G4311,προπέμπω,,vb.,"accompagner, escorter ; pourvoir au voyage",9,2025-10-20T12:25:29.618Z
G4312,προπετής,"-ές, -οῦς",adj.,"téméraire, emportée",2,
G4313,προπορεύω,,vb.,"aller devant, précéder, marcher en avant",2,
G4314,πρός,,prép.,"(+A) vers, à, auprès de, devant, en présence de, pour, en vue de ; (+G) pour, à l'avantage de ; (+D) près de",699,2024-11-01T08:15:49.825Z
G4316,προσαγορεύω,,vb.,"saluer, nommer, donner un titre, proclamer",1,
G4317,προσάγω,aor. pass. προσήχθην ; aor. inf. προσαγαγειν,vb.,amener ; approcher ; présenter à,4,
G4318,προσαγωγή,-ῆς,n. f.,"accès, action d’amener vers",3,
G4319,προσαιτέω,,vb.,mendier,1,
G4320,προσαναβαίνω,aor. impv. προσανάβηθι,vb.,monter,1,
G4321,προσαναλίσκω,,vb.,"dépenser, débourser beaucoup",1,
G4322,προσαναπληρόω,,vb.,"combler, remplir en ajoutant, suppléer",2,
G4323,προσανατίθημι,,vb.,"imposer, demander de plus ; consulter",2,2025-06-24T15:20:58.000Z
G4324,προσαπειλέω,,vb.,menacer davantage,1,
G4325,προσδαπανάω,,vb.,dépenser de plus,1,
G4326,προσδέω,,vb.,avoir besoin,1,
G4327,προσδέχομαι,,vb.,"recevoir, accueillir, accepter ; attendre, espérer",14,2026-02-20T14:09:17.788Z
G4328,προσδοκάω,,vb.,attendre ; être dans l’attente,16,
G4329,προσδοκία,-ας,n. f.,"attente, perspective, crainte, souhait",2,
G4330,προσεάω,,vb.,"permettre d’avancer, laisser approcher",1,
G4332,προσεδρεύω,,vb.,"servir, s’occuper du service",1,
G4333,προσεργάζομαι,,vb.,produire,1,
G4334,προσέρχομαι,fut. προσελεύσομαι ; aor. προσῆλθον ; pf. προσελήλυθα ; impv. πρόσελθε,vb.,"venir, s'approcher",86,2024-11-01T08:15:49.825Z
G4335,προσευχή,-ῆς,n. f.,la prière,36,2024-11-01T08:15:49.825Z
G4336,προσεύχομαι,,vb.,prier,86,2024-11-01T08:15:49.825Z
G4337,προσέχω,aor. προσέσχον ; pf. προσέσχηκα,vb.,être adonné ; s’attacher à ; être attentif ; prendre garde,24,
G4338,προσηλόω,,vb.,clouer,1,
G4339,προσήλυτος,-ου,n. f.,"prosélyste, nouveau venu",4,2024-11-01T08:15:49.825Z
G4340,πρόσκαιρος,-ον,adj.,"pour un temps, temporaire, pour une saison",4,
G4341,προσκαλέω,,vb.,"appeler, appeler à soi, inviter à venir à soi",29,2024-11-01T08:15:49.825Z
G4342,προσκαρτερέω,,vb.,persévérer ; s’appliquer constamment ; se tenir toujours auprès ; être à la disposition,10,
G4343,προσκαρτέρησις,-εως,n. f.,"persévérance, à s’y consacrer",1,
G4344,προσκεφάλαιον,-ου,n. m.,oreiller,1,
G4345,προσκληρόω,,vb.,"se joindre à, être ajouté à",1,
G4346,πρόσκλισις,-εως,n. f.,faveur,1,2024-11-01T08:15:49.825Z
G4347,προσκολλάω,,vb.,se joindre,2,
G4348,πρόσκομμα,-τος,n. n.,occasion de scandale ; pierre,6,
G4349,προσκοπή,-ῆς,n. f.,"scandale, offense, occasion de chute",1,
G4350,προσκόπτω,,vb.,battre ; broncher ; heurter,8,
G4351,προσκυλίω,,vb.,rouler contre,2,
G4352,προσκυνέω,,vb.,"adorer, se prosterner devant",60,2024-11-01T08:15:49.825Z
G4353,προσκυνητής,-οῦ,n. f.,"adorateur, qui rend hommage",1,
G4354,προσλαλέω,,vb.,"parler, adresser la parole",2,
G4355,προσλαμβάνω,,vb.,prendre ; recevoir,12,2025-07-16T13:32:32.000Z
G4356,πρόσληψις,-εως,n. f.,"réception, intégration, admission",1,
G4357,προσμένω,aor. inf. προσμεῖναι,vb.,"demeurer auprès, demeurer attaché, rester auprès, rester attaché",7,
G4358,προσορμίζω,,vb.,"amarrer, aborder",1,2024-11-01T08:15:49.825Z
G4359,προσοφείλω,,vb.,"devoir, être débiteur",1,
G4360,προσοχθίζω,,vb.,"être indigné, s’irriter, s’emporter contre",2,
G4361,πρόσπεινος,-ον,adj.,affamé,1,
G4362,προσπήγνυμι,aor. ptc. προσπήξας,vb.,"attacher, crucifier",1,2024-11-01T08:15:49.825Z
G4363,προσπίπτω,aor. προσέπεσον ; fem. ptc. προσπεσοῦσα,vb.,donner contre ; se jeter,8,
G4364,προσποιέω,,vb.,faire comme si,1,
G4365,προσπορεύομαι,,vb.,"venir, aller auprès, vers",1,
G4366,προσρήγνυμι,,vb.,"se jeter avec violence, se briser contre",2,
G4367,προστάσσω,aor. προσέταξα ; pf. pass. προστέταγμαι,vb.,"ordonner, commander, prescrire",7,
G4368,προστάτις,-ιδος,n. f.,"femme qui aide, protectrice, femme qui secourt",1,
G4369,προστίθημι,"fut. pass. προστεθήσομαι ; aor. προσέθηκα ; aor. moy. προσεθέμην ; aor. pass. προσετέθην ; inf. προσθεῖναι, προστεθῆναι ; ptc. προσθείς ; subj. προσθῶ ; impv. πρόσθες ; impf. 3sg. προσετίθει",vb.,ajouter ; donner par-dessus ; continuer ; se joindre ; réunir ; adresser,18,
G4370,προστρέχω,aor. ptc. προσδραμών,vb.,"accourir, courir vers",3,
G4371,προσφάγιον,-ου,n. m.,"chose à manger, nourriture",1,
G4372,πρόσφατος,-ον,adj.,"nouveau, récemment fabriqué, neuf",1,
G4373,προσφάτως,,adv.,"récemment, nouvellement, dernièrement",1,
G4374,προσφέρω,"aor. προσήνεγκα ; aor. pass. προσηνέχθην ; pf. προσενήνοχα ; inf. προσενέγκαι ; ptc. προσενεχθείς ; impv. προσένεγκον, προσένεγκε",vb.,offrir,47,2024-11-01T08:15:49.825Z
G4375,προσφιλής,-ές,adj.,"aimable, agréable, digne d’être aimé",1,
G4376,προσφορά,-ᾶς,n. f.,offrande,9,
G4377,προσφωνέω,,vb.,s’adresser ; appeler ; crier ; adresser la parole,7,
G4378,πρόσχυσις,-εως,n. f.,aspersion,1,
G4379,προσψαύω,,vb.,"toucher, toucher à peine",1,
G4380,προσωποληπτέω,,vb.,faire acception de personnes,1,
G4381,προσωπολήπτης,-ου,n. m.,acception de personnes,1,
G4382,προσωποληψία,-ας,n. f.,"acception de personnes, considération de personnes, partialité, parti pris",4,
G4383,πρόσωπον,-ου,n. m.,le visage,76,2024-11-01T08:15:49.825Z
G4385,προτείνω,,vb.,"faire étendre, attacher",1,
G4386,πρότερον,"-α, -ον",adv.,précédent ; la première fois ; auparavant ; d’autrefois ; d’abord,5,
G4387,πρότερος,"-α, -ον",adj.,"premier, antérieur, d’avant",6,
G4388,προτίθημι,,vb.,"se proposer, former le projet, déterminer, présenter",3,
G4389,προτρέπω,,vb.,"exhorter, inciter moralement, encourager",1,
G4390,προτρέχω,aor. προέδραμον ; ptc. προδραμών,vb.,courir en avant,2,
G4391,προϋπάρχω,,vb.,"être auparavant, être avant",2,
G4392,πρόφασις,-εως,n. f.,"prétexte, excuse, apparence",6,
G4393,προφέρω,,vb.,"produire, tirer",2,
G4394,προφητεία,-ας,n. f.,prophétie,19,
G4395,προφητεύω,,vb.,prophétiser,28,2024-11-01T08:15:49.825Z
G4396,προφήτης,-ου,n. m.,prophète,144,2024-11-01T08:15:49.825Z
G4397,προφητικός,"-ή, -όν",adj.,prophétique,2,
G4398,προφῆτις,-ιδος,n. f.,prophétesse,2,
G4399,προφθάνω,,vb.,"prévenir, devancer, prendre les devants",1,
G4400,προχειρίζω,,vb.,"préordonner, être désigné d’avance, être destiné",3,
G4401,προχειροτονέω,,vb.,"choisir auparavant, sélectionner d’avance",1,
G4402,Πρόχορος,-ου,n. pr. m.,Prochore = «qui dirige le chœur»,1,
G4403,πρύμνα,-ης,n. f.,poupe,3,
G4404,πρωΐ,,adv.,"au matin, de bonne heure",12,
G4405,πρωΐα,-ας,n. f.,"matin, aube",2,
G4406,πρώϊμος,,adj.,premier,1,
G4407,πρωϊνός,"-ή, -όν",adj.,étoile du matin,2,
G4408,πρῷρα,-ης,n. f.,proue,2,
G4409,πρωτεύω,,vb.,"tenir la première place, avoir la prééminence",1,
G4410,πρωτοκαθεδρία,-ας,n. f.,"premier siège, siège principal, place d’honneur",4,
G4411,πρωτοκλισία,-ας,n. f.,première place,5,
G4413,πρῶτος,,adj.,premier ; de premier rang ; plus beau ; principal,154,
G4414,πρωτοστάτης,-ου,n. m.,"meneur, chef, dirigeant",1,
G4415,πρωτοτόκια,-ων,n. n.,droit de premier-né,1,
G4416,πρωτότοκος,-ον,adj.,"premier-né, prééminent",8,
G4417,πταίω,,vb.,"faillir, trébucher, broncher, pécher",5,
G4418,πτέρνα,-ης,n. f.,"talon, partie du pied, c’est lui nuire, le faire trébucher, d’insolence, de trahison",1,
G4419,πτερύγιον,-ου,n. m.,"faîte, son pinacle",2,
G4420,πτέρυξ,-υγος,n. f.,aile,5,
G4421,πτηνός,"(-ή), -όν",adj.,oiseau,1,
G4422,πτοέω,,vb.,"épouvanter, effrayer, terrifier",2,
G4423,πτόησις,-εως,n. f.,"frayeur, terreur, effroi",1,
G4424,Πτολεμαΐς,-ΐδος,n. pr. f.,Ptolémaïs ou Acco = «guerrier»,1,
G4425,πτύον,-ου,n. m.,van,2,
G4426,πτύρομαι,,vb.,"effrayer, terrifier",1,
G4427,πτύσμα,-τος,n. n.,crachat,1,
G4428,πτύσσω,aor. ptc. πτύξας,vb.,"plier, rouler",1,
G4429,πτύω,,vb.,cracher,3,
G4430,πτῶμα,-τος,n. n.,"corps, corps mort, dépouille mortelle, cadavre",7,
G4431,πτῶσις,-εως,n. f.,"chute, action de tomber",2,
G4432,πτωχεία,-ας,n. f.,pauvreté,3,
G4433,πτωχεύω,,vb.,"vivre dans la pauvreté, se faire pauvre",1,
G4434,πτωχός,"-ή, -όν",adj.,pauvre,34,2024-11-01T08:15:49.825Z
G4435,πυγμή,-ῆς,n. f.,"soigneusement, avec soin, minutieusement",1,
G4436,Πύθων,-ωνος,n. f.,python,1,
G4437,πυκνός,"-ή, -ον",adj.,fréquent,3,
G4438,πυκτεύω,,vb.,"combattre, boxer.",1,
G4439,πύλη,-ης,n. f.,"porte de ville, d’un rempart",10,
G4440,πυλών,-ῶνος,n. f.,porte ; vestibule,18,
G4441,πυνθάνομαι,aor. ἐπυθόμην ; ptc. πυθόμενος,vb.,apprendre ; demander,12,
G4442,πῦρ,-ός,n. n.,feu,71,2024-11-01T08:15:49.825Z
G4443,πυρά,-ᾶς,n. f.,feu,2,
G4444,πύργος,-ου,n. m.,tour,4,
G4445,πυρέσσω,,vb.,avoir la fièvre,2,
G4446,πυρετός,-οῦ,n. f.,fièvre,6,
G4447,πύρινος,"-η, -ον",adj.,de feu,1,
G4448,πυρόω,,vb.,brûler ; embraser ; enflammer ; flamber,6,
G4449,πυρράζω,,vb.,"être rouge, rougeoyer",2,
G4450,πυρρός,"-ά, -όν",adj.,"Pyrrhus, père de sopater",2,
G4451,πύρωσις,-εως,n. f.,"feu ardent, brasier, embrasement",3,
G4453,πωλέω,,vb.,"vendre, faire du commerce",22,
G4454,πῶλος,-ου,n. m.,"ânon, petit de l’âne",12,
G4455,πώποτε,,adv.,jamais,6,
G4456,πωρόω,,vb.,endurcir,5,2024-11-01T08:15:49.825Z
G4457,πώρωσις,-εως,n. f.,"endurcissement, opiniâtreté, aveuglement",3,2024-11-01T08:15:49.825Z
G4458,πως,,part.,"d'une certaine manière, quelque peu",15,2024-11-01T08:15:49.825Z
G4459,πως,,part.,comment? de quelle manière?,104,2024-11-01T08:15:49.825Z
G4460,Ῥαάβ,,n. pr. f.,"Rahab = «large, spacieux, tumultueux»",2,
G4461,ῥαββί,,hébr. / n.,rabbi = «maître»,15,2024-11-01T08:15:49.825Z
G4462,ῥαββονί,,aram. / n.,Rabboni,2,
G4463,ῥαβδίζω,,vb.,"battre de verges, fustiger",2,
G4464,ῥάβδος,-ου,n. m.,"bâton, sceptre",12,
G4465,ῥαβδοῦχος,-ου,n. m.,"licteur, huissier",2,
G4466,Ῥαγαῦ,,n. pr. m.,"Ragau (Rehu) = «associé, ami»",1,
G4467,ῥᾳδιούργημα,-τος,n. n.,"fourberie, méfait, bassesse, absence de scrupules",1,
G4468,ῥᾳδιουργία,-ας,n. f.,"méchanceté, mauvaise conduite",1,
G4469,ῥακά,,aram. / n.,Raca = «vaurien»,1,2024-11-01T08:15:49.825Z
G4470,ῥάκος,-ους,n. m.,"drap, tissu, étoffe",2,
G4471,Ῥαμᾶ,,n. pr.,"Rama (Ramah) = «une colline, hauteur»",1,
G4472,ῥαντίζω,"pf. pass. ptc. ἐρραντισμένος, ῥεραντισμένος",vb.,faire aspersion,4,
G4473,ῥαντισμός,-οῦ,n. f.,aspersion,2,
G4474,ῥαπίζω,,vb.,"frapper à la figure avec la paume de la main, souffleter",2,
G4475,ῥάπισμα,-τος,n. n.,soufflet,3,
G4476,ῥαφίς,-ίδος,n. f.,aiguille,2,
G4477,Ῥαχάβ,,n. pr. f.,"Rahab = «large, spacieux, tumultueux»",1,
G4478,Ῥαχήλ,,n. pr. f.,Rachel = «agnelle ou brebis»,1,
G4479,Ῥεβέκκα,-ας,n. pr. f.,"Rebecca (Rebekah) = «ensorcelante, qui prend au piège»",1,
G4480,ῥέδα,-ης,n. f.,chariot,1,
G4481,Ῥεμφάν,,n. pr.,Remphan = «le diminué (comme sans vie)»,1,
G4482,ῥέω,fut. ῥεύσω,vb.,"couler, jaillir, se déverser",1,
G4483,ἔπω,,vb.,"parler, nommer, mentionner",46,
G4484,Ῥήγιον,-ου,n. pr.,Reggio = «brèche»,1,
G4485,ῥῆγμα,-τος,n. n.,"ruine, chute, décadence",1,
G4486,ῥήγνυμι,fut. ῥήξω ; aor. ἔρρηξα ; impv. ῥῆξον,vb.,agiter violemment ; déchirer ; renverser ; rompre ; éclater en cris (de joie),7,
G4487,ῥῆμα,-τος,n. n.,"parole, discours",68,2024-11-01T08:15:49.825Z
G4488,Ῥησά,,n. pr. m.,Rhésa = «tête»,1,
G4489,ῥήτωρ,-ορος,n. f.,"orateur, avocat",1,
G4490,ῥητῶς,,adv.,"expressément, nettement, explicitement",1,
G4491,ῥίζα,-ης,n. f.,racine,17,
G4492,ῥιζόω,,vb.,"enraciner, faire prendre racine",2,
G4493,ῥιπή,-ῆς,n. f.,"clin, mouvement rapide",1,
G4494,ῥιπίζω,,vb.,"jeter çà et là, ballotter, soulever",1,
G4496,ῥίπτω,aor. ἔρριψα ; pf. pass. ἔρριμμαι ; ptc. ῥίψας,vb.,"jeter, lancer, disperser, frapper",8,
G4497,Ῥοβοάμ,,n. pr. m.,Roboam = «qui affranchit le peuple»,2,
G4498,Ῥόδη,-ης,n. pr. f.,"Rhode = «rose, ou rosier»",1,
G4499,Ῥόδος,-ου,n. pr. f.,Rhodes = «rosier»,1,
G4500,ῥοιζηδόν,,adv.,"avec un bruit sifflant, avec fracas",1,
G4501,ῥομφαία,-ας,n. f.,épée plus longue et large,7,
G4502,Ῥουβήν,,n. pr. m.,Ruben = «voici un fils»,1,
G4503,Ῥούθ,,n. pr. f.,Ruth = «une amie»,1,
G4504,Ῥοῦφος,-ου,n. pr. m.,Rufus = «rouge»,2,
G4505,ῥύμη,-ης,n. f.,"rue, voie, avenue, ruelle",4,
G4506,ῥύομαι,aor. ἐρρυσάμην ; aor. pass. ἐρρύσθην ; subj. ῥυσθῶ ; impv. ῥῦσαι ; 3sg. ῥυσάσθω,vb.,venir au secours,17,2024-11-01T08:15:49.825Z
G4507,ῥυπαρία,-ας,n. f.,"saleté, souillure",1,
G4508,ῥυπαρός,"-ά, -όν",adj.,"sale, malpropre, souillé",2,
G4509,ῥύπος,-ου,n. m.,"saleté, malpropreté",1,
G4510,ῥυπόω,,vb.,"souiller, rendre sale, se souiller moralement",1,
G4511,ῥύσις,-εως,n. f.,"perte, écoulement",3,
G4512,ῥυτίς,-ίδος,n. f.,"pli de la peau dû en particulier à l’âge, ride au visage",1,
G4514,Ῥωμαῖος,"-α, -ον",adj.,Romain,12,
G4515,Ῥωμαϊστί,,adv.,Latin,1,
G4516,Ῥώμη,-ης,n. pr. f.,Rome = «force»,8,
G4517,ῥώννυμι,,vb.,"portez-vous bien, porte-toi bien, être fort, formule de salutation",2,
G4518,σαβαχθάνι,,aram. / vb.,sabachthani,2,
G4519,σαβαώθ,,hébr. / n.,des armées,2,2024-11-01T08:15:49.825Z
G4520,σαββατισμός,-οῦ,n. f.,repos sabbatique,1,
G4521,σάββατον,-ου,n. m.,sabbat,68,2024-11-01T08:15:49.825Z
G4522,σαγήνη,-ης,n. f.,seine,1,
G4523,Σαδδουκαῖος,-ου,n. pr.,Sadducéens = «les justes»,14,
G4524,Σαδώκ,,n. pr. m.,"Sadok = «juste, droit»",2,
G4525,σαίνω,,vb.,"remuer, flatter, agiter, déranger",1,2024-11-01T08:15:49.825Z
G4526,σάκκος,-ου,n. f.,"sac, vêtement grossier",4,
G4527,Σαλά,,n. pr. m.,"Sala (Salah) = «pousse, bourgeon»",2,
G4528,Σαλαθιήλ,,n. pr. m.,Salathiel (Shealtiel) = «j’ai demandé à Dieu»,3,
G4529,Σαλαμίς,-ῖνος,n. pr.,Salamine (Salmis) = «agité»,1,
G4530,Σαλείμ,,n. pr.,Salim = «agitation»,1,
G4531,σαλεύω,,vb.,agiter ; ébranler ; se laisser bouleverser ; secouer,15,
G4532,Σαλήμ,,n. pr.,Salem = «paix»,2,
G4533,Σαλμών,,n. pr. m.,Salmon = «un vêtement»,2,
G4534,Σαλμώνη,-ης,n. pr.,Salmone = «vêtu»,1,
G4535,σάλος,-ου,n. m.,flot,1,
G4536,σάλπιγξ,-ιγγος,n. f.,trompette,11,
G4537,σαλπίζω,,vb.,"sonner, faire sonner de la trompette, sonner",12,
G4538,σαλπιστής,-οῦ,n. f.,celui qui sonne de la trompette,1,
G4539,Σαλώμη,-ης,n. pr. f.,Féminin de Salomon? Salomé = «paisible»,2,
G4540,Σαμάρεια,-ας,n. pr. f.,Samarie = «montagne de gué»,11,
G4541,Σαμαρείτης,-ου,adj.,Samaritain,9,
G4542,Σαμαρεῖτις,-ιδος,n. pr. f.,Samaritain,2,
G4543,Σαμοθρᾴκη,-ης,n. pr. f.,Samothrace = «la Samos de Thrace»,1,
G4544,Σάμος,-ου,n. pr. f.,Samos = «une falaise sablonneuse»,1,2024-11-01T08:15:49.825Z
G4545,Σαμουήλ,,n. pr. m.,"Samuel = «entendu, ou exaucé de Dieu»",3,
G4546,Σαμψών,,n. pr. m.,"Samson = «comme le soleil, petit soleil»",1,
G4547,σανδάλιον,-ου,n. m.,sandale,2,
G4548,σανίς,-ίδος,n. f.,"planche, pièce de bois, madrier",1,
G4549,Σαούλ,,n. pr. m.,"Saul = «désiré, demandé (à Dieu)»",9,
G4550,σαπρός,"-ά, -όν",adj.,mauvais ; déshonnête,8,
G4551,Σαπφείρη,-ης,n. pr. f.,Saphira = «belle comme un saphir»,1,
G4552,σάπφειρος,-ου,n. m.,saphir,1,
G4553,σαργάνη,-ης,n. f.,"corbeille, de forme circulaire, en roseaux entrelacés",1,
G4554,Σάρδεις,-εων,n. pr. f.,Sardes = «les rouges»,3,
G4556,σάρδιον,-ου,n. n.,une sardoine,2,2024-11-01T08:15:49.825Z
G4557,σαρδόνυξ,-υχος,n. f.,"sardonix, sardonyx, sardoine, sardonix, sardonyx, sardoine",1,
G4558,Σάρεπτα,-ων,n. pr.,"Sarepta = «lieu du fondeur, de l’orfèvre, raffinerie»",1,
G4559,σαρκικός,"-ή, -όν",adj.,charnel,7,
G4560,σάρκινος,"-η, -ον",adj.,de chair,4,
G4561,σάρξ,σαρκός,n. f.,chair,147,2024-11-01T08:15:49.825Z
G4562,Σαρούχ,,n. pr. m.,"Seruch (Serug) = «un scion, une jeune branche»",1,
G4563,σαρόω,,vb.,balayer,3,
G4564,Σάρρα,-ας,n. pr. f.,Sara (Sarah) = «princesse»,4,
G4565,Σάρων,-ῶνος,n. pr.,Saron (Sharon) = «plaine ou plateau»,1,
G4567,Σατανᾶς,-ᾶ,n. pr.,"Satan = «adversaire, ennemi»",36,2024-11-01T08:15:49.825Z
G4568,σάτον,-ου,n. m.,mesure,2,
G4569,Σαῦλος,-ου,n. pr. m.,"Saul = «désiré, demandé (à Dieu)»",15,
G4570,σβέννυμι,fut. σβέσω ; aor. ἔσβεσα ; inf. σβέσαι,vb.,éteindre,6,
G4572,σεαυτοῦ,-ῆς,pron.,"toi-même, te",43,2024-11-01T08:15:49.825Z
G4573,σεβάζομαι,,vb.,"honorer, vénérer, rendre culte, révérer",1,
G4574,σέβασμα,-τος,n. n.,"objet de vénération, objet d’adoration, de culte",2,
G4575,σεβαστός,"-ή, -όν",adj.,"Auguste, Augusta, auguste, augusta",3,
G4576,σέβομαι,,vb.,honorer ; révérer ; servir,10,
G4578,σεισμός,-οῦ,n. f.,"tremblement de terre, séisme",14,
G4579,σείω,,vb.,agiter ; être ému ; secouer ; trembler,5,
G4580,Σεκοῦνδος,-ου,n. pr. m.,Second = «le deuxième»,1,
G4581,Σελεύκεια,-ας,n. pr. f.,Séleucie = «lumière blanche»,1,
G4582,σελήνη,-ης,n. f.,lune,9,
G4583,σεληνιάζομαι,,vb.,lunatique,2,
G4584,Σεμεΐ,,n. pr. m.,"Sémeï (Shimei) = «renommée, ou l’Éternel a écouté»",1,
G4585,σεμίδαλις,-εως,n. f.,"fine farine, fleur de farine",1,
G4586,σεμνός,"-ή, -όν",adj.,"digne, respectable",4,2026-08-29T13:32:33.240Z
G4587,σεμνότης,-ητος,n. f.,"sérieux, dignité, honnêteté",3,2026-08-29T13:32:33.240Z
G4588,Σέργιος,-ου,n. pr. m.,Sergius = «né de la terre»,1,
G4589,Σήθ,,n. pr. m.,"Seth = «une compensation, un substitut»",1,
G4590,Σήμ,,n. pr. m.,"Sem = «nom, renommée»",1,
G4591,σημαίνω,aor. ἐσήμανα ; inf. σημᾶναι,vb.,signifier ; déclarer ; indiquer,6,
G4592,σημεῖον,-ου,n. m.,"un signe, une marque, un témoignage",77,2024-11-01T08:15:49.825Z
G4593,σημειόω,,vb.,"noter, prendre note, tenir compte",1,
G4594,σήμερον,,adv.,aujourd'hui,41,2024-11-01T08:15:49.825Z
G4595,σήπω,pf. σέσηπα,vb.,"pourrir, corrompre, décomposer",1,
G4596,σηρικός,,adj.,de soie,1,
G4597,σής,σητός,n. f.,"teigne, mite",3,
G4598,σητόβρωτος,-ον,adj.,rongé par les vers,1,
G4599,σθενόω,,vb.,"fortifier, rendre fort",1,
G4600,σιαγών,-όνος,n. f.,joue,2,
G4601,σιγάω,,vb.,garder le silence ; se taire,10,
G4602,σιγή,-ῆς,n. f.,"silence, absence de son",2,
G4603,σιδήρεος,,adj.,"de fer, fabriqué en fer",5,
G4604,σίδηρος,-ου,n. m.,fer,1,
G4605,Σιδών,-ῶνος,n. pr. f.,"Sidon = «abondance de poisson, pêche»",10,
G4606,Σιδώνιος,"-α, -ον ; -ου",adj.,Sidonien ; Sidonie,2,
G4607,σικάριος,-ου,n. m.,"assassin, meurtrier, tueur à gages",1,
G4608,σίκερα,,n. n.,"cervoise, boisson forte, très alcoolisée, susceptible d’enivrer",1,
G4609,Σίλας,-ᾶ,n. pr. m.,"Silas = «de la forêt, demandé»",12,
G4610,Σιλουανός,-οῦ,n. pr. m.,Silvain (Silas) = «de la forêt»,4,
G4611,Σιλωάμ,,n. pr.,Siloé = «envoyé»,3,
G4612,σιμικίνθιον,-ου,n. m.,tablier étroit,1,
G4613,Σίμων,-ωνος,n. pr. m.,"Simon = «qui écoute, qui entend»",75,
G4614,Σινᾶ,,n. pr.,Sinaï = «épineux»,4,
G4615,σίναπι,-εως,n. n.,"graine de sénevé, graine de moutarde",5,2024-11-01T08:15:49.825Z
G4616,σινδών,-όνος,n. f.,"linceul, fin lin",6,
G4617,σινιάζω,,vb.,cribler,1,
G4618,σιτευτός,"-ή, -όν",adj.,gras,3,
G4619,σιτιστός,"-ή, -όν",adj.,"bête grasse, bête engraissée",1,
G4620,σιτομέτριον,-ου,n. m.,ration de blé,1,
G4621,σῖτος,-ου,n. m.,blé ; froment,14,
G4622,Σιών,,n. pr.,Sion = «un lieu élevé»,7,
G4623,σιωπάω,,vb.,garder le silence ; se taire,10,
G4624,σκανδαλίζω,,vb.,être la cause de chute,30,2024-11-01T08:15:49.825Z
G4625,σκάνδαλον,-ου,n. m.,chute ; pierre ; scandale,15,
G4626,σκάπτω,,vb.,"fouir, excaver, déchausser, bêcher la terre",3,
G4627,σκάφη,-ης,n. f.,"chaloupe, barque",3,
G4628,σκέλος,-ους,n. m.,jambe,3,
G4629,σκέπασμα,-τος,n. n.,"de quoi se couvrir, vêtement",1,
G4630,Σκευᾶς,-ᾶ,n. pr. m.,Scéva = «lecteur de l’esprit»,1,
G4631,σκευή,-ῆς,n. f.,agrès,1,
G4632,σκεῦος,-ους,n. m.,"vase, outil, instrument, voile, objet",23,2024-11-01T08:15:49.825Z
G4633,σκηνή,-ῆς,n. f.,habitation ; tente ; tabernacle,20,
G4634,σκηνοπηγία,-ας,n. f.,fête des tabernacles,1,
G4635,σκηνοποιός,-οῦ,n. f.,fabricant de tentes,1,
G4636,σκῆνος,-ους,n. m.,tente,2,
G4637,σκηνόω,,vb.,"habiter, demeurer, dresser sa tente, séjourner",5,
G4638,σκήνωμα,-τος,n. n.,"tabernacle, demeure",3,
G4639,σκιά,-ᾶς,n. f.,ombre,7,
G4640,σκιρτάω,,vb.,"tressaillir de joie, sauter de joie",3,
G4641,σκληροκαρδία,-ας,n. f.,dureté de cœur,3,
G4642,σκληρός,"-ά, -όν",adj. / adv.,"dur, rude, sévère",5,2025-06-06T10:19:19.000Z
G4643,σκληρότης,-ητος,n. f.,"dureté, insensibilité, obstination",1,
G4644,σκληροτράχηλος,-ον,adj.,"gens (hommes) de cou raide, entêté, obstiné",1,
G4645,σκληρύνω,,vb.,"rendre dur, durcir, endurcir",6,2024-11-01T08:15:49.825Z
G4646,σκολιός,"-ά, -όν",adj.,"tortueux, tordu, recourbé, pervers, corrompu",4,2024-11-01T08:15:49.825Z
G4647,σκόλοψ,-οπος,n. f.,écharde,1,
G4648,σκοπέω,,vb.,avoir l’œil ; fixer les regards ; prendre garde ; regarder,6,
G4649,σκοπός,-οῦ,n. f.,"but, objectif, cible",1,
G4650,σκορπίζω,,vb.,"disperser, éparpiller, répandre",5,
G4651,σκορπίος,-ου,n. m.,scorpion,5,
G4652,σκοτεινός,"-ή, -όν",adj.,"ténébreux, plongé dans l’obscurité",3,
G4653,σκοτία,-ας,n. f.,"ténèbre, obscurité, nuit",16,
G4654,σκοτίζω,,vb.,être rempli de ténèbres ; obscurcir,5,
G4655,σκότος,-ους,n. m.,ténèbres,30,2024-11-01T08:15:49.825Z
G4656,σκοτόω,,vb.,"devenir ténébreux, obscurcir, recouvrir d’obscurité",3,
G4657,σκύβαλον,-ου,n. m.,"ordure, déchet, rebut",1,
G4658,Σκύθης,-ου,adj.,Scythe = «grossier ou rude»,1,
G4659,σκυθρωπός,"-ή, -όν",adj.,"air morne, mine, visage triste",2,
G4660,σκύλλω,pf. pass. ἔσκυλμαι ; moy. impv. σκύλλου,vb.,se donner la peine ; tourmenter,4,
G4661,σκῦλον,-ου,n. n.,dépouille,1,
G4662,σκωληκόβρωτος,-ον,adj.,rongé par les vers,1,
G4663,σκώληξ,-ηκος,n. f.,ver,1,
G4664,σμαράγδινος,"-η, -ον",adj.,comme une émeraude,1,
G4665,σμάραγδος,-ου,n. m.,émeraude,1,
G4666,σμύρνα,-ης,n. f.,myrrhe,2,
G4667,Σμύρνα,-ης,n. pr. f.,Smyrne = «myrrhe»,2,
G4669,σμυρνίζω,,vb.,"mixtionner de myrrhe, mélanger des substances",1,
G4670,Σόδομα,-ων,n. pr.,Sodome = «qui brûle»,9,
G4672,Σολομών,"-ῶνος, Σολομῶν, -ῶντος",n. pr. m.,Salomon = «paisible»,12,
G4673,σορός,-οῦ,n. f.,"cercueil,, cercueil",1,
G4674,σός,"σή, σόν",poss.,"ton, tes",25,2024-11-01T08:15:49.825Z
G4676,σουδάριον,-ου,n. m.,linge ; mouchoir ; suaire,4,
G4677,Σουσάννα,-ης,n. pr. f.,Susanne = «un lis»,1,
G4678,σοφία,-ας,n. f.,sagesse,51,2024-11-01T08:15:49.825Z
G4679,σοφίζω,,vb.,"rendre sage, communiquer la sagesse, imaginer ingénieusement",2,
G4680,σοφός,"-ή, όν ; -οῦ",adj. / adv.,sage,20,
G4681,Σπανία,-ας,n. pr. f.,"Espagne = «rare, précieux»",2,
G4682,σπαράσσω,,vb.,"déchirer, secouer violemment",3,
G4683,σπαργανόω,,vb.,"emmailloter, envelopper d’un lange",2,
G4684,σπαταλάω,,vb.,"vivre dans le luxe, s'adonner au plaisir",2,2026-08-29T13:32:33.240Z
G4685,σπάω,,vb.,"tirer, dégainer",2,
G4686,σπεῖρα,-ης,n. f.,cohorte,7,
G4687,σπείρω,pf. pass. ἔσπαρμαι ; aor. pass. ptc. σπαρείς,vb.,semer,52,2024-11-01T08:15:49.825Z
G4688,σπεκουλάτωρ,-ορος,n. f.,satellite,1,
G4689,σπένδω,,vb.,"servir de libation, servir d’aspersion",2,
G4690,σπέρμα,-τος,n. n.,postérité ; semence,43,
G4691,σπερμολόγος,-ου,adj.,"un discoureur, un parleur vide, un babillard",1,2024-11-01T08:15:49.825Z
G4692,σπεύδω,,vb.,hâter ; se hâter,6,
G4693,σπήλαιον,-ου,n. m.,"caverne, grotte, abri sous roche",6,
G4694,σπιλάς,-άδος,n. f.,"tache, écueil ; récif",1,2025-10-20T11:46:09.340Z
G4695,σπιλόω,,vb.,"souiller, tacher, salir",2,
G4696,σπίλος,-ου,n. m.,"tache, souillure, défaut moral",2,
G4697,σπλαγχνίζω,,vb.,"avoir, être ému de",12,
G4698,σπλάγχνον,-ου,n. m.,"entrailles, intestins, affection, tendresse",11,
G4699,σπόγγος,-ου,n. m.,éponge,3,
G4700,σποδός,-οῦ,n. f.,cendre,3,
G4701,σπορά,-ᾶς,n. f.,semence semée,1,
G4702,σπόριμος,-ον,adj.,blé,3,
G4703,σπόρος,-ου,n. m.,ensemencement,5,
G4704,σπουδάζω,,vb.,"se hâter ; s'efforcer, tâcher de",11,2025-07-16T13:43:14.475Z
G4705,σπουδαῖος,,adj.,"zélé, sérieux, diligent",3,
G4708,σπουδαιοτέρως,,adv. comp.,"avec d’autant plus d’empressement, en toute hâte",1,
G4709,σπουδαίως,,adv.,"instamment, diligemment, sérieusement, avec soin",3,
G4710,σπουδή,-ῆς,n. f.,activité ; empressement,12,
G4711,σπυρίς,-ίδος,n. f.,"corbeille, de forme circulaire, en roseaux entrelacés",5,
G4712,στάδιος,-ου,n. m.,"stade, lice",5,
G4713,στάμνος,-ου,n. m.,"cruche, urne, vase",1,
G4714,στάσις,-εως,n. f.,contestation ; dispute ; place ; émeute,9,
G4715,στατήρ,-ῆρος,n. f.,statère,1,
G4716,σταυρός,-οῦ,n. f.,la croix,27,2024-11-01T08:15:49.825Z
G4717,σταυρόω,,vb.,crucifier,46,2024-11-01T08:15:49.825Z
G4718,σταφυλή,-ῆς,n. f.,raisin,3,
G4719,στάχυς,-υος,n. f.,épi,5,
G4720,Στάχυς,-υος,n. pr. m.,Stachys = «un épi de blé»,1,
G4721,στέγη,-ης,n. f.,"toit, couverture d’une habitation",3,
G4722,στέγω,,vb.,"supporter, endurer",4,
G4723,στεῖρα,-ας,adj.,stérile,4,
G4724,στέλλω,,vb.,"éviter, se retirer",2,
G4725,στέμμα,-τος,n. n.,"couronne, bandelette, guirlande",1,
G4726,στεναγμός,-οῦ,n. f.,"soupir, gémissement",2,
G4727,στενάζω,,vb.,"gémir, soupirer, murmurer",6,
G4728,στενός,"-ή, -όν",adj.,"étroit, serré",3,
G4729,στενοχωρέω,,vb.,"réduire, être à l’étroit, se sentir étouffé",3,
G4730,στενοχωρία,-ας,n. f.,"détresse, angoisse",4,
G4731,στερεός,"-ά, -όν",adj.,"solide, ferme, inébranlable",4,
G4732,στερεόω,,vb.,"raffermir, fortifier, affermir",3,
G4733,στερέωμα,-τος,n. n.,"fermeté, solidité, force",1,
G4734,Στεφανᾶς,-ᾶ,n. pr. m.,Stéphanas = «couronné»,3,
G4735,στέφανος,-ου,n. m.,couronne,19,
G4736,Στέφανος,-ου,n. pr. m.,Étienne = «couronne»,6,
G4737,στεφανόω,,vb.,couronner,3,
G4738,στῆθος,-ους,n. m.,poitrine,5,
G4739,στήκω,,vb.,se tenir debout ; tenir ferme,9,2024-11-01T08:15:49.825Z
G4740,στηριγμός,-οῦ,n. f.,"fermeté, solidité, stabilité, constance",1,
G4741,στηρίζω,,vb.,affermir ; dresser résolument ; établir fermement ; fortifier,13,
G4742,στίγμα,-τος,n. n.,marque collée ou tatouée sur le corps,1,
G4743,στιγμή,-ῆς,n. f.,"moment, point",1,
G4744,στίλβω,,vb.,"briller, étinceler, resplendir",1,
G4745,στοά,-ᾶς,n. f.,portique,4,
G4746,στοιβάς,,n. f.,"rameau, feuillage",1,
G4747,στοιχεῖον,-ου,n. m.,élément,7,
G4748,στοιχέω,,vb.,"marcher, se conduire, vivre",5,
G4749,στολή,-ῆς,n. f.,"robe, toge, long vêtement",9,
G4750,στόμα,-τος,n. n.,bouche,78,2024-11-01T08:15:49.825Z
G4751,στόμαχος,-ου,n. m.,estomac,1,
G4752,στρατεία,-ας,n. f.,"guerre, combat",2,
G4753,στράτευμα,-τος,n. n.,armée ; troupes,8,
G4754,στρατεύω,,vb.,"combattre, faire la guerre, servir comme soldat, lutter",7,
G4755,στρατηγός,-οῦ,n. f.,capitaine ; commandant ; prêteur,10,
G4756,στρατιά,-ᾶς,n. f.,armée,2,
G4757,στρατιώτης,-ου,n. m.,le soldat,26,2024-11-01T08:15:49.825Z
G4758,στρατολογέω,,vb.,enrôler pour la guerre,1,
G4760,στρατόπεδον,-ου,n. m.,armée,1,
G4761,στρεβλόω,,vb.,"tordre, pervertir",1,
G4762,στρέφω,aor. pass. ἐστράφην ; ptc. στραφείς,vb.,retourner ; tourner ; reporter ; présenter ; changer ; convertir,21,
G4763,στρηνιάω,,vb.,être dans les délices,2,
G4764,στρῆνος,-ους,n. m.,luxe,1,
G4765,στρουθίον,-ου,n. m.,passereau,4,
G4766,στρώννυμι,,vb.,"garnir, meubler, préparer, faire son lit",6,
G4767,στυγητός,"-ή, -όν",adj.,"haïssable, odieux, détestable",1,
G4768,στυγνάζω,,vb.,"affliger, être d’humeur sombre, être triste, devenir sombre",2,
G4769,στῦλος,-ου,n. m.,colonne,4,
G4770,Στωϊκός,"-ή, -όν",adj.,stoïciens,1,2024-11-01T08:15:49.825Z
G4771,σύ,-ῆς,pron.,"toi, tu, te",2896,
G4772,συγγένεια,-ας,n. f.,parenté,3,
G4773,συγγενής,"-ές, συγγενεῦσιν",adj.,parent,11,
G4774,συγγνώμη,-ης,n. f.,"indulgence, concession, consentement",1,
G4775,συγκάθημαι,,vb.,s’asseoir avec,2,
G4776,συγκαθίζω,,vb.,"faire asseoir ensemble, s’asseoir ensemble",2,
G4777,συγκακοπαθέω,,vb.,"prendre part aux souffrances, souffrir avec",2,
G4778,συγκακουχέομαι,,vb.,"être dans l’affliction avec, être maltraité avec, être persécuté avec",1,
G4779,συγκαλέω,,vb.,appeler ; assembler ; convoquer,8,
G4780,συγκαλύπτω,,vb.,"couvrir, cacher complètement",1,
G4781,συγκάμπτω,,vb.,courber,1,
G4782,συγκαταβαίνω,aor. ptc. συγκαταβάς,vb.,descendre,1,
G4783,συγκατάθεσις,-εως,n. f.,"convenance, accord, compatibilité",1,
G4784,συγκατατίθημι,pf. ptc. συγκατατεθειμένος,vb.,"se joindre à, consentir à, agréer à",1,
G4785,συγκαταψηφίζομαι,,vb.,"être adjoint, être choisi avec, être élu ensemble",1,
G4786,συγκεράννυμι,aor. συνεκέρασα ; pf. pass. συγκεκέρασμαι ; ptc. συγκεκραμένος,vb.,"composer, disposer, agencer, mêler",2,
G4787,συγκινέω,,vb.,"soulever, exciter, remuer",1,
G4788,συγκλείω,,vb.,"enfermer, prendre, capturer",4,
G4789,συγκληρονόμος,-ον,adj.,cohéritier,4,
G4790,συγκοινωνέω,,vb.,avoir de commun avec ; participer ; prendre part,3,
G4791,συγκοινωνός,-οῦ,n. f.,coparticipant,4,
G4792,συγκομίζω,,vb.,"emporter pour ensevelir, mettre au tombeau",1,
G4793,συγκρίνω,,vb.,"communiquer, exposer, exprimer, comparer",3,
G4794,συγκύπτω,,vb.,"courber, pencher, plier",1,
G4795,συγκυρία,-ας,n. f.,"aventure, rencontre fortuite, hasard",1,
G4796,συγχαίρω,aor. impv. 2pl. συγχάρητε,vb.,se réjouir avec,7,
G4797,συγχέω,"aor. pass. συνεχύθην ; pf. pass. συγκέχυμαι ; impf. συνέχεον, συνέχυννον",vb.,confondre ; être en confusion ; pousser au tumulte,5,
G4798,συγχράομαι,,vb.,"avoir des relations, fréquenter, avoir des rapports",1,
G4799,σύγχυσις,-εως,n. f.,"confusion, trouble, agitation",1,
G4800,συζάω,,vb.,vivre ensemble,3,
G4801,συζεύγνυμι,aor. συνέζευξα,vb.,"unir, joindre ensemble",2,
G4802,συζητέω,,vb.,s’interroger ; se demander ; s’entre-demander ; contester,10,
G4804,συζητητής,-οῦ,n. f.,"disputeur, raisonneur, contestataire instruit",1,
G4805,σύζυγος,-ου,adj.,"compagnon de travail, collaborateur",1,
G4806,συζωοποιέω,,vb.,"vivifier, faire vivre avec",2,
G4807,συκάμινος,-ου,n. m.,mûrier,1,
G4808,συκῆ,-ῆς,n. f.,figuier,16,
G4809,συκομωραία,-ας,n. f.,sycomore,1,
G4810,σῦκον,-ου,n. m.,figue,4,
G4811,συκοφαντέω,,vb.,"faire tort par une fausse accusation, accuser faussement",2,
G4812,συλαγωγέω,,vb.,"faire sa proie, prendre au piège",1,
G4813,συλάω,,vb.,"dépouiller, piller, déposséder",1,
G4814,συλλαλέω,,vb.,"parler, s’entretenir, conférer",6,
G4815,συλλαμβάνω,fut. συλλήμψομαι ; aor. συνέλαβον ; pf. συνείληφα ; inf. συλλαβεῖν ; aor. pass. inf. συλλημφθῆναι,vb.,aider ; concevoir ; prendre,16,
G4816,συλλέγω,,vb.,cueillir ; mettre ensemble,8,
G4817,συλλογίζομαι,aor. συνελογισάμην,vb.,"raisonner, considérer ensemble, discuter",1,
G4818,συλλυπέω,,vb.,"attrister, affliger, peiner",1,
G4819,συμβαίνω,aor. συνέβην ; pf. συμβέβηκα ; ptc. συμβάς,vb.,"arriver, venir ensemble",8,2024-11-01T08:15:49.825Z
G4820,συμβάλλω,aor. moy. συνεβαλόμην ; aor. inf. συμβαλεῖν,vb.,se concerter ; contribuer à l’avancement ; rejoindre ; repasser,6,
G4821,συμβασιλεύω,,vb.,régner,2,
G4822,συμβιβάζω,,vb.,conclure ; démontrer ; instruire ; lier ensemble ; unir ; tirer,7,
G4823,συμβουλεύω,,vb.,"tenir conseil, délibérer, consulter, conseiller",4,
G4824,συμβούλιον,-ου,n. m.,conseil,8,
G4825,σύμβουλος,-ου,n. m.,"conseiller, un avis",1,
G4826,Συμεών,,n. pr. m.,"Siméon (Simon) = «qui écoute, qui entend»",7,
G4827,συμμαθητής,-οῦ,n. f.,"condisciple, autre disciple",1,
G4828,συμμαρτυρέω,,vb.,"rendre témoignage en même temps, ajouter témoignage",3,
G4829,συμμερίζω,,vb.,"avoir la part, partager",1,
G4830,συμμέτοχος,-ου,adj.,"coparticipant, associé",2,
G4831,συμμιμητής,-οῦ,n. f.,imitateur ensemble,1,
G4832,σύμμορφος,-ον,adj.,"conforme, semblable",2,
G4833,συμμορφόομαι,,vb.,"rendre conforme, rendre semblable",1,
G4834,συμπαθέω,,vb.,sympathiser,2,
G4835,συμπαθής,-ές,adj.,"sympathisant, compatissant",1,
G4836,συμπαραγίνομαι,aor. ptc. συμπαραγενόμενος,vb.,"assembler, venir ensemble",1,
G4837,συμπαρακαλέω,,vb.,"consoler ensemble, encourager ensemble, exhorter ensemble",1,
G4838,συμπαραλαμβάνω,aor. inf. συμπαραλαβεῖν,vb.,prendre avec ; emmener avec soi,2,
G4841,συμπάσχω,,vb.,souffrir avec autrui,2,
G4842,συμπέμπω,,vb.,"envoyer, faire aller avec",2,
G4843,συμπεριλαμβάνω,aor. ptc. συμπεριλαβών,vb.,embrasser,1,
G4844,συμπίνω,aor. συνέπιον,vb.,"boire avec, boire ensemble",1,
G4845,συμπληρόω,,vb.,"accomplir, approcher, arriver, emplir, être submergé",3,
G4846,συμπνίγω,,vb.,"étouffer, étrangler, serrer",5,
G4847,συμπολίτης,-ου,n. m.,concitoyen,1,
G4848,συμπορεύομαι,,vb.,aller avec ; marcher avec ; rassembler,4,
G4849,συμπόσιον,-ου,n. n.,"troupe, groupe",2,
G4850,συμπρεσβύτερος,-ου,n. m.,ancien avec,1,
G4851,συμφέρω,aor. ptc. συνενέγκας,vb.,chose profitable ; profit,17,
G4852,σύμφημι,,vb.,"approuver, être d’accord",1,
G4853,συμφυλέτης,-ου,n. m.,compatriote,1,
G4854,σύμφυτος,-ον,adj.,"nés ensemble, d’une origine commune, ayant poussé ensemble, uni avec, parenté, affinité, analogie",1,
G4855,συμφύω,,vb.,"croître avec, grandir ensemble",1,
G4856,συμφωνέω,,vb.,convenir ; être d’accord ; s’accorder,6,
G4857,συμφώνησις,-εως,n. f.,"accord, harmonie, concordance",1,
G4858,συμφωνία,-ας,n. f.,mélodie,1,
G4859,σύμφωνος,-ον,adj.,"consentement mutuel, accord commun",1,
G4860,συμψηφίζω,,vb.,"supputer, estimer, évaluer",1,
G4861,σύμψυχος,-ον,adj.,étant d’un même sentiment,1,
G4862,σύν,,prép.,"avec, ensemble",127,
G4863,συνάγω,fut. pass. συναχθήσομαι ; aor. συνήγαγον ; aor. pass. συνήχθην ; inf. συναγαγεῖν ; pf. pass. ptc. συνηγμένος,vb.,"regrouper, mettre ensemble",59,2024-11-01T08:15:49.825Z
G4864,συναγωγή,-ῆς,n. f.,synagogue,56,2024-11-01T08:15:49.825Z
G4865,συναγωνίζομαι,,vb.,"combattre avec, lutter avec",1,
G4866,συναθλέω,,vb.,"combattre ensemble, lutter ensemble",2,
G4867,συναθροίζω,,vb.,"assembler, rassembler, réunir",2,
G4868,συναίρω,aor. inf. συνᾶραι,vb.,"compter, faire ses comptes",3,
G4869,συναιχμάλωτος,-ου,n. m.,compagnon de captivité,3,
G4870,συνακολουθέω,,vb.,"suivre avec d’autres, accompagner",3,
G4871,συναλίζω,,vb.,"assembler, réunir",1,
G4872,συναναβαίνω,aor. ptc. συναναβάς,vb.,"monter avec, aller avec",2,
G4873,συνανάκειμαι,,vb.,être à table,7,
G4874,συναναμίγνυμι,,vb.,"avoir des relations avec, fréquenter, avoir commerce avec",3,
G4875,συναναπαύομαι,,vb.,se récréer,1,
G4876,συναντάω,,vb.,aller au-devant ; devoir arriver ; venir à la rencontre,6,
G4878,συναντιλαμβάνομαι,aor. subj. συναντιλάβωμαι,vb.,"aider, venir au secours",2,
G4879,συναπάγω,,vb.,"s’associer, se laisser attirer",3,
G4880,συναποθνήσκω,aor. συναπέθανον ; inf. συναποθανεῖν,vb.,mourir avec,3,
G4881,συναπόλλυμι,,vb.,"périr avec, mourir avec",1,
G4882,συναποστέλλω,aor. συναπέστειλα,vb.,"envoyer, faire aller avec",1,
G4883,συναρμολογέω,,vb.,"bien ajuster ensemble, réunir en adaptant",2,
G4884,συναρπάζω,aor. συνήρπασα ; plpf. συνηρπάκειν,vb.,entraîner ; se saisir ; entraîner avec soi,4,
G4885,συναυξάνω,,vb.,"croître ensemble, grandir, pousser ensemble",1,
G4886,σύνδεσμος,-ου,n. m.,"lien, ligament",4,
G4887,συνδέω,,vb.,"lier avec, attacher avec, emprisonner avec",1,
G4888,συνδοξάζω,,vb.,glorifier avec,1,
G4889,σύνδουλος,-ου,n. m.,compagnon de service,10,
G4890,συνδρομή,-ῆς,n. f.,"rassemblement, réunion tumultueuse",1,
G4891,συνεγείρω,aor. pass. συνηγέρθην,vb.,"ressusciter ensemble, ressusciter avec, revivre ensemble",3,
G4892,συνέδριον,-ου,n. m.,sanhédrin,22,2024-11-01T08:15:49.825Z
G4893,συνείδησις,-εως,n. f.,conscience,30,2024-11-01T08:15:49.825Z
G4894,συνείδω,,vb.,"savoir, connaître, avoir conscience",3,
G4895,σύνειμι,,vb.,être avec,2,
G4896,σύνειμι,,vb.,"assembler, se réunir, se rassembler",1,
G4897,συνεισέρχομαι,aor. συνεισῆλθον,vb.,"entrer avec, pénétrer avec",2,
G4898,συνέκδημος,-ου,n. m.,compagnon de voyage,2,
G4899,συνεκλεκτός,"-ή, -όν",adj.,"élu, choisi avec",1,
G4900,συναλλάσσω,,vb.,"engager, inciter, exhorter",1,
G4901,συνεπιμαρτυρέω,,vb.,rendre témoignage avec,1,
G4902,συνέπομαι,impf. 3sg. συνείπετο,vb.,"accompagner, voyager comme compagnon",1,
G4903,συνεργέω,,vb.,agir avec ; coopérer ; travailler à l’œuvre ; travailler ensemble,5,
G4904,συνεργός,-οῦ,adj.,collaborateur ; compagnon d’œuvre,12,2025-07-10T14:46:32.000Z
G4905,συνέρχομαι,aor. συνῆλθον ; pf. συνελήλυθα ; inf. συνελθεῖν,vb.,"venir ensemble, venir avec qqn",30,2024-11-01T08:15:49.825Z
G4906,συνεσθίω,aor. συνέφαγον,vb.,manger avec,5,
G4907,σύνεσις,-εως,n. f.,"intelligence, capacité de comprendre",7,
G4908,συνετός,"-ή, -όν",adj.,"intelligent, celui qui comprend, qui discerne, qui est prudent",4,
G4909,συνευδοκέω,,vb.,consentir ; prendre plaisir ; vouloir,6,
G4910,συνευωχέομαι,,vb.,"festoyer avec, faire bombance avec",2,2025-06-12T09:36:22.000Z
G4911,συνεφίστημι,aor. συνεπέστην,vb.,se soulever ensemble,1,
G4912,συνέχω,aor. συνέσχον,vb.,affliger ; être à l’étroit ; être en proie ; étreindre ; presser ; souffrir ; serrer ; saisir ; tenir ; boucher,12,
G4913,συνήδομαι,,vb.,"prendre plaisir, se réjouir",1,
G4914,συνήθεια,-ας,n. f.,"coutume, habitude, usage",3,
G4915,συνηλικιώτης,-ου,n. f.,"celui de mon âge, égal",1,
G4916,συνθάπτω,,vb.,"ensevelir avec, enterrer avec",2,
G4917,συνθλάω,,vb.,"briser, broyer ensemble",2,
G4918,συνθλίβω,,vb.,presser,2,
G4919,συνθρύπτω,,vb.,"casser en morceaux, écraser, briser",1,2024-11-01T08:15:49.825Z
G4920,συνίημι,"fut. συνήσω ; aor. συνῆκα ; inf. συνιέναι ; ptc. συνιείς, συνίων ; subj. 2pl. συνῆτε ; subj. 3pl. συνιῶσιν ; impv. 2pl. σύνετε ; 3pl. συνιᾶσιν, συνίουσιν, συνῶσιν",vb.,comprendre,26,2024-11-01T08:15:49.825Z
G4921,συνίστημι,aor. συνέστησα ; pf. συνέστηκα ; ptc. συνεστώς,vb.,mettre en évidence ; constituer ; montrer ; recommander ; subsister,16,
G4922,συνοδεύω,,vb.,"faire route avec, voyager avec",1,
G4923,συνοδία,-ας,n. f.,"troupe de voyageurs, caravane",1,
G4924,συνοικέω,,vb.,"demeurer avec, habiter avec",1,
G4925,συνοικοδομέω,,vb.,"édifier, développer  ensemble",1,
G4926,συνομιλέω,,vb.,"converser avec, parler ensemble, discuter",1,
G4927,συνομορέω,,vb.,"être adjacent, être contigu",1,
G4928,συνοχή,-ῆς,n. f.,"angoisse, détresse, anxiété, serrement",2,
G4929,συντάσσω,,vb.,"ordonner, prescrire",2,
G4930,συντέλεια,-ας,n. f.,consommation,6,
G4931,συντελέω,,vb.,accomplir ; conclure ; consommer,6,
G4932,συντέμνω,pf. ptc. συντετμημένος,vb.,"pleinement, promptement",1,2024-11-01T08:15:49.825Z
G4933,συντηρέω,,vb.,"garder par devers soi, garder soigneusement, garder soigneusement",3,
G4934,συντίθημι,,vb.,se mettre d’accord ; s’entendre ; se joindre pour insister,3,
G4935,συντόμως,,adv.,"brièvement, en quelques mots, avec concision",1,
G4936,συντρέχω,aor. συνέδραμον,vb.,"courir avec, se comporter comme, accourir",3,
G4937,συντρίβω,ptc. συντετριμμένος ; pf. pass. inf. συντετρῖφθαι,vb.,briser ; froisser ; mettre en pièces,7,
G4938,σύντριμμα,-τος,n. n.,"destruction, ruine",1,
G4939,σύντροφος,-ου,adj.,"nourri avec, frère de lait, élevé avec",1,
G4940,συντυγχάνω,aor. inf. συντυχεῖν,vb.,"aborder, s’approcher de, rejoindre",1,
G4941,Συντύχη,-ης,n. pr. f.,Syntyche = «rencontre avec le destin»,1,
G4942,συνυποκρίνομαι,,vb.,"(+D) user de dissimulation avec, faire semblant avec, feindre avec",1,2024-11-01T08:15:49.825Z
G4943,συνυπουργέω,,vb.,"coopérer, aider ensemble",1,
G4944,συνωδίνω,,vb.,être en travail d’enfant,1,
G4945,συνωμοσία,-ας,n. f.,conjuration,1,
G4946,Συράκουσαι,-ῶν,n. pr. f.,Syracuse = «une ouïe Syrienne»,1,
G4947,Συρία,-ας,n. pr. f.,"Syrie = «hauteurs, élevé»",8,
G4948,Σύρος,-ου,adj.,Syrien,1,
G4949,Συροφοίνισσα,-ης,n. pr. f.,Syro-phénicienne (Syrophenician) = «palmier élevé»,1,
G4950,σύρτις,-εως,n. pr. f.,Syrte,1,
G4951,σύρω,,vb.,"traîner, tirer, entraîner",5,
G4952,συσπαράσσω,aor. συνεσπάραξα,vb.,"tourmenter violemment, convulser entièrement",1,
G4953,σύσσημον,-ου,n. m.,"signe, signal convenu",1,
G4954,σύσσωμος,-ον,adj.,d’un même corps,1,
G4955,συστασιαστής,,n. m.,"compagnon de sédition, d’une émeute",1,
G4956,συστατικός,"-ή, -όν",adj.,lettre de recommandation,1,
G4957,συσταυρόομαι,,vb.,crucifier une personne avec une autre,5,
G4958,συστέλλω,aor. συνέστειλα ; pf. pass. συνέσταλμαι,vb.,"couvrir, envelopper, être court, être difficile",2,
G4959,συστενάζω,,vb.,"soupirer ensemble, gémir ensemble",1,
G4960,συστοιχέω,,vb.,"correspondre, concorder, être semblable",1,
G4961,συστρατιώτης,-ου,n. m.,compagnon d’armes,2,
G4962,συστρέφω,,vb.,"séjourner, voyager ensemble, ramasser",2,
G4963,συστροφή,-ῆς,n. f.,"attroupement, rassemblement, sédition, union",2,
G4964,συσχηματίζω,,vb.,"se conformer, devenir semblable",2,
G4965,Συχάρ,,n. pr.,Sychar = «ivresse»,1,
G4966,Συχέμ,,n. pr.,Sichem = «épaule»,2,
G4967,σφαγή,-ῆς,n. f.,"sacrifice, boucherie",3,
G4968,σφάγιον,-ου,n. m.,"bête égorgée, victime pour sacrifice",1,
G4969,σφάζω,,vb.,"égorger ; immoler ; tuer, abattre",10,2025-07-10T15:19:19.000Z
G4970,σφόδρα,,adv.,extrêmement ; fort,11,
G4971,σφοδρῶς,,adv.,"violemment, fortement, excessivement",1,
G4972,σφραγίζω,,vb.,"sceller, apposer un sceau",15,
G4973,σφραγίς,-ῖδος,n. f.,"sceau, marque imprimée",16,
G4974,σφυρόν,-οῦ,n. n.,cheville,1,
G4975,σχεδόν,,adv.,"presque, à peu près, environ",3,
G4976,σχῆμα,-τος,n. n.,"figure, apparence, manière d’être extérieure",2,
G4977,σχίζω,,vb.,déchirer ; fendre ; partager,11,
G4978,σχίσμα,-τος,n. n.,"division, scission, dissension, déchirure",8,
G4979,σχοινίον,-ου,n. m.,"corde, câble, cordon",2,
G4980,σχολάζω,,vb.,"vaquer, se donner, être vide",2,
G4981,σχολή,-ῆς,n. f.,école,1,
G4982,σῴζω,,vb.,sauver ; obtenir le salut ; guérir ; délivrer ; conserver,106,
G4983,σῶμα,-τος,n. n.,le corps,142,2024-11-01T08:15:49.825Z
G4984,σωματικός,"-ή, -όν",adj.,corporel,2,
G4985,σωματικῶς,,adv.,corporellement,1,
G4986,Σώπατρος,-ου,n. pr. m.,Sopater = «sauveur de son père»,1,
G4987,σωρεύω,,vb.,"charger, amonceler, entasser",2,
G4988,Σωσθένης,-ους,n. pr. m.,Sosthène = «sauveur de sa nation»,2,
G4989,Σωσίπατρος,-ου,n. pr. m.,Sosipater = «sauveur de son père»,1,
G4990,σωτήρ,-ῆρος,n. f.,sauveur,24,2024-11-01T08:15:49.825Z
G4991,σωτηρία,-ας,n. f.,"salut, délivrance",47,2024-11-01T08:15:49.825Z
G4992,σωτήριον,-ον,adj.,"qui apporte le salut, qui sauve",4,
G4993,σωφρονέω,,vb.,avoir de saines pensées ; être dans son bon sens ; être sobre,6,
G4995,σωφρονισμός,-οῦ,n. f.,"conseil, sobre bon sens, modération",1,
G4996,σωφρόνως,,adv.,sobrement,1,
G4997,σωφροσύνη,-ης,n. f.,"modestie, bon sens, sobriété",3,
G4998,σώφρων,"-ον, -ονος",adj.,"sage, tempéré, maître de soi",4,
G4999,Ταβέρναι,-ης,n. pr. f.,Trois-Tavernes,1,
G5000,Ταβιθά,-άδος,n. pr. f.,Tabitha = «gazelle»,2,
G5001,τάγμα,-τος,n. n.,"rang, ordre d’importance",1,
G5002,τακτός,"-ή, -όν",adj.,"marqué, fixé, déterminé",1,
G5003,ταλαιπωρέω,,vb.,"sentir sa misère, sentir sa détresse, être malheureux",1,
G5004,ταλαιπωρία,-ας,n. f.,"misère, malheur, détresse",2,
G5005,ταλαίπωρος,-ον,adj.,"malheureux, misérable",2,
G5006,ταλαντιαῖος,"-α, -ον",adj.,du poids d’un talent,1,
G5007,τάλαντον,-ου,n. n.,talent,14,
G5008,ταλιθά,,aram. / n.,talitha coumi,1,
G5009,ταμεῖον,-ου,n. n.,"chambre intérieure, cabinet, cellier",4,
G5010,τάξις,-εως,n. f.,"ordre, rang, position, bon ordre",9,
G5011,ταπεινός,"-ή, -όν",adj.,"humble, de condition humble, abattu",8,2024-11-01T08:15:49.825Z
G5012,ταπεινοφροσύνη,-ης,n. f.,humilité,7,
G5013,ταπεινόω,,vb.,"humilier, rabaisser, rendre humble",13,
G5014,ταπείνωσις,-εως,n. f.,humiliation ; humble état,4,
G5015,ταράσσω,aor. pass. ἐταράχθην ; pf. pass. τετάραγμαι ; subj. ταραχθῶ ; 3sg. τετάρακται,vb.,agiter ; troubler,17,
G5017,τάραχος,-ου,n. m.,"trouble, agitation, émoi, désarroi",2,
G5018,Ταρσεύς,-έως,n. pr. m.,Tarse = «un panier plat»,2,
G5019,Ταρσός,-οῦ,n. pr. f.,Tarse = «un panier plat»,3,
G5020,ταρταρόω,,vb.,précipiter dans l’abîme,1,
G5021,τάσσω,pf. pass. τέταγμαι ; pf. inf. τεταχέναι ; 3sg. τέτακται,vb.,fixer ; destiner ; ordonner ; placer ; décider ; se vouer,8,
G5022,ταῦρος,-ου,n. m.,"taureau, bœuf",4,
G5027,ταφή,-ῆς,n. f.,"sépulture, enterrement, mise au tombeau",1,
G5028,τάφος,-ου,n. m.,"tombeau, sépulcre, tombe",7,
G5029,τάχα,,adv.,"peut-être, probablement",2,
G5030,ταχέως,,adv.,bientôt ; précipitamment ; promptement,10,
G5031,ταχινός,"-ή, -όν",adj.,"prompt, rapide, soudain, proche",2,
G5032,τάχιον,,adv. comp.,bientôt ; plus tôt ; vite ; plus vite,4,
G5034,τάχος,-ους,n. m.,"vitesse, rapidité, promptitude",7,
G5035,ταχύ,"-εῖα, -ύ",adv.,aussitôt ; bientôt ; promptement,9,
G5036,ταχύς,,adj.,"prompt, rapide, vif",5,
G5037,τε,,conj.,"non seulement … mais aussi, tous deux … et, comme … ainsi",212,2024-11-01T08:15:49.825Z
G5038,τεῖχος,-ους,n. m.,muraille,9,
G5039,τεκμήριον,-ου,n. m.,"preuve assurée, preuve irréfutable, évidence indubitable",1,
G5040,τεκνίον,-ου,n. m.,"enfant, petit-enfant",8,
G5041,τεκνογονέω,,vb.,"avoir des enfants, enfanter, procréer",1,
G5042,τεκνογονία,-ας,n. f.,"maternité, état, qualité de mère",1,
G5043,τέκνον,-ου,n. m.,l'enfant,98,2024-11-01T08:15:49.825Z
G5044,τεκνοτροφέω,,vb.,"élever des enfants, éduquer, former des enfants",1,
G5045,τέκτων,-ονος,n. f.,charpentier,2,
G5046,τέλειος,"-α, -ον",adj.,homme fait ; parfait,19,
G5047,τελειότης,-ητος,n. f.,"perfection, état de plénitude, d’achèvement",2,
G5048,τελειόω,,vb.,"achever, accomplir",23,2024-11-01T08:15:49.825Z
G5049,τελείως,,adv.,"parfaitement, complètement, entièrement",1,
G5050,τελείωσις,-εως,n. f.,"perfection, ce qui remplit, accomplissement",2,
G5051,τελειωτής,-οῦ,n. f.,consommateur,1,
G5052,τελεσφορέω,,vb.,"porter du fruit à maturité, récolté",1,
G5053,τελευτάω,,vb.,être mort ; mourir ; terminer sa vie,11,
G5054,τελευτή,-ῆς,n. f.,"mort, décès",1,
G5055,τελέω,,vb.,"finir, achever",28,2024-11-01T08:15:49.825Z
G5056,τέλος,-ους,n. m.,"le but, la fin",40,2024-11-01T08:15:49.825Z
G5057,τελώνης,-ου,n. m.,publicain,21,
G5058,τελώνιον,-ου,n. m.,bureau de recette,3,
G5059,τέρας,-ατος,n. n.,"prodige, miracle",16,2025-06-12T09:27:30.000Z
G5060,Τέρτιος,-ου,n. pr. m.,Tertius = «troisième»,1,
G5061,Τέρτυλλος,-ου,n. pr. m.,Tertulle = «triplement endurci»,2,
G5062,τεσσαράκοντα,,num.,quarante,22,
G5063,τεσσαρακονταετής,,adj.,de quarante ans,2,
G5064,τέσσαρες,"τεσσάρων, τέσσαρα",adj.,quatre,39,
G5065,τεσσαρεσκαιδέκατος,"-η, -ον",adj.,quatorzième,2,
G5066,τεταρταῖος,"-α, -ον",adj.,quatre jours,1,
G5067,τέταρτος,"-η, -ον",adj.,quart ; quatrième,10,
G5068,τετράγωνος,-ον,adj.,"en carré, quadrangulaire",1,
G5069,τετράδιον,-ου,n. n.,"escouade, un groupe de quatre soldats",1,2024-11-01T08:15:49.825Z
G5070,τετρακισχίλιοι,"-αι, -α",adj.,quatre mille,5,
G5071,τετρακόσιοι,"-αι, -α",adj.,quatre cents,4,
G5072,τετράμηνος,-ον,adj.,quatre mois,1,
G5073,τετραπλόος,"-ῆ, -οῦν",adj.,quadruple,1,
G5074,τετράπους,"-ουν, τετράποδος",adj.,quadrupède,3,
G5075,τετραρχέω,,vb.,être tétrarque,3,
G5076,τετράρχης,,n. m.,tétrarque,4,
G5077,τεφρόω,,vb.,réduire en cendres,1,
G5078,τέχνη,-ης,n. f.,"métier, art",3,
G5079,τεχνίτης,-ου,n. m.,"architecte, artisan, homme de métier, artiste",4,
G5080,τήκω,,vb.,fondre,1,
G5081,τηλαυγῶς,,adv.,"clairement, distinctement, nettement",1,
G5082,τηλικοῦτος,"-αύτη, -οῦτο",dém.,"si grand, si important, un tel",4,
G5083,τηρέω,,vb.,"garder, conserver",70,2024-11-01T08:15:49.825Z
G5084,τήρησις,-εως,n. f.,"observation, observance, prison",3,
G5085,Τιβεριάς,-άδος,n. pr. f.,Tibériade,3,2024-11-01T08:15:49.825Z
G5086,Τιβέριος,-ου,n. pr. m.,Tibère = «qui vient du Tibre (le fleuve-dieu)»,1,
G5087,τίθημι,"fut. θήσω ; aor. ἔθηκα ; aor. pass. ἐτέθην ; pf. τέθεικα ; inf. θεῖναι, τεθῆναι ; ptc. τιθείς, θείς, τεθεικώς ; subj. θῶ, τεθώ ; aor. moy. 2sg. ἔθου ; pf. pass. 3sg. τέθειται ; impf. 3sg. ἐτίθει ; impv. 2pl. θέτε, θέσθε ; 3pl. τιθέασιν, ἐτίθουν, ἐτίθεσαν, ἔθεντο",vb.,"placer, mettre",100,2024-11-01T08:15:49.825Z
G5088,τίκτω,fut. τέξομαι ; aor. ἔτεκον ; aor. pass. ἐτέχθην ; inf. τεκεῖν ; ptc. τεχθείς,vb.,accoucher ; enfanter ; naître ; mettre au monde ; produire,18,
G5089,τίλλω,,vb.,arracher un à un,3,
G5090,Τιμαῖος,-ου,n. pr. m.,Timée = «hautement estimé»,1,
G5091,τιμάω,,vb.,honorer,21,2024-11-01T08:15:49.825Z
G5092,τιμή,-ῆς,n. f.,"honneur, prix, mérite",41,2024-11-01T08:15:49.825Z
G5093,τίμιος,"-α, -ον",adj.,en honneur ; honoré ; précieux,13,
G5094,τιμιότης,-ητος,n. f.,"opulence, abondance de biens, richesse, somptuosité",1,
G5095,Τιμόθεος,-ου,n. pr. m.,"Timothée = «qui adore, ou honore Dieu»",24,2024-11-01T08:15:49.825Z
G5096,Τίμων,-ωνος,n. pr. m.,"Timon = «digne, honorable»",1,
G5097,τιμωρέω,,vb.,"punir, venger, faire justice",2,
G5098,τιμωρία,-ας,n. f.,"punition, vengeance",1,
G5099,τίνω,fut. τίσω,vb.,"subir, souffrir, endurer",1,
G5100,τις,"τὶ, τινός, τινί, τινά",part.,"quelqu'un, quelque chose",525,2024-11-01T08:15:49.825Z
G5101,τίς,"τί, τίνος, τίνι, τίνα",interr.,qui? que? pourquoi?,558,2024-11-01T08:15:49.825Z
G5102,τίτλος,-ου,n. m.,"écriteau, inscription, affiche",2,
G5103,Τίτος,-ου,n. pr. m.,Tite = «nourrice»,13,
G5105,τοιγαροῦν,,conj.,"par conséquent, c’est pourquoi",2,
G5106,τοίνυν,,conj.,"donc, c’est pourquoi",3,
G5107,τοιόσδε,"-άδε, -όνδε, -οῦδε, -ᾶσδε",dém.,tel,1,
G5108,τοιοῦτος,"-αύτη, -οῦτον",dém.,"de tel genre, un tel ...",56,2025-02-27T09:06:55.000Z
G5109,τοῖχος,-ου,n. m.,paroi blanchie,1,
G5110,τόκος,-ου,n. m.,intérêt,2,
G5111,τολμάω,,vb.,"oser, avoir de l'assurance, être hardi",16,2025-06-12T09:29:55.000Z
G5112,τολμηρότερον,,adv. comp.,"plus hardiment, avec audace, en osant",1,
G5113,τολμητής,-οῦ,n. f.,"audacieux, présomptueux, sûr de soi",1,
G5114,τομώτερος,"-ή, -όν",adj.,"plus pénétrant, plus tranchant",1,
G5115,τόξον,-ου,n. m.,arc,1,
G5116,τοπάζιον,-ου,n. m.,topaze,1,
G5117,τόπος,-ου,n. m.,"lieu, place, endroit",94,2024-11-01T08:15:49.825Z
G5118,τοσοῦτος,"-η, -ον",rel.,"tant, si grand, si nombreux, si long, etc.",19,2024-11-01T08:15:49.825Z
G5119,τότε,,adv.,"alors, puis, ensuite",159,2024-11-01T08:15:49.825Z
G5121,τοὐναντίον,,adv.,"au contraire, plutôt",3,
G5122,τοὔνομα,,n. n.,nominativement,1,
G5131,τράγος,-ου,n. m.,bouc,4,
G5132,τράπεζα,-ης,n. f.,table ; banque,15,
G5133,τραπεζίτης,-ου,n. m.,"banquier, changeur",1,
G5134,τραῦμα,-τος,n. n.,blessure,1,
G5135,τραυματίζω,,vb.,blesser,2,
G5136,τραχηλίζω,,vb.,"découvrir, mettre à découvert, subjuguer",1,
G5137,τράχηλος,-ου,n. m.,cou,7,
G5138,τραχύς,"-εῖα, -ύ",adj.,"raboteux, inégal, rugueux, rocailleux, rocheux",2,
G5139,Τραχωνῖτις,-ιδος,n. pr. f.,Trachonite = «région rocailleuse»,1,
G5140,τρεῖς,"τρία, τριῶν, τρισίν",adj.,trois,69,
G5141,τρέμω,,vb.,"trembler, avoir peur",3,
G5142,τρέφω,aor. ἔθρεψα ; pf. pass. τέθραμμαι,vb.,nourrir ; rassasier ; élever,8,
G5143,τρέχω,aor. ἔδραμον ; ptc. δραμών,vb.,"courir, se déplacer rapidement",20,
G5144,τριάκοντα,,num.,trente,11,
G5145,τριακόσιοι,"-αι, -α",adj.,trois cents,2,
G5146,τρίβολος,-ου,n. m.,chardon,2,
G5147,τρίβος,-ου,n. m.,"sentier, chemin usé",3,
G5148,τριετία,-ας,n. f.,trois ans,1,
G5149,τρίζω,,vb.,grincer,1,
G5150,τρίμηνος,-ον,adj.,trois mois,1,
G5151,τρίς,,adv.,"trois fois, trois occasions",12,
G5152,τρίστεγος,-ου,n. n.,troisième étage,1,
G5153,τρισχίλιοι,"-αι, -α",adj.,trois mille,1,
G5154,τρίτος,"-η, -ον",adj.,tiers ; troisième ; troisième fois,56,
G5155,τρίχινος,"-η, -ον",adj.,"fait de poil, fait de crin",1,
G5156,τρόμος,-ου,n. m.,tremblement,5,
G5157,τροπή,-ῆς,n. f.,"changement, variation, révolution",1,
G5158,τρόπος,-ου,n. m.,conduite ; manière,13,
G5159,τροποφορέω,,vb.,"prendre soin, supporter la conduite, nourrir",1,
G5160,τροφή,-ῆς,n. f.,nourriture ; vivres,16,
G5161,Τρόφιμος,-ου,n. pr. m.,"Trophime = «nutritif, nourrissant»",3,
G5162,τροφός,-οῦ,n. f.,nourrice,1,
G5163,τροχιά,-ᾶς,n. f.,"sentier, tracé, voie",1,
G5164,τροχός,-οῦ,n. f.,"cours, cycle, déroulement",1,
G5165,τρύβλιον,-ου,n. m.,"plat, bol peu profond, assiette",2,
G5166,τρυγάω,,vb.,"cueillir, vendanger",3,
G5167,τρυγών,-όνος,n. f.,"tourterelle, petit pigeon",1,
G5168,τρυμαλιά,-ᾶς,n. f.,"trou, chas d’une aiguille",1,
G5169,τρύπημα,-ατος,n. n.,"trou, chas d’une aiguille",1,
G5170,Τρύφαινα,-ης,n. pr. f.,Tryphène = «raffinée»,1,
G5171,τρυφάω,,vb.,vivre dans les délices,1,
G5172,τρυφή,-ῆς,n. f.,"délice, luxe, vie sensuelle, volupté",2,
G5173,Τρυφῶσα,-ης,n. pr. f.,Tryphose = «délicate»,1,
G5174,Τρωάς,-άδος,n. pr. f.,Troas = «un Troyen»,6,
G5176,τρώγω,,vb.,"manger, mâcher",6,
G5177,τυγχάνω,pf. τέτυχα ; inf. τυχεῖν ; aor. opt. 3sg. τύχοι ; ptc. neut. τυχόν,vb.,obtenir ; accepter ; recevoir ; être ordinaire ; venir,11,
G5178,τυμπανίζω,,vb.,être torturé,1,
G5179,τύπος,-ου,n. m.,"exemple, modèle, règle, image, marque, figure",16,2024-11-01T08:15:49.825Z
G5180,τύπτω,,vb.,battre ; blesser ; frapper,13,
G5181,Τύραννος,-ου,n. pr. m.,"Tyrannus = «tyran, souverain»",1,
G5183,Τύριος,-ου,adj.,"Tyrien, habitant de tyr",1,
G5184,Τύρος,-ου,n. pr. f.,Tyr = «un rocher»,11,
G5185,τυφλός,"-ή, -όν",adj.,aveugle,50,2024-11-01T08:15:49.825Z
G5186,τυφλόω,,vb.,aveugler,3,
G5187,τυφόω,,vb.,enfler d’orgueil,3,
G5188,τύφω,,vb.,"fumer, s’élever en fumée",1,
G5189,τυφωνικός,"-ή, -όν",adj.,"orageux, comme un tourbillon, impétueux",1,
G5190,Τυχικός,-οῦ,n. pr. m.,Tychique = «fortuit»,5,
G5191,ὑακίνθινος,"-η, -ον",adj.,hyacinthe,1,
G5192,ὑάκινθος,-ου,n. m.,hyacinthe,1,
G5193,ὑάλινος,"-η, -ον",adj.,de verre,3,
G5194,ὕαλος,-ου,n. m.,"verre, pierre transparente, cristal",2,
G5195,ὑβρίζω,,vb.,"outrage, traiter honteusement, insulter, outrager",5,
G5196,ὕβρις,-εως,n. f.,"avarie, excès, d’où violence, dégât, dommage, outrage, revers",3,
G5197,ὑβριστής,-οῦ,n. f.,"personne insolente, personne arrogante",2,2026-08-29T13:32:33.240Z
G5198,ὑγιαίνω,,vb.,"être en bonne santé, être bien portant",12,
G5199,ὑγιής,"-ές, ὑγιῆ",adj.,"sain, en pleine santé",11,2024-11-01T08:15:49.825Z
G5200,ὑγρός,"-ά, -όν",adj.,"vert, humide, plein de sève",1,
G5201,ὑδρία,-ας,n. f.,"vaisseau pour tenir de l’eau, vase, jarre ou cruche",3,
G5202,ὑδροποτέω,,vb.,boire de l’eau exclusivement,1,
G5203,ὑδρωπικός,"-ή, -όν",adj.,hydropique,1,
G5204,ὕδωρ,ὕδατος,n. n.,l'eau,76,2024-11-01T08:15:49.825Z
G5205,ὑετός,-οῦ,n. f.,"pluie, parfois abondamment",5,
G5206,υἱοθεσία,-ας,n. f.,adoption,5,
G5207,υἱός,-οῦ,n. f.,le fils,372,2024-11-01T08:15:49.825Z
G5208,ὕλη,-ης,n. f.,"forêt, grande étendue d’arbres",1,
G5211,Ὑμεναῖος,-ου,n. pr. m.,"Hyménée = «appartenant à Hymen, dieu du mariage»",2,
G5212,ὑμέτερος,"-α, -ον",adj.,"à vous, votre",11,
G5214,ὑμνέω,,vb.,"chanter une hymne, chanter des louanges",4,
G5215,ὕμνος,-ου,n. m.,hymne,2,
G5217,ὑπάγω,,vb.,partir,78,2024-11-01T08:15:49.825Z
G5218,ὑπακοή,-ῆς,n. f.,"obéissance, soumission volontaire",15,
G5219,ὑπακούω,,vb.,obéir ; écouter avec attention,21,
G5220,ὕπανδρος,-ον,adj.,"soumis à un mari, marié",1,
G5221,ὑπαντάω,,vb.,venir à la rencontre ; affronter,10,
G5222,ὑπάντησις,-εως,n. f.,rencontre,3,
G5223,ὕπαρξις,-εως,n. f.,"bien, existence, d’où moy.s d’exister, possessions, ressources",2,
G5225,ὑπάρχω,,vb.,"être, exister ; être à la disposition, appartenir",60,2026-02-20T14:09:49.021Z
G5226,ὑπείκω,,vb.,"être soumis, accepter l’autorité",1,
G5227,ὑπεναντίος,"-α, -ον",adj.,"adversaire, opposant, rebelle, contraire, adverse",2,
G5228,ὑπέρ,,prép.,"par rapport, pour, à l’égard de, en vue de",153,
G5229,ὑπεραίρω,,vb.,"s’enorgueillir, s’élever, s’exalter",3,
G5230,ὑπέρακμος,-ον,adj.,"qui a passé la fleur de l’âge, qui a vieilli",1,
G5231,ὑπεράνω,,prép.,au-dessus,3,
G5232,ὑπεραυξάνω,,vb.,"augmenter beaucoup, croître avec force",1,
G5233,ὑπερβαίνω,,vb.,"marcher sur, empiéter, faire tort",1,2024-11-01T08:15:49.825Z
G5234,ὑπερβαλλόντως,,adv.,"excessivement, démesurément, beaucoup plus",1,
G5235,ὑπερβάλλω,,vb.,"exceller, surpasser, surabonder",5,
G5236,ὑπερβολή,-ῆς,n. f.,"supériorité, excellence, charactère exceptionnel",8,2025-07-01T17:44:18.000Z
G5237,ὑπερείδω,,vb.,"passer par-dessus, regarder au-delà",1,
G5238,ὑπερέκεινα,,prép.,"lieux qui sont au-delà, région, territoire situé au-delà",1,
G5239,ὑπερεκτείνω,,vb.,"s’étendre plus qu’il ne faut, se distendre, dépasser sa limite",1,
G5240,ὑπερεκχύνω,,vb.,"déborder, surabonder, dépasser la mesure",1,
G5241,ὑπερεντυγχάνω,,vb.,intercéder,1,
G5242,ὑπερέχω,,vb.,excellence ; surpasser ; supérieur,5,
G5243,ὑπερηφανία,-ας,n. f.,orgueil,1,
G5244,ὑπερήφανος,-ον,adj.,hautain ; orgueilleux,5,
G5245,ὑπερνικάω,,vb.,être plus que vainqueur,1,
G5246,ὑπέρογκος,-ον,adj.,"(d'un discours) orgueilleux, insolent, extravagant",2,2025-06-12T09:53:12.000Z
G5247,ὑπεροχή,-ῆς,n. f.,"supériorité, prééminence, haute position, excellence",2,
G5248,ὑπερπερισσεύω,,vb.,"surabonder, abonder excessivement, déborder",2,
G5249,ὑπερπερισσῶς,,adv.,"extrêmement, excessivement",1,
G5250,ὑπερπλεονάζω,,vb.,"surabonder, abonder excessivement, déborder",1,
G5251,ὑπερυψόω,,vb.,"élever haut, surélever, élever souverainement",1,
G5252,ὑπερφρονέω,,vb.,"avoir une haute pensée de soi, être prétentieux",1,
G5253,ὑπερῷον,-ου,n. m.,chambre haute,4,
G5254,ὑπέχω,,vb.,subir (une punition),1,2025-06-16T15:17:32.000Z
G5255,ὑπήκοος,-ον,adj.,"obéissant, soumis",3,
G5256,ὑπηρετέω,,vb.,"servir, agir comme serviteur, employer",3,
G5257,ὑπηρέτης,-ου,n. m.,le serviteur,20,2024-11-01T08:15:49.825Z
G5258,ὕπνος,-ου,n. m.,sommeil,6,
G5259,ὑπό,,prép.,"de, sous, par",219,
G5260,ὑποβάλλω,aor. ὑπέβαλον,vb.,"soudoyer, persuader",1,
G5261,ὑπογραμμός,-οῦ,n. f.,"modèle, exemple",1,
G5262,ὑπόδειγμα,-τος,n. n.,exemple ; image ; figure,6,
G5263,ὑποδείκνυμι,fut. ὑποδείξω ; aor. ὑπέδειξα,vb.,avertir ; montrer,6,
G5264,ὑποδέχομαι,,vb.,"recevoir, accueillir",4,
G5265,ὑποδέω,,vb.,chausser,3,
G5266,ὑπόδημα,-τος,n. n.,"sandale, soulier",10,
G5267,ὑπόδικος,-ον,adj.,"coupable, blâmable",1,
G5268,ὑποζύγιον,-ου,n. n.,"âne, ânesse, âne, ânesse",2,
G5269,ὑποζώννυμι,,vb.,"lier avec un câble passé dessous, ceinturer en dessous",1,
G5270,ὑποκάτω,,prép.,"sous, au-dessous",10,
G5271,ὑποκρίνω,,vb.,"feindre, faire semblant, prétendre",1,
G5272,ὑπόκρισις,-εως,n. f.,"hypocrisie, dissimulation, malhonnêteté, duplicité",6,
G5273,ὑποκριτής,-οῦ,n. f.,"hypocrite, malhonnêtement",17,
G5274,ὑπολαμβάνω,aor. ὑπέλαβον ; ptc. ὑπολαβών,vb.,"reprendre vers le haut, emporter ; recevoir avec hospitalité ; répondre ; supposer",5,2025-10-21T12:10:13.147Z
G5275,ὑπολείπω,,vb.,"demeurer, rester, laisser",1,
G5276,ὑπολήνιον,-ου,n. m.,fosse pour un pressoir,1,
G5277,ὑπολιμπάνω,,vb.,"laisser, laisser derrière",1,
G5278,ὑπομένω,aor. ὑπέμεινα ; ptc. ὑπομείνας ; pf. ptc. ὑπομεμενηκώς,vb.,demeurer ; endurer ; être patient ; persévérer ; souffrir,17,
G5279,ὑπομιμνήσκω,fut. ὑπομνήσω ; aor. pass. ὑπεμνήσθην ; aor. inf. ὑπομνῆσαι,vb.,rappeler ; se souvenir,7,2025-07-10T15:01:01.000Z
G5280,ὑπόμνησις,-εως,n. f.,"rappel à la mémoire, souvenir",3,
G5281,ὑπομονή,-ῆς,n. f.,"persévérance, patience, fermeté, constance",32,2024-11-01T08:15:49.825Z
G5282,ὑπονοέω,,vb.,"supposer, présumer, considérer, penser",3,
G5283,ὑπόνοια,-ας,n. f.,"soupçon, doute, méfiance",1,
G5284,ὑποπλέω,aor. ὑπέπλευσα,vb.,"côtoyer, passer en-dessous, longer la côte, voguer à l’abri",2,
G5285,ὑποπνέω,aor. ptc. ὑποπνεύσας,vb.,"souffler doucement, souffler légèrement",1,
G5286,ὑποπόδιον,-ου,n. m.,marchepied,7,
G5287,ὑπόστασις,-εως,n. f.,"assurance, ferme conviction, confiance",5,
G5288,ὑποστέλλω,aor. moy. ὑπεστειλάμην ; subj. 3sg. ὑποστείληται,vb.,cacher ; se retirer discrètement,4,
G5289,ὑποστολή,-ῆς,n. f.,"perdition, désertion",1,
G5290,ὑποστρέφω,,vb.,"retourner, revenir",35,2024-11-01T08:15:49.825Z
G5291,ὑποστρώννυμι,,vb.,"étendre, déposer par terre",1,
G5292,ὑποταγή,-ῆς,n. f.,"soumission, obéissance",4,
G5293,ὑποτάσσω,fut. pass. ὑποταγήσομαι ; aor. ὑπέταξα ; aor. pass. ὑπετάγην ; pf. pass. ὑποτέταγμαι,vb.,"soumettre, assujettir",38,2024-11-01T08:15:49.825Z
G5294,ὑποτίθημι,aor. ὑπέθηκα,vb.,"exposer, risquer ; (moy.) proposer, enseigner",2,2026-08-29T13:32:33.240Z
G5295,ὑποτρέχω,aor. ptc. ὑποδραμών,vb.,"courir sous, passer au-dessous, filer sous",1,
G5296,ὑποτύπωσις,-εως,n. f.,"modèle, aperçu, exemple",2,
G5297,ὑποφέρω,aor. ὑπήνεγκα ; inf. ὑπενεγκεῖν,vb.,"supporter, endurer patiemment",3,
G5298,ὑποχωρέω,,vb.,"se retirer, quitter, s’en aller",2,
G5299,ὑπωπιάζω,,vb.,"mortifier, casser la tête",2,
G5300,ὗς,ὑός,n. f.,truie,1,
G5301,ὕσσωπος,-ου ; ὕσσωπον,n. m.,hysope,2,
G5302,ὑστερέω,,vb.,"manquer, être dépourvu de, être inférieur",16,2024-11-01T08:15:49.825Z
G5303,ὑστέρημα,-τος,n. n.,besoin ; ce qui manque ; ce qui reste ; pénurie,9,
G5304,ὑστέρησις,-εως,n. f.,"indigence, dénuement, privation",2,
G5306,ὕστερος,"-α, -ον",adj.,dernier,12,
G5307,ὑφαντός,"-ή, -όν",adj.,tissé d’une pièce,1,
G5308,ὑψηλός,"-ή, -όν",adj.,élevé ; haut ; ce qui est haut estimé,11,
G5309,ὑψηλοφρονέω,,vb.,s’enorgueillir,1,
G5310,ὕψιστος,"-η, -ον",adj.,"très haut, très élevé",13,
G5311,ὕψος,-ους,n. m.,élévation ; en haut ; hauteur,6,
G5312,ὑψόω,,vb.,"élever, exalter",20,2024-11-01T08:15:49.825Z
G5313,ὕψωμα,-τος,n. n.,"hauteur, chose élevée",2,
G5314,φάγος,-ου,n. m.,"mangeur, glouton, gourmand",2,
G5315,φαγεῖν,fut. φάγομαι ; aor. ἔφαγον ; inf. φαγεῖν,vb.,manger ; dévorer,92,
G5316,φαίνω,fut. pass. φανήσομαι ; aor. pass. ἐφάνην ; subj. φανῶ ; fut. moy. 3sg. φανεῖται ; aor. subj. 3sg. φάνῃ,vb.,"apparaître, briller",31,2024-11-01T08:15:49.825Z
G5317,Φάλεκ,,n. pr. m.,Phalek (Peleg) = «division»,1,
G5318,φανερός,"-ά, -όν",adj.,"apparent, manifeste, évident, connu, reconnu manifesté",18,2024-11-01T08:15:49.825Z
G5319,φανερόω,,vb.,"apparaître, être découvert",49,2024-11-01T08:15:49.825Z
G5320,φανερῶς,,adv.,"ouvertement, manifestement, visiblement, clairement, publiquement",3,
G5321,φανέρωσις,-εως,n. f.,"manifestation, de rendre visible",2,
G5322,φανός,-οῦ,n. f.,lanterne,1,
G5323,Φανουήλ,,n. pr. m.,Phanuel = «la face de Dieu»,1,
G5324,φαντάζω,,vb.,"paraître, être exposé, visible",1,
G5325,φαντασία,-ας,n. f.,"pompe, faste, déploiement de magnificence, apparat",1,
G5326,φάντασμα,-τος,n. n.,fantôme,2,
G5327,φάραγξ,-αγγος,n. f.,"vallée, ravin, gorge",1,
G5328,Φαραώ,,n. pr.,Pharaon,5,
G5329,Φάρες,,n. pr. m.,Pharès (Pharez) = «une brèche»,3,
G5330,Φαρισαῖος,-ου,n. pr.,Pharisien,97,2024-11-01T08:15:49.825Z
G5331,φαρμακεία,-ας,n. f.,magie,2,
G5333,φάρμακος,-ου,n. f.,"magicien, des drogues",3,
G5334,φάσις,-εως,n. f.,"bruit, rumeur",1,
G5335,φάσκω,,vb.,"affirmer, dire, déclarer",3,
G5336,φάτνη,-ης,n. f.,crèche,4,
G5337,φαῦλος,"-η, -ον",adj.,"mal, méchant, bas",6,
G5338,φέγγος,-ους,n. m.,lumière,2,
G5339,φείδομαι,,vb.,épargner ; s’abstenir,10,
G5340,φειδομένως,,adv.,"chichement, avec épargne, parcimonieusement",2,
G5341,φελόνης,,n. m.,manteau de voyage,1,
G5342,φέρω,"fut. οἴσω ; aor. ἤνεγκα ; aor. pass. ἠνέχθην ; inf. ἐνεγκεῖν, ἐνέγκαι ; ptc. ἐνέγκας, ἐνεχθείς",vb.,porter,66,2024-11-01T08:15:49.825Z
G5343,φεύγω,aor. ἔφυγον ; inf. φυγεῖν,vb.,"fuir, s’enfuir, échapper",29,2024-11-01T08:15:49.825Z
G5344,Φῆλιξ,-ικος,n. pr. m.,Félix = «heureux»,9,
G5345,φήμη,-ης,n. f.,"bruit, rumeur, nouvelle, renommée",2,
G5346,φημί,impf. 3sg. ἔφη ; 3pl. φασίν ; 3sg. φησίν,vb.,dire,66,2024-11-01T08:15:49.825Z
G5347,Φῆστος,-ου,n. pr. m.,"Festus (Porcius) = «en fête, joyeux»",13,
G5348,φθάνω,,vb.,arriver ; devancer ; parvenir ; venir,7,
G5349,φθαρτός,"-ή, -όν",adj.,corruptible,6,
G5350,φθέγγομαι,,vb.,"prononcer, faire entendre, s’exprimer",3,
G5351,φθείρω,"fut. φθερῶ ; fut. pass. φθαρήσομαι ; aor. pass. subj. φθαρώ ; 3sg. φθειρεῖ, φθερεῖ",vb.,"corrompre, détruire, périr",9,
G5352,φθινοπωρινός,"-ή, -όν",adj.,de fin d’automne (c.-à-d. sans fruits),1,2025-06-16T14:55:18.000Z
G5353,φθόγγος,-ου,n. m.,"voix, son musical",2,
G5354,φθονέω,,vb.,"envier, être jaloux",1,2024-11-01T08:15:49.825Z
G5355,φθόνος,-ου,n. m.,"envie, mécontentement, jalousie",9,
G5356,φθορά,-ᾶς,n. f.,"corruption, destruction, perte",9,
G5357,φιάλη,-ης,n. f.,"coupe, bol, coupe profonde",12,
G5358,φιλάγαθος,-ον,adj.,"aimant le bien, ami du bien",1,
G5359,Φιλαδέλφεια,-ας,n. pr. f.,Philadelphie = «amour fraternel»,2,
G5360,φιλαδελφία,-ας,n. f.,amour fraternel,6,
G5361,φιλάδελφος,-ον,adj.,fraternel,1,
G5362,φίλανδρος,,adj.,aimant son mari,1,
G5363,φιλανθρωπία,-ας,n. f.,"amour envers les hommes, sentiment d’amour",2,
G5364,φιλανθρώπως,,adv.,"avec humanité, avec bienveillance, avec bonté",1,
G5365,φιλαργυρία,-ας,n. f.,"amour de l’argent, avarice",1,
G5366,φιλάργυρος,-ον,adj.,"avare, ami de l’argent",2,
G5367,φίλαυτος,-ον,adj.,égoïste,1,
G5368,φιλέω,,vb.,aimer,25,2024-11-01T08:15:49.825Z
G5369,φιλήδονος,-ον,adj.,ami des voluptés,1,
G5370,φίλημα,-τος,n. n.,"baiser, action d’embrasser",7,
G5371,Φιλήμων,-ονος,n. pr. m.,"Philémon = «attentionné, qui embrasse»",1,
G5372,Φίλητος,-ου,n. pr. m.,"Philète = «bien-aimé, digne d’amour»",1,
G5373,φιλία,-ας,n. f.,"amitié, sentiment d’affection",1,
G5374,Φιλιππήσιος,-ου,adj.,"Philippien, en macédoine",1,
G5375,Φίλιπποι,-ων,n. pr. m.,Philippes = «appartenant à Philippe»,4,
G5376,Φίλιππος,-ου,n. pr. m.,Philippe = «aimant les chevaux»,36,2024-11-01T08:15:49.825Z
G5377,φιλόθεος,-ον,adj.,"ami de dieu, qui aime dieu",1,
G5378,Φιλόλογος,-ου,n. pr. m.,"Philologue = «amateur de paroles, de savoir»",1,
G5379,φιλονεικία,-ας,n. f.,"contestation, dispute, querelle",1,
G5380,φιλόνεικος,-ον,adj.,"être un contestataire, être un disputeur",1,
G5381,φιλοξενία,-ας,n. f.,hospitalité,2,
G5382,φιλόξενος,-ον,adj.,hospitalier,3,
G5383,φιλοπρωτεύω,,vb.,aimer à être le premier,1,
G5384,φίλος,"-η, -ον",adj.,"amical, aimé",29,2024-11-01T08:15:49.825Z
G5385,φιλοσοφία,-ας,n. f.,philosophie,1,
G5386,φιλόσοφος,-ου,n. m.,philosophe,1,
G5387,φιλόστοργος,-ον,adj.,"plein d’affection, tendre",1,
G5388,φιλότεκνος,-ον,adj.,"aimant ses enfants, affectionnant ses enfants",1,
G5389,φιλοτιμέομαι,,vb.,"s’appliquer, s’appliquer avec ardeur, s’étudier, s’efforcer",3,
G5390,φιλοφρόνως,,adv.,"avec beaucoup de bonté, amicalement, d’une manière affable",1,
G5392,φιμόω,,vb.,"avoir la bouche fermée, réduire au silence, se taire, emmuseler",8,2024-11-01T08:15:49.825Z
G5393,Φλέγων,-οντος,n. pr. m.,"Phlégon = «brûlant, mordant»",1,
G5394,φλογίζω,,vb.,"enflammer, allumer, embraser",2,
G5395,φλόξ,φλογός,n. f.,la flamme,7,2025-10-23T12:56:53.654Z
G5396,φλυαρέω,,vb.,accuser faussement,1,2025-10-23T12:58:20.262Z
G5397,φλύαρος,-ον,adj.,"causeur, bavard, commère",1,
G5398,φοβερός,"-ά, -όν",adj.,"terrible, terrifiant",3,
G5399,φοβέω,,vb.,"être effrayé, avoir peur",95,2024-11-01T08:15:49.825Z
G5400,φόβητρον,-ου,n. m.,"sujet d’épouvantement, objets, phénomènes, manifestations, prodiges terrifiants",1,
G5401,φόβος,-ου,n. m.,"peur, crainte, terreur",47,2024-11-01T08:15:49.825Z
G5402,Φοίβη,-ης,n. pr. f.,"Phoebé = «radieuse, pure, brillante»",1,
G5403,Φοινίκη,-ης,n. pr. f.,Phénicie = «pays du palmier»,3,
G5404,φοῖνιξ,-ικος,n. f.,"palme, palmier, palme, palmier",2,
G5405,Φοῖνιξ,-ικος,n. pr. m.,Phénix = «palmier»,1,
G5406,φονεύς,-έως,n. f.,meurtrier,7,
G5407,φονεύω,,vb.,mettre à mort ; tuer,12,
G5408,φόνος,-ου,n. m.,"meurtre, mort",10,
G5409,φορέω,,vb.,"porter, être revêtu",5,
G5410,Φόρον,Ἀππίου Φόρου,n. m.,Forum = «place du marché»,1,
G5411,φόρος,-ου,n. m.,"tribut, taxe, impôt",5,
G5412,φορτίζω,,vb.,charger d’un fardeau,2,
G5413,φορτίον,-ου,n. m.,fardeau,6,
G5415,Φορτουνᾶτος,-ου,n. pr. m.,"Fortunatus = «bien chargé, fortuné, heureux»",1,
G5416,φραγέλλιον,-ου,n. m.,fouet,1,
G5417,φραγελλόω,,vb.,fouetter,2,
G5418,φραγμός,-οῦ,n. f.,"haie, clôture, mur",4,
G5419,φράζω,,vb.,expliquer,1,2024-11-01T08:15:49.825Z
G5420,φράσσω,fut. pass. φραγήσομαι ; aor. pass. subj. φραγῶ,vb.,"fermer, prévenir, réduire au silence, interdire",3,
G5421,φρέαρ,-ατος,n. n.,puits,7,
G5422,φρεναπατάω,,vb.,"séduire, tromper, duper",1,
G5423,φρεναπάτης,-ου,n. m.,"séducteur, trompeur",1,
G5424,φρήν,φρενός,n. f.,"entendement, esprit, intelligence",2,
G5425,φρίσσω,,vb.,"frissonner, frémir, craindre extrêmement",1,
G5426,φρονέω,,vb.,penser,26,2024-11-01T08:15:49.825Z
G5427,φρόνημα,-τος,n. n.,pensée,4,
G5428,φρόνησις,-εως,n. f.,"intelligence, sagesse pratique, prudence, pensée",2,
G5429,φρόνιμος,-ον,adj.,intelligent ; prudent ; sage,14,
G5430,φρονίμως,,adv.,"prudemment, avec sagesse pratique, de manière avisée",1,
G5431,φροντίζω,,vb.,"s’appliquer, prendre soin",1,
G5432,φρουρέω,,vb.,garder,4,2024-11-01T08:15:49.825Z
G5433,φρυάσσομαι,,vb.,"déchaîner, s’agiter, s’enrager",1,
G5434,φρύγανον,-ου,n. m.,"branche sèche, bois mort",1,
G5435,Φρυγία,-ας,n. pr. f.,"Phrygie = «sec, stérile»",3,
G5436,Φύγελλος,-ου,n. pr. m.,Phygelle = «un petit fugitif»,1,
G5437,φυγή,-ῆς,n. f.,fuite,1,
G5438,φυλακή,-ῆς,n. f.,"une garde, une veille, une prison",46,2024-11-01T08:15:49.825Z
G5439,φυλακίζω,,vb.,"mettre en prison, emprisonner",1,
G5440,φυλακτήριον,-ου,n. m.,phylactère,1,
G5441,φυλακτήριος,-ακος,n. f.,"garde, gardien, surveillant",3,
G5442,φυλάσσω,,vb.,garder,31,2024-11-01T08:15:49.825Z
G5443,φυλή,-ῆς,n. f.,"une tribu, une race, une nation, un peuple",31,2024-11-01T08:15:49.825Z
G5444,φύλλον,-ου,n. m.,"feuille, et généralement verte",6,
G5445,φύραμα,-τος,n. n.,pâte ; masse (d'argile),5,2025-02-27T09:24:42.000Z
G5446,φυσικός,"-ή, -όν",adj.,"naturel, animal",3,
G5447,φυσικῶς,,adv.,naturellement,1,
G5448,φυσιόω,,vb.,"enfler, boursoufler, gonfler",7,
G5449,φύσις,-εως,n. f.,espèce ; nature,14,
G5450,φυσίωσις,-εως,n. f.,"enflure d’orgueil, vanité, arrogance",1,
G5451,φυτεία,-ας,n. f.,plante,1,
G5452,φυτεύω,,vb.,planter,11,
G5453,φύω,aor. pass. ptc. neut. φυέν,vb.,"bourgeonner, croître, germer",3,
G5454,φωλεός,-οῦ,n. f.,"tanière, habitation du renard",2,
G5455,φωνέω,,vb.,appeler,43,2024-11-01T08:15:49.825Z
G5456,φωνή,-ῆς,n. f.,"un son, un ton, une voix, parole",138,2024-11-01T08:15:49.825Z
G5457,φῶς,φωτός,n. n.,lumière,73,2024-11-01T08:15:49.825Z
G5458,φωστήρ,-ῆρος,n. f.,"luminaire, source de lumière",2,
G5459,φωσφόρος,-ου,adj.,étoile du matin,1,2024-11-01T08:15:49.825Z
G5460,φωτεινός,"-ή, -όν",adj.,"lumineux, éclairé, plein de lumière",5,
G5461,φωτίζω,,vb.,éclairer ; faire briller la lumière ; faire luire ; mettre en lumière,11,
G5462,φωτισμός,-οῦ,n. f.,"lumière brillante, resplendissement",2,
G5463,χαίρω,fut. χαρήσομαι ; aor. pass. ἐχάρην ; inf. χαρῆναι,vb.,"se réjouir, être heureux",74,2024-11-01T08:15:49.825Z
G5464,χάλαζα,-ης,n. f.,grêle,4,
G5465,χαλάω,,vb.,descendre ; dévaler ; lâcher,7,
G5466,Χαλδαῖος,-ου,adj.,Chaldéen = «comme des briseurs de mottes»,1,
G5467,χαλεπός,"-ή, -όν",adj.,"fâcheux, difficile, éprouvant, violent",2,
G5468,χαλιναγωγέω,,vb.,"tenir en bride, empêcher d’agir, retenir",2,
G5469,χαλινός,-οῦ,n. f.,mors,2,
G5470,χάλκεος,"-ῆ, -οῦν",adj.,"d’airain, fabriqué en airain",1,
G5471,χαλκεύς,-έως,n. f.,ouvrier en cuivre,1,
G5472,χαλκηδών,-όνος,n. f.,calcédoine,1,
G5473,χαλκίον,-ου,n. m.,"vase d’airain, plat, récipient d’airain",1,
G5474,χαλκολίβανος,"-ου, χαλκολίβανος, -ου",n. m.,airain brillant,2,
G5475,χαλκός,-οῦ,n. f.,monnaie,5,
G5476,χαμαί,,adv.,"en terre, sur le sol, par terre",2,
G5477,Χαναάν,,n. pr.,Canaan = «terre basse»,2,
G5478,Χανααναῖος,"-α, -ον",adj.,Cananéen,1,
G5479,χαρά,-ᾶς,n. f.,"joie, réjouissance",59,2024-11-01T08:15:49.825Z
G5480,χάραγμα,-τος,n. n.,"marque, empreinte, œuvre sculptée",8,
G5481,χαρακτήρ,-ῆρος,n. f.,empreinte,1,2024-11-01T08:15:49.825Z
G5482,χάραξ,-ακος,n. f.,"tranchée, rempart",1,
G5483,χαρίζω,,vb.,"donner gratuitement, faire cadeau",23,2024-11-01T08:15:49.825Z
G5484,χάριν,,prép.,"(+G, gén. ap. le mot qu'il gouverne) en faveur de, pour, à cause de",9,2025-07-10T14:58:58.000Z
G5485,χάρις,-ιτος,n. f.,"grâce, remerciement, action de grâce, récompense",154,2024-11-01T08:15:49.825Z
G5486,χάρισμα,-τος,n. n.,don de grâce,17,
G5487,χαριτόω,,vb.,"combler de grâce, gratifier",2,2026-08-29T13:32:33.240Z
G5488,Χαρράν,,n. pr.,"Charran (Charan, Haran) = «un montagnard»",2,
G5489,χάρτης,-ου,n. m.,papier,1,
G5490,χάσμα,-τος,n. n.,"gouffre, ouverture béante, abîme",1,
G5491,χεῖλος,-ους,n. m.,"lèvre, rivage",7,
G5492,χειμάζω,,vb.,battre par la tempête,1,
G5493,χείμαρρος,-ου,n. f.,torrent,1,
G5494,χειμών,-ῶνος,n. f.,"hiver, orage, tempête",6,
G5495,χείρ,χειρός,n. f.,main,177,2024-11-01T08:15:49.825Z
G5496,χειραγωγέω,,vb.,conduire par la main,2,
G5497,χειραγωγός,-οῦ,n. f.,"quelqu’un qui conduit par la main, guide",1,
G5498,χειρόγραφος,-ου,n. n.,"obligation, ordre écrit, nécessité, exigence",1,
G5499,χειροποίητος,-ον,adj.,"qui est fait de main, fabriqué par l’homme",6,
G5500,χειροτονέω,,vb.,"choisir, nommer, désigner",2,
G5501,χείρων,"-ον, -ονος",adj.,pire,11,2024-11-01T08:15:49.825Z
G5502,χερουβίμ,Χερουβίν/Χερουβείν,n. pr.,chérubin,1,2024-11-01T08:15:49.825Z
G5503,χήρα,-ας,n. f.,la veuve,26,2024-11-01T08:15:49.825Z
G5504,χθές,,adv.,hier,3,
G5505,χιλιάς,-άδος,n. f.,"millier, nombre d’environ mille",23,
G5506,χιλίαρχος,-ου,n. m.,chilliarque,21,
G5507,χίλιοι,"-αι, -α",adj.,"mille, un nombre",11,
G5508,Χίος,-ου,n. pr. f.,Chios = «neigeux»,1,
G5509,χιτών,-ῶνος,n. f.,"tunique, vêtement (de dessous)",11,2025-07-18T15:29:32.935Z
G5510,χιών,-όνος,n. f.,neige,2,
G5511,χλαμύς,-ύδος,n. f.,chlamyde,2,
G5512,χλευάζω,,vb.,"se moquer, mépriser, se railler",1,
G5513,χλιαρός,"-ά, -όν",adj.,tiède,1,2024-11-01T08:15:49.825Z
G5514,Χλόη,-ης,n. pr. f.,Chloé = «une herbe verte»,1,
G5515,χλωρός,"-ά, -όν",adj.,vert ; livide ; verdure,4,
G5517,χοϊκός,"-ή, -όν",adj.,"fait de terre, poussière",4,
G5518,χοῖνιξ,-ικος,n. f.,mesure,2,
G5519,χοῖρος,-ου,n. m.,"pourceau, cochon, porc",12,
G5520,χολάω,,vb.,"être irrité, être fâché",1,
G5521,χολή,-ῆς,n. f.,fiel,2,
G5522,χόος,,n. m.,poussière,2,
G5523,Χοραζίν,,n. pr.,Chorazin = «une fournaise de fumée»,2,
G5524,χορηγέω,,vb.,"fournir, pourvoir, donner",2,
G5525,χορός,-οῦ,n. f.,danse,1,
G5526,χορτάζω,,vb.,rassasier ; remplir son ventre,16,
G5527,χόρτασμα,-τος,n. n.,nourriture pour les humains ou les troupeaux,1,
G5528,χόρτος,-ου,n. m.,foin ; herbe ; tige,15,
G5529,Χουζᾶς,-ᾶ,n. pr. m.,Chuza = «le voyant»,1,
G5530,χράομαι,impv. χρῶ ; aor. impv. χρῆσαι,vb.,employer ; traiter ; user,11,2026-02-19T09:48:30.383Z
G5531,χράω,,vb.,prêter,1,
G5532,χρεία,-ας,n. f.,le besoin,49,2024-11-01T08:15:49.825Z
G5533,χρεωφειλέτης,-ου,n. m.,débiteur,2,
G5534,χρή,,vb.,"il faut, il convient",1,
G5535,χρῄζω,,vb.,avoir besoin,5,
G5536,χρῆμα,-τος,n. n.,"biens, richesses",6,
G5537,χρηματίζω,,vb.,"avertir divinement, instruire",9,
G5538,χρηματισμός,-οῦ,n. f.,réponse divine,1,
G5539,χρήσιμος,"-η, -ον",adj.,"profit, utilité",1,
G5540,χρῆσις,-εως,n. f.,"usage, rapport, relation",2,
G5541,χρηστεύομαι,,vb.,"être plein de bonté, rendre service",1,
G5542,χρηστολογία,-ας,n. f.,"douce parole, belle parole, langage doucereux",1,
G5543,χρηστός,"-ή, -όν",adj.,"bonté, bonne qualité, bienfaisance",7,
G5544,χρηστότης,-ητος,n. f.,"bienveillance, bonne qualité, d’où bonté, obligeance",10,
G5545,χρῖσμα,-τος,n. n.,onction,3,
G5546,Χριστιανός,-οῦ,n. pr.,chrétien,3,
G5547,Χριστός,-οῦ,n. pr.,"Christ = «oint», le messie",529,2024-11-01T08:15:49.825Z
G5548,χρίω,,vb.,oindre,5,
G5549,χρονίζω,,vb.,"tarder, prendre son temps",5,
G5550,χρόνος,-ου,n. m.,le temps,53,2024-11-01T08:15:49.825Z
G5551,χρονοτριβέω,,vb.,"dépenser son temps, perdre du temps, s’attarder",1,
G5552,χρύσεος,,adj.,"d’or, fait d’or",18,
G5553,χρυσίον,-ου,n. m.,or,11,2024-11-01T08:15:49.825Z
G5554,χρυσοδακτύλιος,-ον,adj.,qui porte un ou des anneaux d’or aux doigts,1,
G5555,χρυσόλιθος,-ου,n. m.,chrysolithe,1,2024-11-01T08:15:49.825Z
G5556,χρυσόπρασος,-ου,n. m.,"chrysoprase, pierre précieuse",1,
G5557,χρυσός,-οῦ,n. f.,or,9,2024-11-01T08:15:49.825Z
G5558,χρυσόω,,vb.,parer,2,
G5559,χρώς,χρωτός,n. f.,"corps, surface du corps, peau",1,
G5560,χωλός,"-ή, -όν",adj.,"boiteux, estropié",14,
G5561,χώρα,-ας,n. f.,la campagne,28,2024-11-01T08:15:49.825Z
G5562,χωρέω,,vb.,aller ; avoir une entrée ; se trouver de place ; venir ; recevoir ; contenir,10,
G5563,χωρίζω,,vb.,"séparer, diviser ; partir",13,2024-12-19T11:21:50.000Z
G5564,χωρίον,-ου,n. m.,champ ; lieu ; domaine ; terre,10,
G5565,χωρίς,,prép.,outre ; sans,40,
G5566,χῶρος,-ου,n. f.,nord-ouest,1,
G5567,ψάλλω,fut. ψαλῶ,vb.,"chanter, chanter des cantiques, dire une hymne, psalmodier",5,
G5568,ψαλμός,-οῦ,n. f.,psaume,7,
G5569,ψευδάδελφος,-ου,n. m.,"faux frère, sans l’être véritablement",2,
G5570,ψευδαπόστολος,-ου,n. m.,faux apôtre,1,
G5571,ψευδής,-ές,adj.,"faux, menteur, trompeur",3,
G5572,ψευδοδιδάσκαλος,-ου,n. m.,"faux docteur, faux enseignant",1,
G5573,ψευδολόγος,-ου,adj.,"qui dit des mensonges, qui trompe",1,
G5574,ψεύδομαι,,vb.,"mentir, commettre le mensonge",12,
G5575,ψευδομάρτυρ,,n. m.,faux témoin,2,
G5576,ψευδομαρτυρέω,,vb.,dire de faux témoignages,5,
G5577,ψευδομαρτυρία,-ας,n. f.,faux témoignage,2,
G5578,ψευδοπροφήτης,-ου,n. m.,faux prophète,11,2024-11-01T08:15:49.825Z
G5579,ψεῦδος,-ους,n. n.,mensonge,10,
G5580,ψευδόχριστος,-ου,n. m.,faux christ,2,
G5581,ψευδώνυμος,-ον,adj.,"faussement nommé, soi-disant, prétendu",1,
G5582,ψεῦσμα,-τος,n. n.,"mensonge, fausseté",1,
G5583,ψεύστης,-ου,n. m.,menteur,10,
G5584,ψηλαφάω,"aor. opt. 3sg. ψηλαφήσειεν ; 3pl. -σειαν, -σαιεν, -σαισαν",vb.,"toucher en tâtonnant, sentir physiquement",4,
G5585,ψηφίζω,,vb.,"calculer, compter",2,
G5586,ψῆφος,-ου,n. m.,"caillou, pierre, fragment de roche",3,
G5587,ψιθυρισμός,-οῦ,n. f.,"insinuation, dénigrement",1,
G5588,ψιθυριστής,-οῦ,n. f.,"délateur, dénonciateur",1,
G5589,ψιχίον,-ου,n. m.,"miette, petite parcelle",2,
G5590,ψυχή,-ῆς,n. f.,"le souffle, l’âme",102,2024-11-01T08:15:49.825Z
G5591,ψυχικός,"-ή, -όν",adj.,"naturel, charnel, physique",6,2025-07-17T14:32:47.182Z
G5592,ψῦχος,-ους,n. n.,"froid, absence de chaleur",3,
G5593,ψυχρός,"-ά, -όν",adj.,"froid, insensible, sans chaleur",4,
G5594,ψύχω,,vb.,refroidir,1,
G5595,ψωμίζω,,vb.,"donner à manger, alimenter",2,
G5596,ψωμίον,-ου,n. m.,"morceau, fragment, bout",4,
G5597,ψώχω,,vb.,"froisser, frotter",1,
G5598,Ὦ,,n.,Oméga,3,
G5599,ὦ,,interj.,Ô!,17,2024-11-01T08:15:49.825Z
G5601,Ὠβήδ,,n. pr. m.,Obed (ou Jobed) = «qui sert (Dieu)»,3,
G5602,ὧδε,,adv.,ici,61,2024-11-01T08:15:49.825Z
G5603,ᾠδή,-ῆς,n. f.,"cantique, chant en général, plus spécifiquement",7,
G5604,ὠδίν,-ῖνος,n. f.,"douleur, souffrance physique, peine",4,
G5605,ὠδίνω,,vb.,souffrir les douleurs de l'enfantement,3,2024-11-01T08:15:49.825Z
G5606,ὦμος,-ου,n. f.,épaule,2,
G5608,ὠνέομαι,,vb.,acheter,1,
G5609,ᾠόν,-οῦ,n. n.,œuf,1,
G5610,ὥρα,-ας,n. f.,"heure, moment",106,2024-11-01T08:15:49.825Z
G5611,ὡραῖος,"-α, -ον",adj.,beau,4,
G5612,ὠρύομαι,,vb.,rugir,1,
G5613,ὡς,,prép.,comme,501,2024-11-01T08:15:49.825Z
G5614,ὡσαννά,,hébr. / interj.,"Hosanna = «sauve, maintenant!»",6,2024-11-01T08:15:49.825Z
G5615,ὡσαύτως,,adv.,"de la même manière, de même",17,
G5616,ὡσεί,,prép.,"environ, presque, à peu près",20,
G5617,Ὡσηέ,,n. pr. m.,Osée (Hosea) = «salut»,1,
G5618,ὥσπερ,,conj.,"de même façon que, de même que",36,2024-11-01T08:15:49.825Z
G5619,ὡσπερεί,,conj.,comme si,1,
G5620,ὥστε,,conj.,"de manière à, de sorte que, si bien que, donc, ainsi, en conséquence",83,2024-11-01T08:15:49.825Z
G5621,ὠτίον,-ου,n. m.,"oreille, organe de l’ouïe",3,
G5622,ὠφέλεια,-ας,n. f.,"profit, bénéfice, intérêt",2,
G5623,ὠφελέω,,vb.,être profitable ; gagner ; avoir un profit ; servir ; tirer profit,15,
G5624,ὠφέλιμος,-ον,adj.,"utile, avantageux, profitable",4,
G6000,ἀγγέλλω,,vb.,annoncer ; rapporter ; proclamer,1,2025-02-21T10:52:49.855Z
G6001,ἄγγος,,n. n.,vase ; récipient ; pot,1,2025-02-21T10:52:49.855Z
G6002,Ἀδμίν,,n. pr. m.,Admin,1,2025-02-21T10:52:49.855Z
G6003,ἀθροίζω,,vb.,rassembler ; réunir ; assembler,1,2025-02-21T10:52:49.855Z
G6005,ἀμφιέζω,,vb.,vêtir ; habiller ; revêtir,1,2025-02-21T10:52:49.856Z
G6006,ἀμφιβάλλω,,vb.,jeter autour ; entourer ; lancer un filet,1,2025-02-21T10:52:49.856Z
G6007,ἄμωμον,,n. m.,sans tache ; irréprochable ; pur,1,2025-02-21T10:52:49.856Z
G6008,ἀναπηδάω,,vb.,bondir ; sauter en avant,1,2025-02-21T10:52:49.856Z
G6011,βελόνη,,n. f.,aiguille ; pointe,1,2025-02-21T10:52:49.856Z
G6013,γένημα,,n. n.,fruit ; production ; récolte,4,2025-02-21T10:52:49.856Z
G6015,δέος,,n. m.,crainte ; frayeur ; effroi,1,2025-02-21T10:52:49.856Z
G6016,διακαθαίρω,,vb.,purifier complètement ; nettoyer,1,2025-02-21T10:52:49.856Z
G6017,διαχλευάζω,,vb.,se moquer ; railler,1,2025-02-21T10:52:49.856Z
G6018,διενθυμέομαι,,vb.,réfléchir profondément ; méditer,1,2025-02-21T10:52:49.856Z
G6020,δοκιμασία,,n. f.,épreuve ; test ; examen,1,2025-02-21T10:52:49.857Z
G6022,δυσφημέω,,vb.,calomnier ; diffamer ; médire,1,2025-02-21T10:52:49.857Z
G6027,ἐκζήτησις,,n. f.,"ἐκζήτησις recherches inutiles, spéculations",1,2026-08-29T13:32:33.240Z
G6030,ἐκπηδάω,,vb.,s'élancer ; bondir hors,1,2025-02-21T10:52:49.857Z
G6031,ἐλεγμός,,n. m.,réprimande ; reproche,1,2025-02-21T10:52:49.857Z
G6032,ἐμπαιγμονή,,n. f.,moquerie ; dérision,1,2025-02-21T10:52:49.857Z
G6033,ἔνθεν,,adv.,d'ici ; de là,2,2025-02-21T10:52:49.856Z
G6034,ἐνορκίζομαι,,vb.,adjurer ; faire prêter serment,1,2025-02-21T10:52:49.856Z
G6035,ἐπάρατος,,adj.,maudit ; exécrable,1,2025-02-21T10:52:49.856Z
G6036,ἐπεισέρχομαι,,vb.,entrer soudainement ; survenir,1,2025-02-21T10:52:49.856Z
G6037,ἐπισπείρω,,vb.,semer par-dessus ; ensemencer encore,1,2025-02-21T10:52:49.856Z
G6041,ζηλεύω,,vb.,être jaloux ; envier ; désirer ardemment,1,2025-02-21T10:52:49.856Z
G6043,Ἰωδά,,n. pr. m.,Joda,1,2025-02-21T10:52:49.856Z
G6044,Ἰωσήχ,,n. pr. m.,Josech,1,2025-02-21T10:52:49.856Z
G6045,καθώσπερ,,conj.,comme ; de même que,1,2025-02-21T10:52:49.856Z
G6046,καταβαρύνω,,vb.,accabler ; alourdir,1,2025-02-21T10:52:49.856Z
G6048,καταδίκη,,n. f.,condamnation ; sentence,1,2025-02-21T10:52:49.856Z
G6050,κατευλογέω,,vb.,bénir pleinement ; louer,1,2025-02-21T10:52:49.856Z
G6052,κατοικίζω,,vb.,établir ; installer ; faire habiter,1,2025-02-21T10:52:49.856Z
G6053,κατωτέρω,,adv.,plus bas ; inférieur,1,2025-02-21T10:52:49.856Z
G6055,κλινάριον,,n. m.,petit lit ; brancard,1,2025-02-21T10:52:49.856Z
G6058,κρυφαῖος,,adj.,caché ; secret ; dissimulé,2,2025-02-21T10:52:49.856Z
G6059,κυκλεύω,,vb.,encercler ; entourer,1,2025-02-21T10:52:49.856Z
G6061,μύλινος,,adj.,de meule ; en pierre (de moulin),1,2025-02-21T10:52:49.856Z
G6063,εἴδω,,vb.,voir ; percevoir ; comprendre,280,2025-02-21T10:52:49.856Z
G6064,οἰκετεία,,n. f.,maison ; service domestique,1,2025-02-21T10:52:49.856Z
G6065,οἰκοδόμος,,n. m.,constructeur ; bâtisseur,1,2025-02-21T10:52:49.856Z
G6066,ὀλιγοπιστία,,n. f.,petite foi ; manque de foi,1,2025-02-21T10:52:49.856Z
G6068,ὀμίχλη,,n. f.,brume ; brouillard,1,2025-02-21T10:52:49.856Z
G6069,πανταχῆ,,adv.,partout ; de toutes parts,1,2025-02-21T10:52:49.856Z
G6071,περαιτέρω,,adv.,au-delà ; plus loin,1,2025-02-21T10:52:49.856Z
G6072,περιάπτω,,vb.,attacher autour ; enrouler,1,2025-02-21T10:52:49.857Z
G6073,πραϋπαθία,,n. f.,douceur ; mansuétude,1,2025-02-21T10:52:49.857Z
G6074,προπάτωρ,,n. m.,ancêtre ; aïeul,1,2025-02-21T10:52:49.857Z
G6075,προσαίτης,,n. m.,mendiant ; quémandeur,2,2025-02-21T10:52:49.856Z
G6076,προσκλίνω,,vb.,s’incliner ; se prosterner,1,2025-02-21T10:52:49.857Z
G6077,Πύρρος,,n. pr. m.,Pyrrhus,1,2025-02-21T10:52:49.857Z
G6078,πρώτως,,adv.,en premier ; premièrement,1,2025-02-21T10:52:49.857Z
G6079,σιτίον,,n. n.,nourriture ; provision ; grain,1,2025-02-21T10:52:49.857Z
G6080,συγγενίς,,n. f.,parente ; cousine,1,2025-02-21T10:52:49.857Z
G6081,συμπίπτω,,vb.,tomber ensemble ; s'effondrer,1,2025-02-21T10:52:49.857Z
G6083,σύνοιδα,,vb.,être conscient ; savoir avec,1,2025-02-21T10:52:49.857Z
G6085,τρῆμα,,n. n.,trou ; ouverture,1,2025-02-21T10:52:49.858Z
G6090,ὠτάριον,,n. m.,petite oreille,2,2025-02-21T10:52:49.857Z
G6092,ἐκβαίνω,,vb.,sortir ; descendre,1,2025-02-21T10:52:49.857Z
G6094,αὐχέω,,vb.,se vanter ; être fier,1,2025-02-21T10:52:49.857Z
G6095,Ἀρνὶ,,,Arni,1,2025-02-21T10:52:49.857Z
G6897,διαυγής,,adj.,clair ; lumineux ; transparent,1,2025-02-21T10:52:49.857Z
G7013,ἐγκαυχάομαι,,vb.,se glorifier ; se vanter,1,2025-02-21T10:52:49.857Z
G7530,εὖγε,,interj.,bravo ; bien fait,1,2025-02-21T10:52:49.857Z
G9315,συνεπιτίθημι,,,joindre à ; ajouter à,1,2025-02-21T10:52:49.857Z
G9402,ταπεινοφροσύνη,,adj.,humilité ; modestie,1,2025-02-21T10:52:49.857Z
G9577,ὑπόλειμμα,,n. n.,reste ; résidu,1,2025-02-21T10:52:49.858Z
H0001,אָב,,,"père, aïeul, ancêtre",1213,2025-07-17T13:33:06.174Z
H0002,אַב,,,père,9,
H0003,אֵב,,,"fraîcheur, herbe verte, ou verdure",2,
H0004,אֵב,,,"fruit frais, jeune",3,
H0005,אֲבַגְתָא,,,"Abagtha = «heureux, prospère»",1,
H0006,אָבַד,,,se perdre ; périr,184,2025-07-17T13:33:06.174Z
H0007,אֲבַד,,,"périr, s’évanouir, détruire, être détruit",7,
H0008,אֹבֵד,,,destruction,2,
H0009,אֲבֵדָה,,,"une chose perdue, quelque-chose de perdu",4,
H0010,אֲבַדּוֹן,,,"une chose perdue, quelque chose de perdu",1,
H0011,אֲבַדּוֹן,,,"destruction, ruine, abîme",5,2024-11-01T08:15:49.825Z
H0012,אַבְדָ֑ן,,,destruction,1,
H0013,אׇבְדַן,,,destruction,1,
H0014,אָבָה,,,"vouloir, accepter, consentir, obéir",54,
H0015,בָּיַי,,,"supplier, désir ardent",1,
H0016,אֵ֫בֶה,,,"roseau, papyrus, jonc",1,
H0017,אֲבוֹי,,,hélas! Oh! (exclamation de peine – indique désir ou insatisfaction),1,
H0018,אֵבוּס,,,"mangeoire, crèche",3,
H0019,אִבְחָה,,,"abattre, chair, viande, viande abattue",1,
H0020,אֲבַטִּחִים,,,"melon d’eau, fruit égyptien",1,
H0021,אֲבִי,,,Abi = «mon père»,1,
H0022,אֲבִיאֵל,,,Abiel = «Dieu est mon père»,3,
H0023,אֲבִיאָסָף,,,Abiasaph = «mon père a rassemblé»,1,
H0024,אָבִיב,,,"épis, orge jeune",8,
H0026,"אֲבִיגַ֫יִל, אֲבִיגַ֫ל",,,Abigaïl = «mon père est joie»,17,
H0027,אֲבִידָן,,,Abidan = «mon père est juge»,5,
H0028,אֲבִידָע,,,Abida = «père du savoir»,2,
H0029,אֲבִיָּה,,,Abija = «L’Éternel est un père»,25,
H0030,אֲבִיהוּא,,,Abihu = «Dieu est père»,12,
H0031,אֲבִיהוּד,,,Abihud = «père de l’éloge»,1,
H0032,אֲבִיחַ֫יִל,,,Abihaïl = «père de la force»,6,
H0033,אֲבִי הָעֶזְרִי,,,Abiézer = «mon père est secours»,6,
H0034,אֶבְיוֹן,,,"dans le besoin, très pauvre, indigent",61,
H0035,אֲבִיּוֹנָה,,,câpre (baie qui stimule le désir),1,
H0036,אֲבִיטוּב,,,Abithub = «mon père est bonté»,1,
H0037,אֲבִיטָ֑ל,,,Abithal = «mon père est (la) rosée»,2,
H0038,אֲבִיָּם,,,Abijam = «père de la mer»,5,
H0039,אֲבִימָאֵל,,,Abimaël = «mon père est Maël»,2,
H0040,אֲבִימֶ֫לֶךְ,,,Abimélec = «Mélec est père»,67,
H0041,אֲבִינָדָב,,,Abinadab = «père de la générosité»,12,
H0042,אֲבִינֹ֫עַם,,,"Abinoam = «père de douceur, ou de beauté»",4,
H0043,"אֶבְיָסָף, אֲבִיאָסָף",,,Ebjasaph = «mon père a rassemblé»,3,
H0044,אֲבִיעֶ֫זֶר,,,"Abiézer = «père du secours, mon père est un secours»",7,
H0045,אֲבִי־עַלְבוֹן,,,Abi-Albon = «père de force»,2,
H0046,אָבִיר,,,"fort, puissant – utilisé seulement pour décrire Dieu",6,
H0047,אַבִּיר,,,"puissance, vaillance",17,
H0048,אֲבִירָם,,,Abiram = «mon père est exalté»,11,
H0049,אֲבִישַׁג,,,Abischag = «père d’égarement»,5,
H0050,אֲבִישׁוּעַ,,,Abischua (Abishua) = «père de secours»,5,
H0051,אֲבִישׁוּר,,,Abischur = «mon père est un mur»,2,
H0052,אֲבִישַׁי,,,Abischaï = «mon père est Isaï»,25,
H0053,אֲבִישָׁלוֹם,,,Absalom (Abisalom) = «père de la paix»,111,
H0054,אֶבְיָתָר,,,Abiathar = «père de l’abondance»,30,
H0055,אָבַךְ,,,"rouler, tourner",1,
H0056,אָבַל,,,"être en deuil, être désolé",39,2025-07-09T15:08:00.000Z
H0057,אָבֵל,,,deuil,8,
H0059,אָבֵל,,,"Abel = «endroit verdoyant, prairie»",2,
H0060,אֵ֫בֶל,,,deuil,24,
H0061,אֲבָל,,,"vraiment, véritablement, sûrement",11,
H0062,אָבֵל בֵּית מַעֲכָה,,,Abel-Beth-Maaca = «prairie de la maison de Maaca»,12,
H0063,אָבֵל הַשִּׁטִּים,,,Abel-Sittim = «prairie des acacias»,2,
H0064,אָבֵל כְּרָמִים,,,Abel-Keramim = «prairie dans les vignes»,2,
H0065,אָבֵל מְחוֹלָה,,,Abel-Mehola = «prairie de la danse»,6,
H0066,אַבֵל מַיִם,,,Abel-Maïm = «prairie des eaux»,2,
H0067,אָבֵל מִצְרַיִם,,,Abel-Mitsraïm = «prairie de l’Égypte»,2,
H0068,אֶ֫בֶן,,,"pierre, rocher",273,2024-11-01T08:15:49.825Z
H0069,אֶ֫בֶן,,,pierre,8,
H0070,אֹבֶן,,,"roue, disque",2,
H0072,אֶבֶן הָעֵזֶר,,,Ében-Ézer = «pierre du secours»,6,
H0073,אַבְנֵט,,,"gaine, ceinture",9,
H0074,אֲבִינֵר,,,Abner (Abiner) = «père de la lumière»,63,
H0075,אָבַס,,,"nourrir, engraisser",2,
H0076,אֲבַעְבֻּעֹת,,,"ampoules, furoncles",2,2024-11-01T08:15:49.825Z
H0077,אֶ֫בֶץ,,,"Abets = «blancheur, étain»",1,
H0078,אִבְצָן,,,Ibtsan = «blancheur (blanc comme l’étain)»,2,
H0079,אָבַק,,,"lutter, en venir aux prises",2,
H0080,אָבָק,,,poussière,6,
H0081,אֲבָקָה,,,"aromates, poudres aromatiques, poudre",1,
H0082,אָבַר,,,"voler, en battant des ailes",1,
H0083,אֵ֫בֶר,,,aile,3,
H0084,אֶבְרָה,,,aile,4,
H0085,אַבְרָהָם,,,Abraham = «père élevé»,175,
H0086,אַבְרֵךְ,,,(sens douteux) – un cri pour annoncer le char de Joseph,1,
H0087,אַבְרָם,,,Abram = «père élevé»,61,
H0088,אֹבֹת,,,Oboth = «des outres»,4,
H0089,אָגֵא,,,Agué = «fugitif»,1,
H0090,אֲגָג,,,Agag = «flamboyant»,8,
H0091,אֲגָגִי,,,vient d’Agag,5,
H0092,אֲגֻדָּה,,,"bande, reliure, cordes, bandes de soldats",4,
H0093,אֱגוֹז,,,"noix, noyers",1,
H0094,אָגוּר,,,"Agur = «qui rassemble, collectionneur»",1,
H0095,אֲגוֹרָה,,,"payement, pièce, pièce de monnaie",1,
H0096,אֵ֫גֶל,,,"gouttes, réservoir, collecteur d’eau, magasins",1,
H0097,אֶגְלַ֫יִם,,,Églaïm = «double réservoir»,1,
H0098,אֲגַם,,,"mare, bassin troublé",9,
H0099,אָגֵם,,,triste comme de l’eau stagnante,1,
H0100,אַגְמֹן,,,"jonc, roseau",5,
H0101,אַגָּן,,,"bol, coupe, bassin",3,
H0102,אֲגַף,,,"aile (d’une armée), bande, armée, horde",7,
H0103,אָגַר,,,"recueillir, rassembler, récolter",3,
H0104,אִגְּרָא,,,"lettre, missive",3,2024-11-01T08:15:49.825Z
H0105,אֲגַרְטָל,,,"vaisselle, corbeille, sac de cuir, cuvette",2,
H0106,אֶגְרֹף,,,poing,2,
H0107,אִגֶּ֫רֶת,,,"lettre, missive",10,
H0108,אֵד,,,"brume, vapeur",2,
H0109,אָדַב,,,"attrister, affliger, chagriner",1,
H0110,אַדְבְּאֵל,,,Adbeel = «châtié de Dieu»,2,
H0111,אֲדַד,,,Hadad = «puissant»,1,
H0112,אִדּוֹ,,,Iddo = «opportun»,2,
H0113,אָדוֹן,,,"Le Seigneur Dieu, Seigneur de toute la terre",333,
H0114,אַדּוֹן,,,"Addon = «puissant», « fort», «calamité»",1,
H0115,אֲדוֹרַ֫יִם,,,Adoraïm = «double gloire»,1,
H0116,אֱדַ֫יִן,,,"alors, ensuite, depuis ce temps",57,
H0117,אַדִּיר,,,"puissant, majestueux",27,2025-07-17T13:38:54.321Z
H0118,אֲדַלְיָא,,,"Adalia = «ferme, déterminé»",1,
H0119,אָדֹם,,,être de couleur rouge,10,
H0120,אָדָם,,,"homme ; humanité ; Adam = «être humain», «de la terre»",551,2025-07-17T13:41:42.791Z
H0121,אָדָם,,,"homme ; humanité ; Adam = «être humain», «de la terre»",12,2025-07-17T13:41:42.791Z
H0122,אֱדֹם,,,"rouge, roux",9,2024-11-01T08:15:49.825Z
H0123,אֱדוֹם,,,Édom = «rouge»,100,
H0124,אֹ֫דֶם,,,rubis,3,
H0125,אֲדַמְדָּם,,,rougeâtre,6,
H0126,אַדְמָה,,,Adma = «de la terre»,5,
H0127,אֲדָמָה,,,"terrain, terre, sol",225,
H0128,אֲדָמָה,,,"Adama = «la terre, le sol»",1,
H0129,אֲדָמִי,,,Adami = «territoire»,1,
H0130,אֲדֹמִי,,,Édomite,12,
H0131,אֲדֻמִּים,,,Adummim = «terrains rouges»,2,
H0132,אַדְמוֹנִי,,,"rouge, roux",3,2024-11-01T08:15:49.825Z
H0133,אַדְמָתָא,,,Admatha = «un témoignage»,1,
H0134,אֶ֫דֶן,,,"base, piédestal, socle",57,2025-07-17T13:49:41.730Z
H0135,אַדָּן,,,"Addan = «fort, ferme»",1,
H0136,אֲדֹנָי,,,"mon seigneur, Seigneur",440,2025-07-17T13:49:51.996Z
H0137,אֲדֹנִי־בֶ֫זֶק,,,Adoni-Bézek = «mon Seigneur est Bézek»,6,
H0138,אֲדֹנִיָּ֫הוּ,,,Adonija = «Yahvé est seigneur»,26,
H0139,אֲדֹנִי־צֶ֫דֶק,,,Adoni-Tsédek = «mon seigneur est juste»,4,
H0140,אֲדֹנִיקָם,,,Adonikam = «mon seigneur s’est levé»,3,
H0141,אֲדֹנִירָם,,,Adoniram = «le seigneur est exalté»,2,
H0142,אָדַר,,,"être grand, majestueux, sage, noble poétique",3,
H0143,אֲדָר,,,"Adar = «glorieux», « aire», «dieu du feu»",8,
H0144,אֲדָר,,,"Adar = «glorieux», «aire» assyro-babylonien Addaru  sombre, nuageux",1,
H0145,אֶ֫דֶר,,,"gloire, magnificence",2,
H0146,אַדָּר,,,Addar (ou Adar) = «glorieux»,2,
H0147,אִדַּר,,,aire de battage de la moisson,1,
H0148,אֲדַרְגָּזֵר,,,"juge, conseiller",2,
H0149,אַדְרַזְדָּא,,,"correctement, exactement, sérieusement",1,
H0150,אֲדַרְכֹּן,,,"drachme, darique",2,2024-11-01T08:15:49.825Z
H0151,אֲדֹרָם,,,Adoram = «mon Seigneur est exalté»,2,
H0152,אַדְרַמֶּ֫לֶךְ,,,Adrammélec = « (le dieu) Adar est roi»,3,
H0153,אֶדְרַע,,,"fort, force, arme, pouvoir, puissance, violence",1,
H0154,אֶדְרֶ֫עִי,,,Édréi = «bon pâturage»,8,
H0155,אַדֶּ֫רֶת,,,"gloire, magnificence ; manteau",12,2025-06-11T09:55:35.000Z
H0157,אָהֵב,,,"désirer, aimer",211,2025-07-17T13:50:03.754Z
H0158,אַ֫הַב,,,amours (seulement au pluriel),2,
H0159,אֹ֫הַב,,,objet aimé,1,
H0160,אַהֲבָה,,,amour,38,
H0161,אֹ֫הַד,,,Ohad = «puissant»,2,
H0162,אֲהָהּ,,,ah! Malheur! hélas!,15,
H0163,אַהֲוָא,,,Ahava = «Je subsisterai»,3,
H0164,אֵהוּד,,,"contraction de Abihud? éhud = «Je remercierai, je serai loué»",9,
H0165,אֱהִי,,,où,3,
H0166,אָהַל,,,"être clair, briller, brillant",1,
H0167,אָהַל,,,"dresser, lever, déplacer une tente",3,
H0168,אֹ֫הֶל,,,tente,345,
H0169,אֹ֫הֶל,,,Ohel = «tente»,1,
H0170,אׇהֳלָה,,,Ohola = «sa propre tente»,5,
H0171,אׇהֳלִיאָב,,,Oholiab = «la tente du père»,5,
H0172,אׇהֳלִיבָה,,,Oholiba = «la femme de la tente»,6,
H0173,אׇהֳלִיבָמָה,,,Oholibama = «tente du haut lieu»,8,
H0174,אָהָל,,,"aloès (arbre, parfum)",4,
H0175,אַהֲרֹן,,,Aaron = «haut placé ou éclairé»,347,
H0176,אוֹ,,,ou,321,
H0177,אוּאֵל,,,Uel = «volonté de Dieu»,1,
H0178,אוֹב,,,outre en peau pour l’eau,17,
H0179,אוֹבִיל,,,Obil = «conducteur de chameau»,1,
H0180,אוּבַל,,,"courant, fleuve, rivière, ruisseau",3,
H0181,אוּד,,,"tison, braise",3,
H0182,אוֹדָה,,,cause,11,
H0183,אָוָה,,,"désirer, incliner, convoiter, souhaiter, vouloir (nourriture, boisson, appétits corporels)",26,
H0184,אָוָה,,,"signer, marquer, décrire avec une marque",1,
H0185,אַוָּה,,,"désirer, vouloir (pas nécessairement en mal)",7,
H0186,אוּזַי,,,Uzaï = «je serai arrosé»,1,
H0187,אוּזָל,,,Uzal = «je serai inondé»,3,2024-11-01T08:15:49.825Z
H0188,אוֹי,,,malheur! hélas! oh!,24,
H0189,אֱוִי,,,"Évi = «désir, convoitise»",2,
H0190,אוֹיָה,,,malheureux!,1,
H0191,אֱוִיל,,,"être fou, sot",26,
H0192,אֱוִיל מְרֹדַךְ,,,Évil-Merodac = «homme de Merodac»,4,
H0193,אוּל,,,pré éminence,1,
H0194,אוּלַי,,,"peut-être, par hasard",45,
H0195,אוּלַי,,,"Ulaï = «mes chefs (puissants)», «eau boueuse»",2,
H0196,אֱוִלִי,,,"sot, insensé",1,
H0197,אוּלָם,,,"portique, vestibule",34,
H0198,אוּלָם,,,Ulam = «solitaire»,4,
H0199,אוּלָם,,,"mais, mais en effet",19,
H0200,אִוֶּ֫לֶת,,,"folie, sottise",25,
H0201,אוֹמָר,,,Omar = «orateur»,3,
H0202,אוֹן,,,vigueur générant le pouvoir,13,
H0203,אוֹן,,,On = «richesse»,1,
H0204,אֹן,,,On = «lumière»,4,
H0205,אָ֫וֶן,,,"malheur, méchanceté, douleur",77,
H0206,אָ֫וֶן,,,Aven = «vanité»,2,
H0207,אוֹנוֹ,,,Ono = «fort»,5,
H0208,אוֹנָם,,,"Onam = «fort, riche»",4,
H0209,אוֹנָן,,,Onan = «vigoureux»,8,
H0210,אוּפָז,,,Uphaz = « île d’or fin»,2,
H0211,אוֹפִיר,,,Ophir = «débarrassé des cendres»,13,
H0212,אוֹפָן,,,roue,35,
H0213,אוּץ,,,"se presser, être pressé, faire en hâte, être étroit",10,
H0214,אוֹצָר,,,"trésor, magasin de stockage",79,
H0215,אוֹר,,,"(qal) briller, éclairer ; (nif.) être illuminé ; (hif.) luire, briller, illuminer, allumer",43,2025-07-17T13:56:15.920Z
H0216,אוֹר,,,lumière,121,
H0217,אֻרִים,,,"flamme, lumière du feu",6,
H0218,אוּר,,,Ur = «flamme»,5,
H0219,אוֹרָה,,,lumière,4,
H0220,אֲוֵרָה,,,"mangeoire, stalle, étable, crèche",1,
H0221,אוּרִי,,,"Uri = «ardent, lumière»",8,
H0222,אוּרִיאֵל,,,Uriel = «El (Dieu) est ma lumière»,4,
H0223,אוּרִיָּה,,,Urie = «l’Éternel est ma lumière»,39,
H0224,אוּרִים,,,Urim = «lumières»,8,
H0225,אוּת,,,"consentement, être d’accord",4,
H0226,אוֹת,,,"signe, signal",80,
H0227,אָז,,,"alors, en ce temps là",141,
H0228,אֲזָא,,,"rendre chaud, chauffer",3,
H0229,אֶזְבָּ֑י,,,Ezbaï = «humilité »,1,
H0230,אַזְדָּא,,,être parti,2,
H0231,אֵזוֹב,,,une plante utilisée dans des buts médicinaux ou religieux,10,
H0232,אֵזוֹר,,,"vêtement de la taille, élément symbolique le plus important",14,
H0233,אֲזַי,,,"alors, dans ce cas",3,
H0234,אַזְכָּרָה,,,"offrande de souvenir, la portion de nourriture offerte est qui est consumée",7,
H0235,אָזַל,,,Uzal = «va-et-vient»,5,2024-11-01T08:15:49.825Z
H0236,אֲזַל,,,"aller, sortir, se rendre",7,
H0237,אֶזֶל,,,"Ézel = «séparation, départ»",1,
H0238,אָזַן,,,"(hif.) entendre, écouter",41,2025-07-17T14:03:29.931Z
H0239,אָזַן,,,"peser, tester, prouver, considérer",1,
H0240,אָזֵן,,,"outils, armes, bagages",1,
H0241,אֹ֫זֶן,,,oreille,187,2025-07-17T13:58:18.658Z
H0242,אֻזֵּן שֶׁאֱרָה,,,Uzzen-Schééra = «l’oreille de Schééra»,2,
H0243,אַזְנוֹת תָּבוֹר,,,Aznoth-Thabor = «sommets du Thabor»,2,
H0244,אׇזְנִי,,,"Ozni ou Oznite = «attentif, mon oreille (entendre)»",2,
H0245,אֲזַנְיָ֫הוּ,,,Azania = «l’Éternel entend»,1,
H0246,אֲזֵק,,,"chaînes, menottes",2,
H0247,אָזַר,,,"ceinture, équipement, vêtement",16,
H0248,אֶזְרוֹעַ,,,bras,2,
H0249,אֶזְרָח,,,"natif, indigène",17,2025-07-17T14:03:29.931Z
H0250,אֶזְרָחִי,,,"Ezrachite = «un natif (provenant du terroir)», «levé»",3,
H0251,אָח,,,frère,630,
H0252,אַח,,,frère,1,
H0253,אָח,,,"ah!, hélas!, malheur!",3,
H0254,אָח,,,brasier,3,
H0255,אֹחַ,,,animal hurlant,1,
H0256,אַחְאָב,,,Achab = «un frère du père»,93,
H0257,אַחְבָן,,,Achban = «le frère a discerné»,1,
H0258,אָחַד,,,"aller d’un côté ou d’un autre, tranchant",1,
H0259,אֶחָד,,,un,971,2025-10-15T13:41:03.624Z
H0260,אָחוּ,,,"roseaux, joncs",3,
H0261,אֵחוּד,,,Ehud = «unis»,1,
H0262,אַחְוָה,,,déclaration,1,
H0263,אַחֲוָיָה,,,"déclaration, une explication",1,
H0264,אַחֲוָה,,,fraternité,1,
H0265,אֲחוֹחַ,,,Achoach = «frère du repos»,1,
H0266,אֲחוֹחִי,,,Achochite = «frère du repos»,5,
H0267,אֲחוּמַי,,,Achumaï = «frère de l’eau»,1,
H0268,אָחוֹר,,,"le postérieur, la queue",41,
H0269,אָחוֹת,,,sœur,114,
H0270,אָחַז,,,"saisir, prendre, prendre possession",68,
H0271,אָחָז,,,Achaz = «il a soutenu»,42,
H0272,אֲחֻזָּה,,,"possession, propriété",66,
H0273,אַחְזַי,,,Achzaï = «possession»,1,
H0274,אֲחַזְיָ֫הוּ,,,Achazia = «l’Éternel (Yahvé) a soutenu»,37,
H0275,אֲחֻזָּם,,,Achuzzam = «possession»,1,
H0276,אֲחֻזַּת,,,Ahuzath = «possession»,1,
H0277,אֲחִי,,,Achi = «un frère»,2,
H0278,אֵחִי,,,Éhi = «mon frère»,1,
H0279,אֲחִיאָם,,,Achiam = «frère de la mère (oncle)»,2,
H0280,אֲחִידָה,,,"problème, énigme, puzzle",1,
H0281,אֲחִיָּ֫הוּ,,,Achija = «frère de Yahvé»,24,
H0282,אֲחִיהוּד,,,Ahihud = «frère digne de louanges»,1,
H0283,אַחְיוֹ,,,Achjo = «fraternel»,6,
H0284,אֲחִיחֻד,,,Achichud = «frère du mystère»,1,
H0285,אֲחִיטוּב,,,Achithub = «frère de bienveillance»,15,
H0286,אֲחִילוּד,,,Achilud = «frère du fils»,5,
H0287,אֲחִימוֹת,,,Achimoth = «frère de la mort»,1,
H0288,אֲחִימֶ֫לֶךְ,,,Achimélec = «frère d’un roi»,17,
H0289,אֲחִימַן,,,Ahiman = «frère d’un don»,4,
H0290,אֲחִימַ֫עַץ,,,Achimaats = «frère irascible»,15,
H0291,אַחְיָן,,,Achjan = «fraternel»,1,
H0292,אֲחִינָדָב,,,"Achinadab = «frère généreux, libéral, ou noble»",1,
H0293,אֲחִינֹ֫עַם,,,Achinoam = «frère de grâce»,7,
H0294,אֲחִיסָמָךְ,,,Ahisamac = «frère du soutien»,3,
H0295,אֲחִיעֶ֫זֶר,,,Ahiézer = «frère du secours»,6,
H0296,אֲחִיקָם,,,Achikam = «frère de celui qui s’élève»,20,
H0297,אֲחִירָם,,,Achiram = «frère élevé»,1,
H0298,אֲחִירָמִי,,,Achiramites = «frère de la mère (oncle)»,1,
H0299,אֲחִירַע,,,Ahira = «frère du mal»,5,
H0300,אֲחִישָׁ֑חַר,,,Achischachar = «frère de l’aurore»,1,
H0301,אֲחִישָׁר,,,Achischar = «frère d’un chanteur»,1,
H0302,אֲחִיתֹ֫פֶל,,,Achitophel = «frère de la folie»,20,
H0303,אַחְלָב,,,Achlal = «endroit riche et fertile»,1,
H0304,אַחְלָ֑י,,,Achlaï = «Plaise à Dieu!»,2,
H0305,אַחֲלַי,,,Oh! que! ; que ceci arrive!,2,
H0306,אַחְלָ֑מָה,,,améthyste,2,
H0307,אַחְמְתָא,,,Achmetha»,1,2024-11-01T08:15:49.825Z
H0308,אֲחַסְבַּי,,,Achasbaï = «frère de ceux qui m’environnent»,1,
H0309,אָחַר,,,"tarder, s'attarder",17,2025-07-17T14:16:30.770Z
H0310,אַחַר / אַחֲרֵי,,,"après, derrière, ensuite",716,2025-07-18T14:44:46.718Z
H0311,אַחַר / אַחֲרֵי,,,"après, derrière, ensuite",3,2025-07-18T14:44:46.718Z
H0312,אַחֵר,,,"autre, suivant",166,2025-07-17T14:08:45.397Z
H0313,אַחֵר,,,Acher = «un autre»,1,
H0314,אַחֲרוֹן,,,"derrière, suivant, dernier, de l’ouest",51,2025-07-18T14:44:46.718Z
H0315,אַחְרַח,,,Achrach = «un frère suivant»,1,
H0316,אֲחַרְחֵל,,,Acharchel = peut-être «la force a subsisté»,1,
H0317,אׇחֳרִי,,,"autre, un autre",6,
H0318,אׇחֳרֵין,,,"fin, résultat",1,
H0319,אַחֲרִית,,,"dernière partie, fin",61,
H0320,אַחֲרִית,,,"fin, dernier",1,
H0321,אׇחֳרָן,,,"autre, un autre",5,
H0322,אֲחֹרַנִּית,,,"en arrière, reculer, la queue",7,
H0323,אֲחַשְׁדַּרְפַּן,,,satrapes = «gouverneurs du pays»,4,
H0324,אֲחַשְׁדַּרְפְּנִין,,,satrape,9,
H0325,אֲחַשְׁוֵרוֹשׁ,,,Assuérus = «je serai silencieux et pauvre»,31,
H0326,אֲחַשְׁתָּרִי,,,Haahashtari = «je chercherai avec diligence»,1,
H0327,אֲחַשְׁתְּרָן,,,coursier royal,2,
H0328,אַט,,,"douceur, lenteur",6,
H0329,אָטָד,,,Athad = «épine»,6,
H0330,אֵטוּן,,,"toile, fil",1,
H0331,אָטַם,,,"fermer, se taire, clore",8,
H0332,אָטַר,,,fermer,1,
H0333,אָטֵר,,,"Ather = «lié, enfermé»",5,
H0334,אִטֵּר,,,"lié, entravé de la droite, c’est-à-dire gaucher",2,
H0335,אַיֵּה / אַי / אֵי,,,où?,39,2025-07-18T14:51:16.127Z
H0336,אִי,,,"non, pas de",1,
H0337,אִי,,,"hélas!, malheur!",2,
H0338,אִי,,,"bêtes hurlantes, chacals",3,
H0339,אִי,,,"côte, île, rivage, région",36,
H0340,אָיַב,,,"être hostile à, être un ennemi de, traiter comme un ennemi",1,
H0341,אֹיֵב,,,"adversaire, ennemi",283,2025-07-17T13:53:04.754Z
H0342,אֵיבָה,,,"inimitié, haine",5,
H0343,אֵיד,,,"détresse, fardeau, calamité, désastre",24,
H0344,אַיָּה,,,"faucon, autour, vautour, oiseau de proie",3,
H0345,אַיָּה,,,"Ajja = «oiseau de proie, faucon»",6,
H0346,אַיֵּה,,,où?,45,
H0347,אִיּוֹב,,,"Job = «haï, ennemi»",58,
H0348,אִיזֶבֶל,,,Jézabel = «Baal est l’époux»,22,
H0349,אֵיךְ,,,comment? ah! comme!,82,2025-07-18T14:52:46.416Z
H0350,אִי־כָבוֹד,,,I-Kabod = «privé de gloire»,3,
H0351,אֵיכֹה,,,où!,1,
H0352,אַ֫יִל,,,bélier,187,
H0353,אֱיָל,,,force,1,
H0354,אַיָּל,,,"cerf, biche",11,
H0355,אַיָּלָה,,,"daine, femelle du cerf, biche",11,
H0356,אֵלוֹן,,,"Élon = «térébinthe, chêne»",7,
H0357,אַיָּלוֹן,,,Ajalon = «endroit des cerfs»,10,
H0358,אֵילוֹן בֵּית חָנָן,,,Élon Beth-Hanan = «chêne de la maison de grâce»,3,
H0359,"אֵילַת, אֵילוֹת",,,Élath ou Éloth = «bosquet des grands arbres»,8,
H0360,אֱיָלוּת,,,"force, mon secours",1,
H0361,אֵילָם,,,"porche, vestibule, portique",15,
H0362,אֵילִם,,,"Élim = «palmiers, arbres»",6,
H0363,אִילָן,,,arbre,6,
H0364,אֵיל פָּארָן,,,El-Paran = «chêne de Paran»,2,
H0366,אָיֹם,,,"terrible, affreux",3,
H0367,אֵימָה,,,"terreur, crainte",17,
H0368,אֵימִים,,,Émim = «terreurs»,3,
H0369,אַ֫יִן,,,"ne... pas, il n'y a pas",789,2025-07-18T14:54:54.542Z
H0370,אַ֫יִן,,,"où?, avec quoi?",17,
H0371,אִין,,,"n’est-il pas?, n’avez-vous pas?",1,
H0372,אִיעֶזֶר,,,Jézer = «sans secours»,1,
H0373,אִיעֶזְרִי,,,Jézerites = «sans secours»,1,
H0374,אֵיפָה,,,épha,40,
H0375,אֵיפֹה,,,où?,10,
H0376,אִישׁ,,,homme,1663,
H0377,אשׁשׁ,,,"être un homme, montrer sa virilité, champion, grand homme",1,
H0378,אִישׁ־בֹ֫שֶׁת,,,Isch-Boscheth = «homme de honte»,22,
H0379,אִישְׁהוֹד,,,Ischhod = «homme de majesté»,1,
H0380,אִישׁוֹן,,,pupille de l’œil,5,
H0383,אִיתַי,,,"il est, il y a",17,
H0384,אִיתִיאֵל,,,Ithiel = «Dieu est avec moi»,3,
H0385,אִיתָמָר,,,Ithamar = «côte des palmiers»,21,
H0386,אֵיתָן,,,"perpétuel, constant, vivace, intarissable",13,
H0387,אֵיתָן,,,"Éthan = «durable, permanent»",8,
H0388,אֵיתָנִים,,,Éthanim = «pluies constantes»,1,
H0389,אַךְ,,,"en effet, sûrement, mais",161,2025-07-18T14:56:23.626Z
H0390,אַכַּד,,,Accad = «subtil»,1,
H0391,אַכְזָב,,,"trompeur, tricheur, duperie, mensonge, désappointement",2,
H0392,אַכְזִיב,,,Aczib = «trompeur»,4,
H0393,אַכְזָר,,,"cruel, féroce",4,
H0394,אַכְזָרִי,,,"cruel, cruelle",8,
H0395,אַכְזְרִיּוּת,,,"cruauté, férocité, cruel",1,
H0396,אֲכִילָה,,,"nourriture, un repas, viande",1,
H0397,אָכִישׁ,,,Akisch = «je serai noirci (de peur)»,21,
H0398,אָכַל,,,"manger, dévorer, se nourrir",810,
H0399,אֲכַל,,,"manger, dévorer",7,
H0400,אֹ֫כֶל,,,nourriture,43,
H0401,אֻכָל,,,Ucal = «dévoré»,1,
H0402,אׇכְלָה,,,nourriture,18,
H0403,אָכֵן,,,"sûrement, vraiment, en vérité",18,
H0404,אָכַף,,,"presser, prier, exciter",1,
H0405,אֶ֫כֶף,,,"pression, urgence, fardeau",1,
H0406,אִכָּר,,,"laboureur, agriculteur, fermier",7,
H0407,אַכְשָׁף,,,Acschaph = «fascination»,3,
H0408,אַל,,,"non ni, non plus, rien",725,
H0409,אַל,,,"non, pas",4,
H0410,אֵל,,,Dieu,241,2025-07-18T14:58:44.641Z
H0411,אֵל,,,ces,9,
H0412,אֵל,,,ces,1,
H0413,אֶל,,,"à, vers (mouvement)",5515,
H0414,אֵלָא,,,"Éla = «chêne, térébinthe»",1,
H0416,אֵל בֵּית־אֵל,,,El-Béthel = «Le Dieu de la Maison de Dieu»,3,
H0417,אֶלְגָּבִישׁ,,,"grêle, grêlon (lit – perles de Dieu)",3,
H0418,אַלְגּוּמִּים,,,un arbre (du Liban),3,
H0419,אֶלְדָּד,,,Eldad = «Dieu a aimé»,2,
H0420,אֶלְדָּעָה,,,Eldaa = «Dieu a connu»,2,
H0421,אָלָה,,,"se lamenter, gémir, pleurer",1,
H0422,אָלָה,,,jurer,7,
H0423,אָלָה,,,serment,35,
H0424,אֵלָה,,,"térébinthe, chêne",13,
H0425,אֵלָה,,,"Éla = «Un chêne, un térébinthe»",16,
H0426,אֱלָהּ,,,"dieu, Dieu",95,
H0427,אַלָּה,,,chêne,1,
H0428,אֵ֫לֶּה,,,"ceux-ci, celles-ci, ces",746,2025-07-18T15:00:35.232Z
H0429,אֵלֶּה,,,"ceux-ci, celles-ci, ces",1,2025-07-18T15:00:35.232Z
H0430,אֱלֹהִים,,,"Dieu, dieux, juges, divinités, anges",2603,2024-11-01T08:15:49.825Z
H0431,אֲלוּ,,,"voici!, voilà!",5,
H0432,אִלּוּ,,,"si, quoique (contraire d’un fait)",2,
H0433,אֱלֹהַּ,,,Dieu,57,
H0435,אֱלוּל,,,Élul = «néant»,1,
H0436,אֵלוֹן,,,"arbre, grand arbre, chêne, térébinthe",9,
H0437,אַלּוֹן,,,"chêne, grand arbre",8,
H0438,אַלּוֹן,,,Allon = «grand arbre»,2,
H0439,אַלּוֹן בָּכוּת,,,site de la sépulture de Débora près de Béthel,2,
H0440,אֵלֹנִי,,,Élonites = «puissance» ou «térébinthes»,1,
H0441,אַלּוּף,,,"animal apprivoisé, docile",69,
H0442,אָלוּשׁ,,,Alusch (Alush) = «tumulte des hommes»,2,
H0443,אֶלְזָבָד,,,Elzabad = «Dieu a accordé»,2,
H0444,אָלַח,,,être corrompu moralement,3,
H0445,אֶלְחָנָן,,,Elchanan = «Dieu a été miséricordieux»,4,
H0446,אֱלִיאָב,,,Éliab = «Dieu est un père»,21,
H0447,אֱלִיאֵל,,,Éliel = «mon Dieu est Dieu»,10,
H0448,אֳלִיאָ֫תָה,,,Éliatha = «Dieu est venu»,2,
H0449,אֱלִידָד,,,Élidad = «mon Dieu a aimé»,1,
H0450,אֶלְיָדָע,,,Éliada = «Dieu a connu»,4,
H0451,אַלְיָה,,,"croupe, queue, queue grasse",5,
H0452,אֵלִיָּה,,,Élie (Élija) = «mon Dieu est l’Éternel»,71,
H0453,אֱלִיהוּ,,,Élihu = «Il est mon Dieu»,11,
H0454,אֶלְיוֹעֵינַי,,,Eljoénaï = «mes yeux sont tournés vers l’Éternel»,9,
H0455,אֶלְיַחְבָּא,,,"Éliachba = «Dieu cache, protège»",2,
H0456,אֱלִיחֹ֫רֶף,,,Élihoreph = «Dieu de l’hiver»,1,
H0457,אֱלִיל,,,"bon à rien, sans valeur",20,
H0458,אֱלִימֶ֫לֶךְ,,,Élimélec = «L’Éternel est mon roi»,6,
H0459,אִלֵּין,,,"ce, ces",5,
H0460,אֶלְיָסָף,,,Éliasaph = «Dieu a ajouté»,6,
H0461,אֱלִיעֶ֫זֶר,,,Éliézer = «Dieu est un secours»,14,
H0462,אֱלִיעֵינַי,,,Éliénaï = «mes yeux sont sur l’Éternel»,1,
H0463,אֱלִיעָם,,,Éliam = «Dieu du peuple»,2,
H0464,אֱלִיפַז,,,Éliphaz = «Dieu est de l’or fin»,15,
H0465,אֱלִיפָל,,,Éliphal = «mon Dieu est supplication»,1,
H0466,אֱלִיפְלֵ֫הוּ,,,Éliphelé = «Dieu l’a mis à part»,2,
H0467,אֲלִיפֶ֫לֶט,,,Éliphéleth (Elphéleth) = «Dieu est délivrance»,9,
H0468,אֱלִיצוּר,,,Élitsur = «mon Dieu est un rocher»,5,
H0469,אֱלִיצָפָן,,,"Eltsaphan = «Dieu a caché, protégé»",6,
H0470,אֱלִיקָא,,,Élika = «mon Dieu rejette»,1,
H0471,אֶלְיָקִים,,,Éliakim = «celui que Dieu établit»,12,
H0472,אֱלִישֶׁ֫בַע,,,Élischéba = «Dieu du serment»,1,
H0473,אֱלִישָׁה,,,Élischa = «Dieu de celui qui vient»,3,
H0474,אֱלִישׁוּעַ,,,Élischua = «mon Dieu est salut»,2,
H0475,אֶלְיָשִׁיב,,,Éliaschib = «Dieu veut restaurer»,17,
H0476,אֱלִישָׁמָע,,,Élischama = «mon Dieu a entendu»,17,
H0477,אֱלִישָׁע,,,Élisée = «Dieu est sauveur»,58,
H0478,אֱלִישָׁפָט,,,Élischaphath = «mon Dieu a jugé»,1,
H0479,אִלֵּךְ,,,ces,14,
H0480,אַלְלַי,,,malheur! hélas!,2,
H0481,אָלַם,,,lier,9,
H0482,אֵ֫לֶם,,,"en silence, le silence, silencieux",1,
H0483,אִלֵּם,,,"muet, silencieux, incapable de parler",6,
H0484,אַלְמֻגִּים,,,"arbre venant du Liban, sandal, bois de sandal",3,
H0485,אֲלֻמָה,,,gerbe (comme quelque chose de lié),5,
H0486,אַלְמוֹדָד,,,Almodad = «non mesuré»,2,
H0487,אַלַּמֶּלֶךְ,,,Allammélec = «chêne du roi»,1,
H0488,אַלְמָן,,,"veuve, abandonné, abandonné comme une veuve",1,
H0489,אַלְמֹן,,,veuvage,1,
H0490,אַלְמָנָה,,,veuve,56,
H0491,אַלְמָנוּת,,,veuvage,4,
H0492,אַלְמֹנִי,,,"quelqu’un, un certain",3,
H0493,אֶלְנָ֑עַם,,,Elnaam = «Dieu est délice»,1,
H0494,אֶלְנָתָן,,,Elnathan = «Dieu a donné»,7,
H0495,אֶלָּסָר,,,Ellasar = «Dieu est celui qui châtie»,2,
H0496,אֶלְעָד,,,Élead = «Dieu a témoigné»,1,
H0497,אֶלְעָדָה,,,Éleada = «Dieu a orné»,1,
H0498,אֶלְעוּזַי,,,Éluzai = «Dieu est ma force»,1,
H0499,אֶלְעָזָר,,,Éléazar = «Dieu a secouru»,72,
H0500,אֶלְעָלֵא,,,Élealé = «Dieu s’élève»,5,
H0501,אֶלְעָשָׂה,,,Éleasa = «Dieu a fait»,6,
H0502,אָלַף,,,"apprendre, enseigner",4,
H0503,אָלַף,,,reproduire par milliers,1,
H0504,אֶ֫לֶף,,,"bétail, bœufs",7,
H0505,אֶ֫לֶף,,,"un millier, mille",506,2025-07-18T15:04:36.617Z
H0506,אֲלַ֑ף,,,"un millier, mille",4,2025-07-18T15:04:36.617Z
H0507,הָאֶ֫לֶף,,,Eleph = «mille»,1,
H0508,אֶלְפַּ֫עַל,,,Elpaal = «Dieu a agi»,3,
H0509,אָלַץ,,,"prier, importuner",1,
H0510,אַלְקוּם,,,"non, pas, ni, ni l’un ni l’autre",1,
H0511,אֶלְקָנָה,,,Elqana = «Dieu a acquis»,21,2025-07-18T15:05:29.366Z
H0512,אֶלְקֹשִׁי,,,"natif et, ou descendant d’Elkosch",1,
H0513,אֶלְתּוֹלַד,,,Eltholad = «générations de Dieu»,2,
H0514,אֶלְתְּקֵא,,,Eltheké = «laisse Dieu les chasser»,2,
H0515,אֶלְתְּקֹן,,,Elthekon = «Dieu est droit»,1,
H0516,אַל תַּשְׁחֵת,,,"commande pour le chef musicien, ou peut-être titre d’une mélodie utilisée pour plusieurs Psaumes",8,
H0517,אֵם,,,"mère, aïeule",220,2025-07-18T15:06:24.368Z
H0518,אִם,,,"si, quoique, ou, mais, certes",1073,2025-07-18T15:05:29.366Z
H0519,אָמָה,,,"servante, une esclave, une concubine",56,
H0520,אַמָּה,,,coudée,247,
H0521,אַמָּה,,,coudée,4,2024-11-01T08:15:49.825Z
H0522,אַמָּה,,,"Amma = «mère, début, fondation»",1,
H0523,אֻמָּה,,,"peuple, tribu",7,2024-11-01T08:15:49.825Z
H0524,אֻמָּה,,,"peuple, tribu, nation",8,
H0525,אָמוֹן,,,"architecte, contremaître, homme habile",2,
H0526,אָמוֹן,,,Amon = «travailleur caché»,17,
H0528,אָמוֹן,,,"Amon = «nourrir, être fidèle»",2,
H0529,אֵמֻן,,,"fidélité, confiance",8,
H0530,אֱמוּנָה,,,"fidélité, vérité, probité",49,2025-07-18T15:09:49.847Z
H0531,אָמוֹץ,,,"Amots = «fort, puissant, courageux»",13,
H0532,אָמִי,,,Ami = «serviteur lié»,1,
H0533,אַמִּיץ,,,"fort, puissant",6,
H0534,אָמִיר,,,"sommet, cime",2,
H0535,אָמַל,,,"être faible, pencher, languir,",16,
H0536,אֻמְלַל,,,"faible, sans force",1,
H0537,אֲמֵלָל,,,faible,1,
H0538,אֲמָם,,,Amam = «leur mère»,1,
H0539,אָמַן,,,"supporter, confirmer, être fidèle",106,
H0540,אֲמַן,,,"confirmer, soutenir",3,
H0541,אָמַן,,,"prendre la main droite, tourner à droite, choisir la droite",1,
H0542,אָמָּן,,,"contremaître, artiste, artisan",1,
H0543,אָמֵן,,,"amen, ainsi soit-il!",30,
H0544,אֹ֫מֶן,,,fidélité,1,
H0545,אׇמְנָה,,,"apporter, nourriture, élever, entraîner, fournir",1,
H0546,אׇמְנָה,,,"véritablement, en vérité",2,
H0547,אֹמְנָה,,,"linteaux, pilier, supports d’une porte",1,
H0548,אֲמָנָה,,,alliance ; salaire,2,2025-07-18T15:09:49.847Z
H0549,אֲמָנָה,,,"Abana, Amana = «rocailleux?»",2,
H0550,אַמְנוֹן,,,Amnon = «fidèle»,28,
H0551,אׇמְנָם,,,"véritablement, vraiment, sûrement",9,
H0552,אֻמְנָם,,,"véritablement, vraiment, en effet",5,
H0553,אָמֵץ,,,"(qal) être fort, être courageux • (piel) affermir, fortifier ; inspirer du courage ; soutenir ; consolider • (hif.) s'affermir, être fort • (hitp.) s'empresser, être résolu ; vaincre",41,2026-02-20T14:21:53.844Z
H0554,אָמֹץ,,,fort,2,
H0555,אֹ֫מֶץ,,,force,1,
H0556,אַמְצָה,,,force,1,
H0557,אַמְצִי,,,"Amtsi = «ma force, robuste»",2,
H0558,אֲמַצְיָ֫הוּ,,,Amatsia = «l’Éternel est fort»,40,
H0559,אָמַר,,,"dire, parler, prononcer",5309,
H0560,אֲמַר,,,"dire, parler, commander, relater",71,
H0561,אֵמֶר,,,"parole, ordre, émission, discours, dire, promesse",49,2025-07-21T07:24:30.821Z
H0562,אֹמֶר,,,"émission, discours, parole",6,
H0563,אִמַּר,,,agneau,3,
H0564,אִמֵּר,,,Immer = «il a dit»,10,
H0565,אִמְרָה,,,"discours, parole",37,
H0566,אִמְרִי,,,Imri = « éloquent»,2,
H0567,אֱמֹרִי,,,"Amoréen = «diseur», «montagnard»",87,
H0568,אֲמַרְיָ֫הוּ,,,"Amaria = «l’Éternel a dit, ou a promis»",16,
H0569,אַמְרָפֶל,,,Amraphel = «annonceur de ténèbres»,2,
H0570,אֶ֫מֶשׁ,,,"hier, la nuit dernière",5,
H0571,אֱמֶת,,,"vérité, fermeté, fidélité",127,2025-07-21T07:25:13.979Z
H0572,אַמְתַּ֫חַת,,,"sac, récipient souple",15,
H0573,אֲמִתַּי,,,Amitthaï = «véridique»,2,
H0574,אֵימְתָן,,,terrible,1,
H0575,אָן,,,où?,41,
H0576,אֲנָה,,,"Je, Moi",16,
H0577,אָֽנָּ֫א,,,Oh! je vous supplie,13,
H0578,אָנָה,,,"pleurer, gémir",2,
H0579,אָנָה,,,"rencontrer, s’approcher de, arriver (un malheur)",4,
H0581,אִנּוּן,,,ces,4,
H0582,אֱנוֹשׁ,,,"homme, homme mortel, personne, humain",566,
H0583,אֱנוֹשׁ,,,Énosch = «homme»,7,
H0584,אָנַח,,,"soupirer, gémir (de peine ou de douleur), haleter",13,
H0585,אֲנָחָה,,,"soupir, gémissement (expression de chagrin ou détresse physique)",11,
H0586,אֲנַ֫חְנָא,,,nous (première personne du pluriel),4,
H0587,אֲנַ֫חְנוּ,,,nous (première personne du pluriel – généralement avec emphase),120,
H0588,אֲנָֽחֲרָ֑ת,,,Anacharath = «le gémissement de crainte»,1,
H0589,"אֲנִי, אָֽנֹכִ֫י",,,je (1sg),874,2025-10-03T11:00:48.808Z
H0590,אֳנִי,,,"flotte, navires",7,
H0591,אֳנִיָּה,,,navires,31,
H0592,אֲנִיָּה,,,"deuil, lamentations, gémissements",2,
H0593,אֲנִיעָם,,,Aniam = «soupir du peuple»,1,
H0594,אֲנָךְ,,,"fil à plomb, niveau",4,
H0595,אָֽנֹכִ֫י,,,je (première personne du singulier),359,2025-07-21T07:34:08.570Z
H0596,אָנַן,,,"se plaindre, murmurer",2,
H0597,אָנַס,,,"forcer, contraindre",1,
H0598,אֲנַס,,,"forcer, contraignant",1,
H0599,אָנַף,,,"être fâché, être en colère,",14,
H0600,אֲנַף,,,"face, nez, visage",2,
H0601,אֲנָפָה,,,un oiseau impur,2,
H0602,אָנַק,,,"crier, gémir, se lamenter",4,
H0603,אֲנָקָה,,,"gémissements, lamentations",4,
H0604,אֲנָקָה,,,"un animal impur, furet, musaraigne",1,
H0605,אָנַשׁ,,,"être faible, malade, frêle",9,
H0606,אֱנָשׁ,,,"homme, être humain",25,
H0607,אַנְתָּה,,,"toi, tu (deuxième personne du singulier)",15,
H0608,אַנְתּוּן,,,vous (deuxième personne du pluriel),1,
H0609,אָסָא,,,"Asa = «guérisseur, médecin»",58,
H0610,אָסוּךְ,,,"gourde, petite cruche à huile",1,
H0611,אָסוֹן,,,"mal, malheur, nuisance, faire mal",5,
H0612,אֵסוּר,,,"bande, lien",3,
H0613,אֱסוּר,,,"liens, emprisonnement",3,
H0614,אָסִיף,,,"récolte, moisson",2,
H0615,אָסִיר,,,"prisonnier, captif",11,
H0616,אַסִּיר,,,prisonniers (collectif),5,
H0617,אַסִּיר,,,"Assir = «prisonnier, déporté»",4,
H0618,אָסָם,,,"magasin, grange, grenier",2,
H0619,אַסְנָה,,,Asna = «je serai haï»,1,
H0620,אָֽסְנַפַּר,,,Osnappar = « épine disparue»,1,
H0621,אָֽסְנַת,,,Asnath = «appartenant à la déesse Neith»,3,
H0622,אָסַף,,,"amasser, assembler, rassembler, recevoir ; enlever, ôter",200,2025-07-21T07:39:53.035Z
H0623,אָסָף,,,"Asaph = «celui qui rassemble, collecteur»",46,
H0624,אָסֹף,,,"Asuppim  collection, magasin",3,
H0625,אֹ֫סֵף,,,"rassemblement, collecte, moisson",3,
H0626,אֲסֵפָה,,,un rassemblement,1,
H0627,אֲסֻפָּה,,,"collecte, rassemblement",1,
H0628,אֲסַפְסֻף,,,"collection, multitude, foule hétéroclite",1,
H0629,אׇסְפַּרְנָא,,,complètement,7,
H0630,אַסְפָּ֑תָא,,,Aspatha = «les séduits rassemblés»,1,
H0631,אָסַר,,,"lier, attacher, emprisonner",72,
H0632,אִסָּר,,,"lien, obligation",11,
H0633,אֱסָר,,,"interdire, décret, décret de restriction",7,
H0634,אֵסַר־חַדּוֹן,,,Ésar-Haddon = «Assur a donné un frère»,6,
H0635,אֶסְתֵּר,,,Esther = « étoile»,55,
H0636,אָע,,,"bois, poutre, bois de construction",5,
H0637,אַף,,,"(addition, de quelque-chose de plus grand)",134,
H0638,אַף,,,"aussi, oui",4,
H0639,אַף,,,"narines, nez, face, visage",276,
H0640,אָפַד,,,"lier, ceindre, ceindre l’éphod",2,
H0641,אֵפֹד,,,Éphod = «une ceinture (spéciale)»,1,
H0642,אֲפֻדָּה,,,éphod,3,
H0643,אַפֶּ֫דֶן,,,palais,1,
H0644,אָפָה,,,faire cuire au four,25,
H0645,אֵפוֹ,,,"alors, maintenant, ainsi",15,
H0646,אֵפוֹד,,,Éphod = «couverture»,49,
H0647,אֲפִיחַ,,,"Aphiach = «respirer, rafraîchi, vivifié»",1,
H0648,אָפִיל,,,"en retard, mûr",1,
H0649,אַפַּיִם,,,Appaïm = «narines»,2,
H0650,אָפִיק,,,canal,19,
H0651,אָפֵל,,,"sombre, obscur",1,
H0652,אֹ֫פֶל,,,"obscurité, ténèbres",9,
H0653,אֲפֵלָה,,,"obscurité, calamité",10,
H0654,אֶפְלָל,,,Ephlal = «intercesseur»,2,
H0655,אֹ֫פֶן,,,"circonstance, condition, opportunité",1,
H0656,אָפֵס,,,"cesser, rompre, aller vers une fin",5,
H0657,אֶ֫פֶס,,,"cessation, fin, extrémité",44,2025-07-21T07:41:50.616Z
H0658,אֶ֫פֶס דַּמִּים,,,Éphès-Dammim = «frontière de sang»,2,
H0659,אֶ֫פַע,,,"sans valeur, nul",1,
H0660,אֶפְעֶה,,,"une vipère, serpent",3,
H0661,אָפַף,,,"entourer, environner",5,
H0662,אָפַק,,,"se contenir, être fort, se maîtriser",7,
H0663,אֲפֵק,,,Aphek ou Aphik = «enclos»,9,
H0664,אֲפֵקָה,,,"Aphéka (Aphekah) = «enclos, place forte»",1,
H0665,אֵ֫פֶר,,,cendres,22,
H0666,אֲפֵר,,,"enveloppe, bandage",2,
H0667,אֶפְרֹחַ,,,petits (des oiseaux),4,
H0668,אַפִּרְיוֹן,,,"litière, palanquin, chaise à porteur",1,
H0669,אֶפְרַ֫יִם,,,Éphraim = «doublement fécond»,180,
H0670,אֲפָֽרְסָיֵא,,,Apharas»,1,
H0671,אֲפָֽרְסַתְּכָיֵא,,,(CLBL) une fonction inconnue,3,
H0672,אֶפְרָ֫תָה,,,Éphrata (éphrath) = «lieu de la fécondité»,10,
H0673,אֶפְרָתִי,,,"Éphratien, Éphraïmite = «fertilité»",5,
H0674,אַפְּתֹם,,,un trésor,1,
H0675,אֶצְבּוֹן,,,Etsbon = «je serai élargi»,2,
H0676,אֶצְבַּע,,,"doigt, orteil",31,
H0677,אֶצְבַּע,,,"doigt, orteil",3,
H0678,אָצִיל,,,"côté, coin, chef",2,
H0679,אַצִּיל,,,"joindre, joint (comme le coude etc)",3,
H0680,אָצַל,,,"poser de côté, réserver, refuser",5,
H0681,אֵ֫צֶל,,,"à côté de, près de",61,2025-07-21T07:45:22.673Z
H0682,אָצֵל,,,Atsel (Atzel) = «proximité »,7,
H0683,אֲצַלְיָ֫הוּ,,,"Atsalia = «l’Éternel a épargné, mis à part»",2,
H0684,אֹ֫צֶם,,,Otsem = «je les activerai»,2,
H0685,אֶצְעָדָה,,,"bracelet, chaîne de cheville",2,
H0686,אָצַר,,,"emmagasiner, mettre de côté",5,
H0687,אֵ֫צֶר,,,Etser = «trésor»,5,
H0688,אֶקְדָּח,,,"ardente lumière, étinceler",1,
H0689,אַקּוֹ,,,chèvre sauvage,1,
H0690,אֲרָא,,,Ara = «lion»,1,
H0691,אֶרְאֵל,,,"héros, homme vaillant",1,
H0692,אַרְאֵלִי,,,Areéli = «lion de Dieu»,3,
H0693,אָרַב,,,"faire le guet, embuscade",41,
H0694,אֲרָב,,,Arab = «embuscade»,1,
H0695,אֶ֫רֶב,,,une embuscade,2,
H0696,אֹ֫רֶב,,,embuscade,2,
H0697,אַרְבֶּה,,,une certaine sorte de sauterelles (en essaim),24,
H0698,אָרְבָּה,,,"artifice, tromperie, ruse",1,
H0699,אֲרֻבָּה,,,"treillis, fenêtre, écluse",9,
H0700,אֲרֻבּוֹת,,,Arubboth = «fenêtres»,1,
H0701,אַרְבִּי,,,D’Arab = Arbite = «une embuscade»,1,
H0702,אַרְבַּע,,,quatre,318,
H0703,אַרְבַּע,,,quatre,8,
H0704,אַרְבַּע,,,Arba = «quatrième»,1,
H0705,אַרְבָּעִים,,,quarante,136,
H0706,אַרְבַּעְתַּיִם,,,au quadruple,1,2025-07-21T07:45:22.673Z
H0707,אָרַג,,,tisser,14,
H0708,אֶ֫רֶג,,,"métier (à tisser), navette",2,
H0709,אַרְגֹּב,,,Argob = «tas de pierres»,5,
H0710,אַרְגְּוָן,,,pourpre,1,
H0711,אַרְגְּוָן,,,"pourpre, écarlate",3,
H0712,אַרְגַּז,,,"boîte, commode, coffre",3,
H0713,אַרְגָּמָן,,,"pourpre, rouge-pourpre, écarlate",38,
H0714,אַרְדְּ,,,Ard = «je subjuguerai»,3,
H0715,אַרְדּוֹן,,,Ardon = «fugitif»,1,
H0716,אַרְדִּי,,,Ardites = «je subjuguerai»,1,
H0717,אָרָה,,,"arracher, cueillir, dépouiller",2,
H0718,אֲרוּ,,,"voici, voilà",5,
H0719,אַרְוַד,,,Arvad = «errant»,2,
H0720,אֲרוֹד,,,"Arod = «je subjuguerai, j’errerai»",1,
H0721,אַרְוָדִי,,,Arvadiens = «je romprai les liens»,2,
H0722,אֲרוֹדִי,,,Arodi ou Arodites = «je subjuguerai  j’errerai»,2,
H0723,אֻרְיָה,,,"mangeoire, stalle, crèche (pour animaux)",3,
H0724,אֲרוּכָה,,,"guérison, restauration",6,
H0725,אֲרוּמָה,,,Aruma = «je serai élevé»,1,
H0727,אֲרוֹן,,,"coffre, arche",202,
H0728,אֲרַוְנָה,,,Aravna = «je crierai de joie»,9,
H0729,אָרוּז,,,être ferme,1,
H0730,אֶ֫רֶז,,,cèdre,73,
H0731,אַרְזָה,,,"panneaux de cèdre, ouvrage en cèdre",1,
H0732,אָרַח,,,"errer, voyager, aller, être de compagnie",6,
H0733,אָרַח,,,Arach = «voyageur»,4,
H0734,אֹ֫רַח,,,"voie, chemin, sentier",58,
H0735,אֹ֫רַח,,,"voie, sentier, chemin, cours de la vie",2,
H0736,אֹרְחָה,,,"caravane, compagnie de voyage",2,
H0737,אֲרֻחָה,,,"repas, allocation, ration",6,
H0738,אַרְיֵה,,,lion,80,
H0739,אֲרִיאֵל,,,sens incertain,2,
H0740,אֲרִיאֵל,,,Ariel = «lion de Dieu»,6,
H0741,אֲרִאֵיל,,,"foyer, autel",2,
H0742,אֲרִידַי,,,Aridaï = «le lion est assez»,1,
H0743,אֲרִידָ֑תָא,,,Aridatha = «le lion du décret»,1,
H0744,אַרְיֵה,,,lion,10,
H0745,אַרְיֵה,,,Arié = «lion»,1,
H0746,אַרְיוֹךְ,,,Arjoc = «comme un lion»,7,
H0747,אֲרִיסַי,,,Arizaï = «le lion de mes bannières»,1,
H0748,אָרַךְ,,,"être long, prolongé",34,
H0749,אֲרִיךְ,,,"arriver à, faire face à",1,
H0750,אָרֵךְ,,,"long ; lent à la colère, patient, longanime",15,2025-10-03T11:33:27.262Z
H0751,אֶ֫רֶךְ,,,Érec = «long»,1,
H0752,אָרֹךְ,,,longueur,3,
H0753,אֹ֫רֶךְ,,,longueur,95,2024-11-01T08:15:49.825Z
H0754,אַרְכָֿא,,,"prolongation, allongement, prolongement",2,
H0755,אַרְכֻבָּה,,,genou,1,
H0756,אַרְכְּוָיֵא,,,D’Érec = «assez long»,1,
H0757,אַרְכִּי,,,Arkien = «assez long»,6,
H0758,אֲרָם,,,Aram ou Araméens = « élevé»,143,
H0759,אַרְמוֹן,,,"citadelle, palais, forteresse",32,
H0760,אֲרַם צוֹבָה,,,probablement la terre au nord-est de Damas,2,
H0761,אֲרַמִּי,,,Syrien ou Araméen = « élevé»,11,
H0762,אֲרָמִית,,,Araméen = idiome sémitique du Nord,5,
H0763,אֲרַם נַהֲרַיִם,,,Mésopotamie (Aram-Naharaïm) = «pays entre deux fleuves»,10,
H0764,אַרְמֹנִי,,,Armoni = «appartenant au palais»,1,
H0765,אֲרָן,,,Aran = «joyeux»,2,
H0766,אֹ֫רֶן,,,"pin, sapin, cèdre",1,
H0767,אֹ֫רֶן,,,Oren = «cèdre»,1,
H0768,אַרְנֶבֶת,,,lièvre,2,
H0769,אַרְנוֹן,,,"Arnon = «qui murmure, bruyant, se mouvant vite»",25,
H0770,אַרְנָן,,,Arnan = «aigle»,1,
H0771,אׇרְנָן,,,Ornan = «la lumière fut perpétuée»,12,
H0772,אֲרַע,,,"terre, monde, sol",21,
H0773,אַרְעִי,,,"le fond, le bas",1,
H0774,אַרְפַּד,,,Arpad = «je serai supporté»,6,
H0775,אַרְפַּכְשַׁד,,,troisième fils de Sem,9,2024-11-01T08:15:49.825Z
H0776,אֶ֫רֶץ,,,"terre, territoire, pays, sol",2504,2025-07-21T07:47:19.422Z
H0777,אַרְצָא,,,Artsa = «sol»,1,
H0778,אֲרַק,,,la terre,1,
H0779,אָרַר,,,maudire,63,2024-11-01T08:15:49.825Z
H0780,אֲרָרַט,,,Ararat = «le fléau est renversé»,4,
H0781,אָרַשׂ,,,"fiancer, engager",11,
H0782,אֲרֶ֫שֶׁת,,,"désir, requête, demander",1,
H0783,אַרְתַּחְשַׁשְׂתָּא,,,Artaxerxès = «celui qui fait régner la loi sacrée»,15,
H0784,אֵשׁ,,,feu,378,
H0785,אֶשָּׁא,,,"feu, flamme",1,
H0786,אִשׁ,,,il y a,2,
H0787,אֹשׁ,,,"fondements, fondation",3,
H0788,אַשְׁבֵּל,,,Aschbel = «un homme en Dieu»,3,
H0789,אַשְׁבֵּלִי,,,Aschbélites  voir Aschbel,1,
H0790,אֶשְׁבָּן,,,Eschban = «feu du discernement»,2,
H0791,אַשְׁבֵּעַ,,,Aschbéa = «je veux appeler un témoin»,1,
H0792,אֶשְׁבַּעַל,,,Eschbaal = «un homme de Baal»,2,
H0793,אֶ֫שֶׁד,,,"cours, courant, la partie basse",1,
H0794,אֲשֵׁדָה,,,"coteaux, flancs, pente",2,
H0795,אַשְׁדּוֹד,,,Asdod = «butin»,17,
H0796,אַשְׁדּוֹדִי,,,Asdodiens = «butin»,5,
H0797,אַשְׁדּוֹדִית,,,Asdodien = «butin»,1,
H0798,אֲשֵׁדָה,,,"les montagnes de Pisga, qui incluent le Mont Nebo",4,
H0801,אִשֶּׁה,,,"offrande, sacrifice consumé par le feu",65,2024-11-01T08:15:49.825Z
H0802,אִשָּׁה,,,"femme, épouse, femelle",781,
H0803,אָשְׁיָה,,,"contrefort, appui, fondation, fondement",1,
H0804,אַשּׁוּר,,,Assur ou Assyrie ou Assyrien = «un pas»,151,
H0805,אַשּׁוּרִם,,,"Aschurim, Gueschuriens = «guidé», «béni»",2,
H0806,אַשְׁחוּר,,,Aschchur = «noirceur»,2,
H0807,אֲשִׁימָא,,,Aschima = «culpabilité»,1,
H0809,אֲשִׁישָׁה,,,"gâteau de raisin, utilisé dans les fêtes sacrificielles",5,
H0810,אֶ֫שֶׁךְ,,,testicule,1,
H0811,אֶשְׁכּוֹל,,,grappe,9,
H0812,אֶשְׁכֹּל,,,Eschcol = «grappe (de raisins)»,6,
H0813,אַשְׁכְּנַז,,,"Aschkenaz = «homme aspergé, feu éparpillé»",3,
H0814,אֶשְׁכָּר,,,"cadeau, don",2,
H0815,אֵ֫שֶׁל,,,tamarisc (arbre),3,
H0816,אָשַׁם,,,"enfreindre la loi, être coupable, empiéter",35,
H0817,אָשָׁם,,,"culpabilité, offense",46,
H0818,אָשֵׁם,,,"être coupable, fautif (et obligé d’offrir un sacrifice)",3,
H0819,אַשְׁמָה,,,"culpabilité, offense, péché, mal faire",19,
H0820,אַשְׁמַנִּים,,,"le gros, parmi la vigueur",1,
H0821,אַשְׁמוּרָה,,,"veille (une période de temps), veille de la nuit",7,
H0822,אֶשְׁנָב,,,"treillis, fenêtre faite de lattes",2,
H0823,אַשְׁנָה,,,Aschna = «fort»,2,
H0824,אֶשְׁעָ֑ן,,,Éschean = «support»,1,
H0825,אַשָּׁף,,,"qui conjure, astrologue, enchanteur, exorciste",2,
H0826,אָשַׁף,,,"qui conjure, enchanteur, astrologue, devin",6,
H0827,אַשְׁפָּה,,,carquois (pour flèches),6,
H0828,אַשְׁפְּנַז,,,Aschpenaz = «forte aspersion»,1,
H0829,אֶשְׁפָּר,,,"morceau de viande, portion, gâteau de datte (sens incertain)",2,
H0830,אַשְׁפֹּת,,,"tas de cendre, tas de fumier",7,
H0831,אַשְׁקְלוֹן,,,Askalon = «feu de l’infamie»,12,
H0832,אֶשְׁקְלוֹנִי,,,D’Askalon = «feu d’infamie  je serai pesé»,1,
H0833,אָשַׁר,,,"(piel) guider, diriger, conduire, marcher, estimer heureux ; (pual) être conduit, être estimé heureux",16,2025-03-04T11:27:08.000Z
H0834,אֲשֶׁר,,,"lequel, qui, ce que",5499,
H0835,אֶ֫שֶׁר,,,"heureux, béni",45,2025-10-03T11:32:45.453Z
H0836,אָשֵׁר,,,Aser = «heureux»,43,
H0837,אֹ֫שֶׁר,,,"bonheur, heureux, heureuse",1,
H0838,אֲשׁוּר,,,"un ou des pas, aller, marcher",9,
H0839,אֲשֻׁרִים,,,buis (arbre),1,
H0840,אֲשַׂרְאֵל,,,Asareel = «Dieu a lié»,1,
H0841,אֲשַׂרְאֵ֫לָה,,,"Aschareéla = «droit, intègre envers Dieu»",1,
H0842,אֲשֵׁרָה,,,Astarté»,40,
H0843,אָשֵׁרִי,,,Asérites = «heureux»,1,
H0844,אַשְׂרִיאֵל,,,Asriel = «Je serai prince de Dieu»,3,
H0845,אַשְׂרִיאֵלִי,,,Asriélites = «je serai prince de Dieu»,1,
H0846,אֻשַּׁרְנָא,,,"mur, panneaux, poutres, structure (sens précis incertain)",2,
H0847,אֶשְׁתָּאוֹל,,,Eschthaol = «requête»,7,
H0848,אֶשְׁתָּאֻלִי,,,Eschthaoliens = «je serai supplié»,1,
H0849,אֶשְׁתַּדּוּר,,,"révolte, sédition",2,
H0850,אֶשְׁתּוֹן,,,Eschthon = «efféminé »,2,
H0851,אֶשְׁתְּמוֹעַ,,,Eschthemo = «je me ferai entendre»,6,
H0852,אָת,,,"signe, signes miraculeux, merveilles, miracle",3,
H0853,אֵת,,,"indication de l’objet direct défini, non traduit en Français",10947,
H0854,אֵת,,,"avec, près de, ensemble",929,
H0855,אֵת,,,soc (de charrue),5,
H0856,אֶתְבַּ֫עַל,,,Ethbaal = «avec Baal»,1,
H0857,אָתָה,,,"venir, arriver (pour hommes, temps, bêtes, calamité)",21,
H0858,אֲתָה,,,"venir, arriver",16,
H0859,אַתָּ֫ה,,,"tu, vous (seconde personne du singulier)",1094,
H0860,אָתוֹן,,,ânesse,34,
H0861,אַתּוּן,,,"fourneau, fournaise",10,
H0862,אַתִּיק,,,"galerie, porche",5,
H0863,אִתַּי,,,Ittaï ou Ithaï = «avec moi»,9,
H0864,אֵתָם,,,Étham = «avec eux»,4,
H0865,אֶתְמוֹל,,,"hier, récemment, auparavant",8,
H0866,אֶתְנָה,,,"location, gage, prix (pour une prostituée)",1,
H0867,אֶתְנִי,,,Ethni = «mon gage»,1,
H0868,אֶתְנַן,,,"salaire de prostituée, prix",11,
H0869,אֶתְנַן,,,Ethnan = «salaire d’impudicité»,1,
H0870,אֲתַר,,,"piste, place",8,
H0871,אֲתָרִים,,,sens incertain – peut-être passe montagneuse ou route de caravane,1,
H0872,בִּאָה,,,"entrée, un seuil, entrée du temple",1,
H0873,בִּאישׁ,,,"mal, mauvais, méchant",1,
H0874,בָּאַר,,,"faire nettement, distinctement, clairement, déclarer, graver",3,
H0875,בְּאֵר,,,"puits, fosse, source",38,
H0876,בְּאֵר,,,Beer = «puits»,2,
H0877,בֹּאר,,,"citerne, fosse, puits",4,
H0878,בְּאֵרָא,,,Beéra = «un puits»,1,
H0879,בְּאֵר אֵילִים,,,Beer-Élim = «puits des dieux»,2,
H0880,בְּאֵרָה,,,Beéra = «puits»,1,
H0881,בְּאֵרוֹת,,,Beéroth = «les puits»,6,
H0882,בְּאֵרִי,,,Beéri = «mon puits»,2,
H0883,בְּאֵר לַחַי רֹאִי,,,Lachaï-roï = «le Vivant qui me voit»,9,
H0884,בְּאֵר שֶׁ֫בַע,,,Beer-Schéba = «puits du serment»,68,
H0886,בְּאֵרֹתִי,,,Beérothiens = «puits»,5,
H0887,בָּאַשׁ,,,"avoir une mauvaise odeur, sentir mauvais",17,
H0888,בְּאֵשׁ,,,"être mal, situation déplaisante",1,
H0889,בְּאֹשׁ,,,"puanteur, odeur infâme",3,
H0890,בׇּאְשָׁה,,,"choses puantes, mauvaise herbe nuisible, ivraie",1,
H0891,בְּאֻשִׁים,,,"mauvaises choses, sans valeur, mauvais raisin, baies nocives",2,
H0892,בָּבָה,,,la prunelle (pupille) de l’œil,1,
H0893,בֵּבַי,,,Bébaï = «mes cavités»,6,
H0894,"בָּבֶ֫ל, בָּבֶל",,,Babel ou Babylone = «confusion (par mélange)»,262,
H0895,"בָּבֶ֫ל, בָּבֶל",,,Babel ou Babylone = «confusion (par mélange)»,25,
H0896,בָּֽבְלַי,,,"de Babylone, babylonien",1,
H0898,בָּגַד,,,"trahir, tromper",49,2024-11-01T08:15:49.825Z
H0899,בֶּ֫גֶד,,,"vêtement, habit ; perfidie, tromperie",217,2025-10-20T11:58:09.813Z
H0900,בֹּגְדוֹת,,,"traître, infidèle, hommes à l’apparence trompeuse",1,
H0901,בָּגוֹד,,,"infidèle, traître, perfide, trompeur",2,
H0902,בִּגְוַי,,,Bigvaï = «dans mon corps»,6,
H0903,בִּגְתָא,,,Bigtha = «dans le pressoir»,1,
H0904,בִּגְתָן,,,Bigthan = «dans leur pressoir»,2,
H0905,בַּד,,,"à part, isolé, seul ; partie, membre ; poteau, barre ; branche, rameau",200,2025-10-21T12:23:32.262Z
H0906,בַּד,,,"lin, lin blanc, fin lin",23,
H0907,בַּד,,,"discussion vide, vain discours, menteur, mensonge",7,
H0908,בָּדָא,,,"combiner, tramer, imaginer, inventer (de mauvaises choses)",2,
H0909,בָּדַד,,,"retirer, être séparé, être isolé",3,
H0910,בָּדָד,,,"isolement, retrait, séparation",11,
H0911,בְּדַד,,,Bedad = «solitaire»,2,
H0912,בֵּֽדְיָה,,,Bédia = «serviteur de l’Éternel»,1,
H0913,בְּדִיל,,,"alliage, étain, plomb",6,
H0914,בָּדַל,,,"diviser, séparer",42,
H0915,בָּדָל,,,"un morceau, un bout, une pièce, une partie",1,
H0916,בְּדֹ֫לַח,,,bdellium (gomme résineuse),2,
H0917,בְּדָן,,,Bedan = «en jugeant»,2,
H0918,בָּדַק,,,"raccommoder, réparer (un bâtiment)",1,
H0919,בֶּ֫דֶק,,,"fissure, brèche, fuite (dans une maison), réparer",10,
H0920,בִּדְקַר,,,Bidkar = «coup de poignard»,1,
H0921,בְּדַר,,,"éparpiller, disperser",1,
H0922,בֹּהוּ,,,vide,3,2025-10-15T13:52:31.445Z
H0923,בַּ֫הַט,,,"une pierre coûteuse (peut-être porphyre), marbre rouge",1,
H0924,בְּהִילוּ,,,"hâte, à la hâte, hâtivement",1,
H0925,בָּהִיר,,,"vif, brillant (lumière)",1,
H0926,בָּהַל,,,"déranger, alarmer, terrifier, se presser, être inquiet, avoir peur, être nerveux",39,
H0927,בְּהַל,,,"effrayer, alarmer, consterner",11,
H0928,בֶּֽהָלָה,,,"consternation, fin soudaine ou ruine, alarme",4,
H0929,בְּהֵמָה,,,"bête, bétail, animal",190,
H0930,בְּהֵמוֹת,,,peut-être un dinosaure disparu,1,
H0931,בֹּ֫הֶן,,,"pouce, gros orteil (toujours utilisés ensemble)",16,
H0932,בֹּ֫הַן,,,Bohan = «pouce»,2,
H0933,בֹּ֫הַק,,,"éruption inoffensive sur la peau, taches sur la peau",1,
H0934,בַּהֶ֫רֶת,,,"plaque blanche sur la peau, tache brillante (sur la peau)",12,
H0935,בּוֹא,,,"entrer, venir, aller",2572,
H0936,בּוּז,,,"mépriser, retenir dans le mépris, prendre pour insignifiant",12,
H0937,בּוּז,,,mépris,11,
H0938,בּוּז,,,Buz = «mépris»,3,
H0939,בּוּזָה,,,mépris,1,
H0940,בּוּזִי,,,De buz = «mépris»,2,
H0941,בּוּזִי,,,Buzi = «mon mépris»,1,
H0942,בַּוַּי,,,Bavvaï = «mes départs»,1,
H0943,בּוּךְ,,,"mettre dans la perplexité, confondre, être confus",3,
H0944,בּוּל,,,"produit, conséquence",2,
H0945,בּוּל,,,"Bul = «augmentation, croissance»",1,
H0946,בּוּנָה,,,"Buna = «intelligence, prudence»",1,
H0947,בּוּס,,,"fouler, rejeter",12,
H0948,בּוּץ,,,"byssus, tissu coûteux, à base de lin blanc, fait en Égypte",8,
H0949,בּוֹצֵץ,,,"Botsets = «très blanc, brillant, scintillant»",1,
H0950,בּוּקָה,,,vide,1,
H0951,בּוֹקֵר,,,"bouvier, berger",1,
H0952,בּוּר,,,"rendre clair, expliquer, prouver",1,
H0953,בּוֹר,,,"fosse, puits, citerne",66,
H0954,בּוֹשׁ,,,"pousser à la honte, être honteux, déconcerté, être désappointé",126,
H0955,בּוּשָׁה,,,"honte, confusion",4,
H0956,בִּית,,,"passer la nuit, loger",1,
H0957,בַּז,,,"butin, vol, pillage, spoliation",25,
H0958,בָּזָא,,,"diviser, fendre, couper à travers",2,
H0959,בָּזָה,,,"mépriser, dédaigner",44,2024-11-01T08:15:49.825Z
H0961,בִּזָּה,,,"pillage, butin",10,
H0962,בָּזַז,,,"piller, saisir, dépouiller",43,
H0963,בִּזָּיוֹן,,,mépris,1,
H0964,בִּזְיוֹתְיָה,,,Bizjothja = «mépris de l’Éternel»,1,
H0965,בָּזָק,,,"éclair, foudre",1,
H0966,בֶּ֫זֶק,,,Bézek = « éclair»,3,
H0967,בָּזַר,,,"éparpiller, disperser, distribuer",2,
H0968,בִּזְּתָא,,,Biztha = «butin»,1,
H0969,בָּחוֹן,,,vérificateur (un inspecteur qui évalue les métaux),1,
H0970,בָּחוּר,,,"jeunesse, jeune homme",44,
H0971,בַחוּן,,,"tour, tour de guet",1,
H0972,בָּחִיר,,,"choisi, élu (de Dieu)",13,
H0973,בָּחֵל,,,"détester, abhorrer, ressentir du dégoût",1,
H0974,בָּחַן,,,"(qal) tester, mettre à l'épreuve ; (nif.) subir une épreuve",29,2024-11-01T08:15:49.825Z
H0975,בַּ֫חַן,,,"tour, tour de guet",1,
H0976,בֹּ֫חַן,,,"éprouver, essayé, contrôlé",1,
H0977,בָּחַר,,,"choisir, élire, décider",171,
H0978,בַּחֲרוּמִי,,,Bacharum (de) = «choix de jeunesses»,1,
H0979,בְּחוּרִים,,,"jeunesse, jeunes gens",3,
H0980,בַּחֻרִים,,,Bachurim = «village des jeunes hommes»,5,
H0981,בָּטָה,,,parler à la légère,4,
H0982,בָּטַח,,,se confier à,120,
H0983,בֶּ֫טַח,,,"sécurité, sûreté",42,
H0984,בֶּ֫טַח,,,"Béthach = «sûreté, confiance, assurance»",1,
H0985,בִּטְחָה,,,"confier, confiance",1,
H0986,בִּטָּחוֹן,,,"confiance, espérance, espoir",3,
H0987,בַּטֻּחוֹת,,,"sûreté, sécurité",1,
H0988,בָּטַל,,,cesser,1,
H0989,בְּטֵל,,,"cesser, faire cesser",6,
H0990,בֶּ֫טֶן,,,"ventre, entrailles",72,2024-11-01T08:15:49.825Z
H0991,בֶּ֫טֶן,,,"Béthen = «matrice, sein»",1,
H0992,בָּטְנִים,,,pistache,1,
H0993,בְּטֹנִים,,,Bethonim = «les pistaches»,1,
H0994,בִּי,,,"s’il vous plaît, excusez-moi, je vous demande pardon",12,
H0995,בִּין,,,"discerner, comprendre, considérer",170,
H0996,בַּ֫יִן,,,"entre, parmi",407,
H0997,בֵּין,,,"entre, parmi, au milieu de",2,
H0998,בִּינָה,,,"compréhension, discernement",38,
H0999,בִּינָה,,,"compréhension, discernement, intelligence",1,
H1000,בֵּיצָה,,,œuf,6,
H1001,בִּירְתָא,,,"château, citadelle, palais",1,
H1002,בִּירָה,,,"palais, château, citadelle",16,
H1003,בִּירָנִית,,,"forteresse, lieu fortifié, château",2,
H1004,בַּ֫יִת,,,maison,2049,
H1005,בַּ֫יִת,,,maison (des hommes),44,
H1007,בֵּית אָ֫וֶן,,,Beth-aven = «maison de vanité»,14,
H1008,בֵּֽיתְ־אֵל,,,Béthel = «maison de Dieu»,142,
H1009,בֵּית אַֽרְבֵֿאל,,,Beth-Arbel = «maison de l’Embuscade de Dieu»,2,
H1010,בֵּית מְעוֹן,,,Beth-Baal-Meon = «maison de Baal»,2,
H1011,בֵּית בִּרְאִי,,,Beth-Bireï = «maison de ma création»,2,
H1012,בֵּית בָּרָה,,,Beth-Bara = «maison du gué»,4,
H1013,בֵּית־גָּדֵר,,,Beth-Gader = «maison de la muraille»,2,
H1014,בֵּית גָּמוּל,,,Beth-Gamul = «maison de la récompense»,2,
H1015,בֵּית דִּבְלָתָ֑יִם,,,Beth-Diblathaïm = «maison des deux gâteaux de figues»,2,
H1016,בֵּית־דָּגוֹן,,,Beth-Dagon = «maison du dieu Dagon»,4,
H1017,בֵּית הָאֱלִי,,,De béthel  Béthelite?,2,
H1018,בֵּית הָאֵצֶל,,,Beth-Haetsel = «maison du voisinage»,2,
H1019,בֵּית הַגִּלְגָּל,,,Beth-Guilgal = «la maison de la roue»,2,
H1020,בֵּית הַיְשִׁימוֹת,,,Beth-Jeschimoth = «maison de la désolation»,8,
H1021,בֵּית הַכֶּ֫רֶם,,,Beth-Hakkérem = «maison du vignoble»,4,
H1022,בֵּית הַלַּחְמִי,,,un habitant de Bethléhem,8,
H1024,בֵּית מַרְכָּבוֹת,,,Beth-Marcaboth = «maison des chars»,4,
H1025,בֵּית הָעֵ֫מֶק,,,Beth-Émek = «maison de la vallée»,2,
H1026,בֵּית הָֽעֲרָבָה,,,Beth-Araba = «maison de la vallée désertique»,6,
H1027,בֵּית הָרָם,,,Beth-Haram = «maison des hauteurs»,2,
H1028,בֵּית הָרָן,,,Beth-Haran = «maison de la hauteur»,2,
H1029,בֵּית הַשִּׁטָּה,,,Beth-Schitta = «maison de l’acacia»,2,
H1030,בֵּית־הַשִּׁמְשִׁי,,,un habitant de Beth-Schémesch,4,
H1031,בֵּית חׇגְלָה,,,Beth-Hogla = «maison de la perdrix»,6,
H1032,בֵּית חוֹרֹן,,,Beth-Horon = «maison de la fausseté»,28,
H1033,בֵּית כָּ֑ר,,,Beth-Car = «maison du pâturage»,2,
H1034,בֵּית לְבָאוֹת,,,Beth-Lebaoth = «maison des lionnes»,2,
H1035,בֵּית לֶ֫חֶם,,,Bethléhem = «la maison du pain»,82,
H1036,בֵּית לְעַפְרָה,,,Beth-Leaphra»,2,
H1037,בֵּית מִלּוֹא,,,Beth-Millo = «maison de Millo»,8,
H1039,בֵּית נִמְרָה,,,Beth-Nimra = «maison du léopard»,4,
H1040,בֵּית עֶ֑דֶן,,,Beth-Éden = «maison de délices»,2,
H1041,בֵּית־עַזְמָ֫וֶת,,,Beth-Azmaveth = «maison forte par la mort»,2,
H1042,בֵּית־עֲנוֹת,,,"Beth-Anoth = «maison des réponses, ou écho»",2,
H1043,בֵּית־עֲנָת,,,Beth-Anath = «maison de la déesse Anath»,6,
H1044,בֵּית־עֵ֫קֶד,,,maison pour tondre les moutons,4,
H1046,בֵּית פָּ֑לֶט,,,Beth-Paleth = «maison de la fuite»,4,
H1047,בֵּית פְּעוֹר,,,Beth-Peor = «maison de Peor»,8,
H1048,בֵּית פַּצֵּץ,,,Beth-Patsets = «maison de la dispersion»,2,
H1049,בֵּית־צוּר,,,Beth-Tsur = «maison du roc»,8,
H1050,בֵּית־רְחוֹב,,,Beth-Rehob = «maison de la rue»,4,
H1051,בֵּית רָפָא,,,"Beth-Rapha = «maison du faible, ou de la guérison»",2,
H1052,בֵּית שְׁאָן,,,Beth-Schean ou Beth-Schan = «maison de la sécurité»,18,
H1053,בֵּית שֶׁ֫מֶשׁ,,,Beth-Schémesch = «maison du soleil»,42,
H1054,בֵּית־תַּפּוּחַ,,,Beth-Tappuach = «maison des pommes»,2,
H1055,בִּיתָן,,,"maison, palais",3,
H1056,בָּכָא,,,"Baca = «pleurer, dégoutter, verser des larmes»",1,
H1057,בָּכָא,,,"mûrier, arbrisseau dont s’écoule la sève quand il est coupé",4,
H1058,בָּכָה,,,"pleurer, se lamenter, crier, verser des larmes",114,
H1059,בֶּ֫כֶה,,,des pleurs,1,
H1060,בְּכוֹר,,,"premier-né, l’aîné",122,
H1061,בִּכּוּרִים,,,"prémices, premiers fruits",17,
H1062,בְּכֹרָה,,,"droit d’aînesse, droit du premier-né",10,
H1063,בַּכֻּרוֹת,,,"première récolte, premiers fruits",4,2024-11-01T08:15:49.825Z
H1064,בְּכוֹרַת,,,Becorath = «premier-né»,1,
H1065,בְּכִי,,,pleur,30,2024-11-01T08:15:49.825Z
H1066,בֹּכִים,,,Bokim = «pleureurs»,2,
H1067,בְּכִירָה,,,"la fille première-née, aînée",6,
H1068,בְּכִית,,,"pleurs, deuil",1,
H1069,בָּכַר,,,être né le premier,4,
H1070,בֶּכֶר,,,"jeune chameau, dromadaire",1,
H1071,בֶּ֫כֶר,,,Béker = «jeune chameau»,5,
H1072,בִּכְרָה,,,"une jeune chamelle, jeune chameau, dromadaire",1,
H1074,בֹּֽכְרוּ,,,Bocru = «premier-né»,2,
H1075,בִּכְרִי,,,Bicri = «jeune»,8,
H1076,בַּכְרִי,,,Bakrites = «un jeune dromadaire»,1,
H1077,בַּל,,,"rien, pas ; pour que ne pas",73,2025-07-01T11:46:43.000Z
H1078,בֵּל,,,Bel = «Seigneur»,3,
H1079,בָּל,,,"esprit, cœur, prendre à cœur",1,
H1080,בְּלָא,,,"porter au loin, déplacer",1,
H1081,בַּלְאֲדָן,,,Baladan = «Bel est son seigneur»,2,
H1082,בָּלַג,,,"luire, sourire",4,
H1083,בִּלְגָּה,,,"Bilga = «gaieté, joyeux»",3,
H1084,בִּלְגַּי,,,"Bilgaï = «ma gaieté, joyeux»",1,
H1085,בִּלְדַּד,,,Bildad = «fils de consternation»,5,
H1086,בָּלָה,,,"passer, devenir vieux, s’user",15,
H1087,בָּלֶה,,,"passé, vieilli, vieux",5,
H1088,בָּלָה,,,"Bala = «usé, vieux»",1,
H1090,בִּלְהָה,,,Bilha = «dérangée»,11,
H1091,בַּלָּהָה,,,"terreur, destruction, calamité, événement affreux",10,
H1092,בִּלְהָן,,,Bilhan = «leur décrépitude»,4,
H1093,בְּלוֹ,,,"tribut, impôt, taxe",3,
H1094,בְּלוֹא,,,"choses usées, chiffons",3,
H1095,בֵּלְטְשַׁאצַּר,,,Beltschatsar = «qu’il protège sa vie»,2,
H1096,בֵּלְטְשַׁאצַּר,,,Beltschatsar = «qu’il protège sa vie»,8,
H1097,בְּלִי,,,"sans, pas de, ne pas, nul",58,
H1098,בְּלִיל,,,fourrage,3,
H1100,בְּלִיַּ֫עַל,,,indignité,27,
H1101,בָּלַל,,,"mêler, mélanger, confondre",43,
H1102,בָּלַם,,,"brider, tenir, contenir, restreindre",1,
H1103,בָּלַס,,,"rassembler, recueillir des figues, soigner des sycomores",1,
H1104,בָּלַע,,,"avaler, engloutir, dévorer",49,
H1105,בֶ֫לַע,,,"ce qui est avalé, dévoré (figuré pour des ruines)",2,
H1106,בֶּ֫לַע,,,Béla = «destruction»,14,
H1107,בִּלְעֲדֵי,,,"en dehors de, excepté, sauf, sans, en outre",17,
H1108,בַּלְעִי,,,Balites = «avaleurs»,1,
H1109,בִּלְעָם,,,Balaam (Bileam) = «pas du peuple»,61,
H1110,בָּלַק,,,"gaspiller, dévaster",2,
H1111,בָּלָק,,,Balak = «dévastateur»,43,
H1112,"בֵּֽלְאשַׁצַּר, בֵּלְשַׁאצַּר",,,Belschatsar = «Bel protège le roi»,1,
H1113,"בֵּֽלְאשַׁצַּר, בֵּלְשַׁאצַּר",,,Belschatsar = «que Bel protège le roi»,7,
H1114,בִּלְשָׁן,,,Bilschan = « éloquent»,2,
H1115,בִּלְתִּי,,,"absence de, rien ; sauf, excepté",112,2024-11-01T08:15:49.825Z
H1116,בָּמָה,,,"haut lieu, crête, hauteur",102,
H1117,בָּמָה,,,un lieu en Palestine (pour les cultes idolâtres),1,
H1118,בִּמְהָל,,,Bimhal = «fils de mélange»,1,
H1119,בְּמוֹ,,,"dans, à, par,",9,
H1120,בָּמוֹת,,,Bamoth = «hauts lieux»,4,
H1121,בֵּן,,,"fils, petit-fils, enfant, membre d’un groupe",4959,
H1122,בֵּן,,,Ben = «fils»,1,
H1124,בְּנָה,,,bâtir,22,
H1125,בֶּן־אֲבִינָדָב,,,Ben-Abinadab = «fils d’Abinadab»,2,
H1126,בֶּן־אוֹנִ֑י,,,Ben-Oni = «fils de ma douleur»,2,
H1127,בֶּן־גֶּ֫בֶר,,,"(Ben-Guéber: le fils de Guéber) Guéber =""un homme, un héros""»",2,
H1128,בֶּן־דֶּ֫קֶר,,,(Ben-Déker: «fils de Déker»,2,
H1129,בָּנָה,,,"bâtir, rebâtir, établir, assurer une suite",376,
H1130,בֶּן־הֲדַד,,,Ben-Hadad = «fils du (faux dieu) Hadad»,50,
H1131,בִּנּוּי,,,Binnuï = «construit»,7,
H1132,בֶּן־זוֹחֵת,,,Ben-Zocheth = «fils de Zocheth»,2,
H1133,בֶּן־חוּר,,,Fils de Hur: Ben-Hur = «fils de blancheur»,2,
H1134,בֶּן־חַ֫יִל,,,Ben-Haïl = «fils de la force»,2,
H1135,בֶּן־חָנָן,,,Ben-Hanan = «fils de la faveur»,2,
H1137,בָּנִי,,,Bani = «bâti»,16,
H1138,בֻּנִּי,,,"Bunni = «bâti, érigé»",3,
H1139,בְּנֵי־בְרַק,,,Bené-Berak = «fils de Berak»,2,
H1140,בִּנְיָה,,,"structure, bâtiment, construction",1,
H1141,בְּנָיָ֫הוּ,,,Benaja = «l’Éternel a bâti»,42,
H1142,בְּנֵי יַעֲקָ֑ן,,,Bené-Jaakan = «fils de Jaakan»,6,
H1143,בֵּנַיִם,,,"entre, espace entre deux armées",2,
H1144,בִּנְיָמִין,,,Benjamin = «fils de ma main droite»,166,
H1145,בֶּן־יְמִינִי,,,celui de la tribu de Benjamin,17,
H1146,בִּנְיָן,,,"mur, structure, bâtiment",7,
H1147,בִּנְיָן,,,"un bâtiment, un édifice, une construction",1,
H1148,בְּנִ֑ינוּ,,,Beninu = «notre fils»,1,
H1149,בְּנַס,,,être en colère,1,
H1150,בִּנְעָא,,,Binea = «fontaine»,2,
H1151,בֶּן־עַמִּי,,,Ben-Ammi (Ben-ami) = «fils de mon peuple»,2,
H1152,בְּסוֹדְיָ֑ה,,,Besodia = «familier de l’Éternel»,1,
H1153,בֵּסַי,,,Bésaï = «mon piétinement»,2,
H1154,בֶּסֶר,,,"grappes non mûres, raisins verts",1,
H1155,בֹּ֫סֶר,,,"grappes non mûres, raisins verts",4,
H1156,בְּעָא,,,"demander à, chercher, requête, désirer, prier",12,
H1157,בְּעַד / בַּעַד,,,"autour ; pour, en faveur de ; derrière, à travers, parmi",105,2025-05-30T09:48:53.000Z
H1158,בָּעָה,,,"(qal) chercher, s'enquérir, faire bouillonner ; (nif.) être recherché, agrandir une brèche",5,2025-02-07T10:28:41.000Z
H1159,בָּעוּ,,,"pétition, requête",2,
H1160,בְּעוֹר,,,"Beor = «brûlant, flambeau»",10,
H1161,בִּעוּתִים,,,"terreurs, alarmes (occasionnées par Dieu)",2,
H1162,בֹּ֫עַז,,,Boaz = «en lui est la force»,24,
H1163,בָּעַט,,,donner un coup de pied à,2,
H1165,בְּעִיר,,,"bêtes, bétail, bestiaux",6,
H1166,בָּעַל,,,"(qal) dominer, épouser ; (nif.) se marier",15,2024-11-01T08:15:49.825Z
H1167,בַּעַל,,,"possesseur, mari, seigneur",84,
H1168,בַּעַל,,,"Baal = «maître, possesseur, Seigneur»",82,
H1169,בְּעֵל,,,"propriétaire, possesseur, seigneur",3,
H1170,בַּעַל בְּרִית,,,Baal-Berith = «seigneur de l’alliance»,4,
H1171,בַּ֫עַל גָּד,,,Baal-Gad = «seigneur de richesse»,6,
H1172,בַּעֲלָה,,,"maîtresse, propriétaire femme",4,
H1173,בַּעֲלָה,,,Baala = «maîtresse»,6,
H1174,בַּ֫עַל הָמוֹן,,,Baal-Hamon = «seigneur (possesseur) de l’abondance»,2,
H1175,בְּעָלוֹת,,,Bealoth = «fournissant du lait»,2,
H1176,בַּעַל זְבוּב,,,Baal-Zebub = «seigneur des mouches»,8,
H1177,בַּ֫עַל חָנָן,,,Baal-Hanan = «seigneur de compassion»,10,
H1178,בַּ֫עַל חָצוֹר,,,Baal-Hatsor = «seigneur du village»,2,
H1179,בַּ֫עַל חֶרְמוֹן,,,Baal-Hermon ou Baal-Chermon = «seigneur de la montagne»,4,
H1180,בַּעֲלִי,,,"Baali  «mon seigneur, mon maître»",1,
H1182,בְּעֶלְיָדָע,,,Beéliada = «le Seigneur a connu»,1,
H1183,בַּעַלְיָה,,,Bealia = «l’Éternel est maître»,1,
H1185,בַּעֲלִיס,,,Baalis = «seigneur de la bannière»,1,
H1186,בַּ֫עַל מְעוֹן,,,Baal-Meon = «seigneur de l’habitation»,8,
H1187,בַּ֫עַל פְּעוֹר,,,Baal-Peor = «seigneur de la brèche»,12,
H1188,בַּ֫עַל פְּרָצִים,,,Baal-Peratsim = «seigneur des brèches»,8,
H1189,בַּ֫עַל צְפוֹן,,,Baal-Tsephon = «seigneur du nord»,6,
H1190,בַּ֫עַל שָׁלִשָׁה,,,Baal-Schalischa = «seigneur du tiers»,2,
H1191,בַּעֲלָת,,,Baalath = «maîtresse»,3,
H1192,בַּעֲלַת בְּאֵר,,,Baalath-Beer = «maîtresse du puits»,2,
H1193,בַּ֫עַל תָּמָר,,,Baal-Thamar = «seigneur des palmiers»,2,
H1194,בְּעֹן,,,Beon = «maison d’habitation»,1,
H1195,בַּעֲנָא,,,Baana = «dans la tristesse»,3,
H1196,בַּעֲנָה,,,Baana = «dans la tristesse»,9,
H1197,בָּעַר,,,"brûler, consumer, allumer, être allumé",94,
H1198,בַּ֫עַר,,,"abrutissement, stupidité, personne abrutie",5,
H1199,בַּעֲרָא,,,Baara = «stupide»,1,
H1200,בְּעֵרָה,,,"incendie, feu",1,
H1201,בַּעְשָׁא,,,Baescha = «méchant»,28,
H1202,בַּעֲשֵׂיָה,,,Baaséja= «au service de l’Éternel»,1,
H1203,בְּעֶשְׁתְּרָה,,,Beeschthra = «avec accroissement»,1,
H1204,בָּעַת,,,"terrifier, effrayer, consternation, être pris d’une soudaine terreur, être terrifié",16,
H1205,בְּעָתָה,,,"terreur, malheur, consternation, frayeur",2,
H1206,בֹּץ,,,"boue, bourbier",1,
H1207,בִּצָּה,,,"marais, marécage, bourbier",3,
H1209,בֵּצָ֑י,,,Betsaï = «conquérant»,3,
H1210,בָּצִיר,,,vendange,8,
H1211,בָּצָל,,,oignon,1,
H1212,בְּצַלְאֵל,,,Betsaleel = « à l’ombre»,9,
H1213,בַּצְלוּת,,,Batsluth = «dépouillant»,2,
H1214,בָּצַע,,,"couper, briser, gagner par une violence injuste, prendre, finir, être avide, être gourmand, cupide",16,
H1215,בֶּ֫צַע,,,"profit, gain injuste, profit acquit par la violence",23,
H1216,בָּצֵק,,,"gonfler, enfler",2,
H1217,בָּצֵק,,,pâte (sans levain),5,
H1218,בׇּצְקַת,,,Botskath = «hauteur rocheuse»,2,
H1219,בָּצַר,,,"(qal) couper, vendanger, fortifier, rendre inaccessible ; (nif.) être inaccessible, être impossible ; (piel) fortifier",37,2025-07-10T14:40:47.000Z
H1220,בֶּ֫צֶר,,,"or, minerai précieux",2,
H1221,בֶּ֫צֶר,,,Betser = «minerai d’or»,5,
H1223,בׇּצְרָה,,,"enclos, bergerie",1,
H1224,בׇּצְרָה,,,"Botsra = «enclos (à brebis), bercail, bergerie»",8,
H1225,בִּצָּרוֹן,,,forteresse,1,
H1226,בַּצֹּרֶת,,,"disette, sécheresse, destitution",2,
H1227,בַּקְבּוּק,,,"Bakbuk = «bouteille, burette»",2,
H1228,בַּקְבֻּק,,,"gourde, bouteille, vase",3,
H1229,בַּקְבֻּקְיָה,,,Bakbukia = «vase de l’Éternel»,3,
H1230,בַּקְבַּקַּר,,,Bakbakkar = «chercheur»,1,
H1231,בֻּקִּי,,,Bukki = «gaspillage»,5,
H1232,בֻּקִּיָּ֫הוּ,,,Bukkiah = «l’Éternel a empli»,2,
H1233,בְּקִיעַ,,,"fissure, brèche, fente",2,
H1234,בָּקַע,,,"(qal) fendre, forcer l'entrée ; (nif.) se fendre, éclater ; (piel) fendre, faire éclater, percer ; (pual) être éventré ; (hif.) forcer l'entrée, faire une percée ; (hof.) être forcée, percée ; (hitp.) être éventré, se fendre",51,2024-11-01T08:15:49.825Z
H1235,בֶּ֫קַע,,,demi-pièce appelée «sicle du sanctuaire» ou «sicle saint»,2,
H1236,בִּקְעָא,,,"plaine, vallée",1,
H1237,בִּקְעָה,,,vallée,20,
H1238,בָּקַק,,,vider,9,
H1239,בָּקַר,,,"chercher, s’enquérir, considérer",7,
H1240,בְּקַר,,,"chercher, rechercher, s’enquérir",5,
H1241,בָּקָר,,,"bœuf, troupeau de gros bétail",183,2025-06-11T09:44:58.000Z
H1242,בֹּ֫קֶר,,,"matin, point du jour",214,
H1243,בַּקָּרָה,,,"une recherche, un soin, s’inquiéter de",1,
H1244,בִּקֹּ֫רֶת,,,"punition (après enquête judiciaire), compensation",1,
H1245,בָּקַשׁ,,,"chercher, exiger, désirer, faire une requête",225,
H1246,בַּקָּשָׁה,,,"requête, instance, pétition",8,
H1247,בַּר,,,fils,1,
H1249,בַּר,,,"pur, clair, sincère",7,
H1250,בַּר,,,"grain, épi, blé",14,
H1251,בַּר,,,champ,8,
H1252,בֹּר,,,"propreté, pureté",5,
H1253,בֹּר,,,"lessive, potasse, alcali, produits pour nettoyer, purifier",2,
H1254,בָּרָא,,,"créer, former",55,
H1255,בְּרֹאדַךְ בַּלְאֲדָן,,,Berodac-Baladan = «adorateur de Baal»,2,
H1256,בְּרָאיָה,,,Beraja = «l’Éternel a créé»,1,
H1257,בַּרְבֻּרִים,,,"volaille, oiseaux",1,
H1258,בָּרַד,,,grêler,1,
H1259,בָּרָד,,,grêle,29,
H1260,בֶּ֫רֶד,,,Bared = «grêle»,2,
H1261,בָּרֹד,,,"marqué, tacheté, avec des taches",4,
H1262,בָּרָה,,,"manger, consommer",6,
H1263,בָּרוּךְ,,,Baruc = «béni»,26,
H1264,בְּרֹמִים,,,"tissu bigarré, damas",1,
H1265,בְּרוֹשׁ,,,"cyprès, sapin, genévrier, pin",20,
H1266,בְּרוֹת,,,"cyprès, sapin, pin, conifère",1,
H1267,בָּרוּת,,,"nourriture, viande",1,
H1268,בֵּרֹתַי,,,"Bérotha, Bérothaï = «bosquet de cyprès»",2,
H1269,ברזות,,,Birzavith = «dans la maigreur»,1,
H1270,בַּרְזֶל,,,fer,76,
H1271,בַּרְזִלַּי,,,Barzillaï = «fait de fer»,12,
H1272,בָּרַח,,,"(qal) fuir, traverser ; (hif.) faire fuir, chasser, traverser",65,2025-02-05T10:59:52.000Z
H1273,בַּרְחֻמִי,,,De barchum (Barchumite) = «fils de celui qui est noirci»,1,
H1274,בִּרְיָה,,,gras,1,
H1275,בֵּרִי,,,Béri = «homme du puits»,1,
H1276,בֵּרִים,,,"tribu nommée avec Abel et Beth-Maaca, et donc sans doute située dans le nord de la Palestine",1,
H1277,בָּרִיא,,,gras,13,
H1278,בְּרִיאָה,,,"une création, une nouvelle chose, merveille",1,
H1279,בִּרְיָה,,,nourriture,3,
H1280,בְּרִיחַ,,,barre,40,
H1281,בָּרִיחַ,,,"fuyant, fuyard",4,
H1282,בָּרִיחַ,,,Bariach = «qui s’enfuit»,1,
H1283,בְּרִיעָה,,,Beria = «avec un ami»,11,
H1284,בְּרִיעִי,,,Beriites = «dans le mal»,1,
H1285,בְּרִית,,,"pacte, alliance, engagement",284,
H1286,בְּרִית,,,Berith = «alliance»,1,
H1287,בֹּרִית,,,"lessive, potasse, savon, alcali, produits pour laver",2,
H1288,בָּרַךְ,,,"bénir, s’agenouiller",330,
H1289,בְּרַךְ,,,"bénir, s’agenouiller",5,
H1290,בֶּ֫רֶךְ,,,genou,25,
H1291,בְּרַךְ,,,genou,1,
H1292,בָּרַכְאֵל,,,Barakeel = «Dieu a béni»,2,
H1293,בְּרָכָה,,,bénédiction,69,
H1294,בְּרָכָה,,,Beraca = «bénédiction»,3,
H1295,בְּרֵכָה,,,"mare, étang, réservoir à poissons",17,
H1296,בֶּרֶכְיָה,,,Bérékia = «l’Éternel a béni»,11,
H1297,בְּרַם,,,"seulement, néanmoins, mais",5,
H1298,בֶּ֫רַע,,,Béra = «fils du mal»,1,
H1299,בָּרַק,,,"lumière d’éclair, faire briller (comme une lumière)",1,
H1300,בָּרָק,,,éclair,21,
H1301,בָּרָק,,,"Barak = « éclairs, foudre»",13,
H1302,בַּרְקוֹס,,,Barkos = «peintre»,2,
H1303,בַּרְקָנִים,,,"ronces, chardons",2,
H1304,בָּרֶ֫קֶת,,,"une pierre précieuse, émeraude",3,
H1305,בָּרַר,,,"purifier, choisir, polir, purger, curer ou rendre brillant, mettre à l’épreuve ou éprouver",18,
H1306,בִּרְשַׁע,,,Birscha = «avec iniquité»,1,
H1307,בֵּרֹתִי,,,"de Béroth, un habitant de Bérotha",1,
H1308,בְּשׂוֹר,,,Besor = «gai»,3,
H1309,בְּשֹׂרָה,,,"nouvelles, bonne nouvelle, message, récompense pour bonne nouvelle",6,
H1310,בָּשַׁל,,,"bouillir, cuire, faire cuire au four, rôtir, mûrir",28,
H1311,בָּשֵׁל,,,"cuit, bouilli",2,
H1312,בִּשְׁלָם,,,Bischlam = «en paix»,1,
H1313,בֹּ֫שֶׂם,,,"épice, baume",1,
H1314,בֶּ֫שֶׂם,,,"épice, baume, parfum",29,
H1315,בָּֽשְׂמַת,,,Basmath = « épice»,7,
H1316,בָּשָׁן,,,Basan = «fertile»,60,
H1317,בׇּשְׁנָה,,,"honte, confusion",1,
H1318,בָּשַׁס,,,"marcher dessus, piétiner",1,
H1319,בָּשַׂר,,,"porter des nouvelles, publier, prêcher, annoncer",24,
H1320,בָּשָׂר,,,chair,270,
H1321,בְּשַׁר,,,chair,3,
H1322,בֹּ֫שֶׁת,,,honte,30,
H1323,בַּת,,,fille,588,
H1324,בַּת,,,"bath, unité de mesure de liquide, égale à l’épha, mesure de produitssecs (environ quarante litres)",13,
H1325,בַּת,,,"bath, unité de mesure de liquide, d’environ quarante litres, égale au volume de l’épha",2,
H1326,בָּתָה,,,"fin, destruction",1,
H1327,בַּתָּה,,,"falaise, précipice",1,
H1328,בְּתוּאֵל,,,Bethuel = «Dieu détruit»,10,
H1329,בְּתוּל,,,Bethul = «Dieu détruit»,1,
H1330,בְּתוּלָה,,,vierge,50,
H1331,בְּתוּלִים,,,virginité,10,
H1332,בִּתְיָה,,,Bithja = «fille (adoratrice) de l’Éternel»,1,
H1333,בָּתַק,,,"couper, découper, percer, transpercer",1,
H1334,בָּתַר,,,couper en deux,2,
H1335,בֶּ֫תֶר,,,"part, pièce, morceau",3,
H1336,בֶּ֫תֶר,,,"région montagneuse de Palestine, site inconnu",1,
H1337,בַּת־רַבִּים,,,Bath-Rabbim = «fille de multitudes»,2,
H1338,בִּתְרוֹן,,,Bithron = «division»,1,
H1339,בַּת־שֶׁ֫בַע,,,Bath-Schéba = «fille d’un serment»,22,
H1340,בַּת־שׁוּעַ,,,Bath-Schua = «fille de richesse»,2,
H1341,גֵּא,,,orgueilleux,1,
H1342,גָּאָה,,,"se lever, être exalté en triomphe",7,
H1343,גֵּאֶה,,,orgueilleux,9,
H1344,גֵּאָה,,,orgueil,1,
H1345,גְּאוּאֵל,,,Guéuel = «majesté de Dieu»,1,
H1346,גַּאֲוָה,,,"orgueil, majesté, se lever",19,
H1347,גָּאוֹן,,,"exaltation, majesté, orgueil, excellence",49,
H1348,גֵּאוּת,,,majesté,8,
H1350,גָּאַל,,,"racheter, venger, se venger, agir comme parent vengeur, vengeur de sang",104,
H1351,גָּאַל,,,"souiller, polluer, profaner",11,
H1352,גֹּ֫אֶל,,,souillure,1,
H1353,גְּאֻלָּה,,,"parenté, rédemption, droit de rachat, prix de rédemption",14,
H1354,גַּב,,,"surface convexe, dos",13,
H1355,גַּב,,,dos ou côté,1,
H1356,גֵּב,,,"fosse, tranchée, fossé, poutre, chevron, citerne",4,
H1357,גֵּב,,,sorte de sauterelles,1,
H1358,גֹּב,,,"fosse, antre (de lions)",10,
H1359,גֹּב,,,"Gob = «puits, citerne»",2,
H1360,גֶּ֫בֶא,,,"citerne, mare, marais",2,
H1361,גָּבַהּ,,,"être élevé, être exalté",34,
H1363,גֹּ֫בַהּ,,,"hauteur, exaltation, élévation, grandeur",17,
H1364,גָּבֹהַּ,,,"haut, exalté, élevé",41,
H1365,גַּבְהוּת,,,"arrogance, orgueil",2,
H1366,גְּבוּל,,,"frontière, territoire",240,
H1367,גְּבוּלָה,,,"bord, frontière, limite",10,
H1368,גִּבּוֹר,,,"fort, puissant",159,
H1369,גְּבוּרָה,,,"force, puissance",61,
H1370,גְּבוּרָה,,,puissance,2,
H1371,גִּבֵּחַ,,,"être haut, chauve (sur le front)",1,
H1372,גַּבַּ֫חַת,,,"chauve du front, chauve, tache découverte, endroit à nu",4,
H1373,גַּבַּי,,,Gabbaï = «mon dos»,1,
H1374,גֵּבִים,,,Guébim = «citernes»,1,
H1375,גָּבִיעַ,,,"coupe, bol, calice",14,
H1376,גְּבִיר,,,"seigneur, maître, souverain",2,
H1377,גְּבִירָה,,,"reine, dame",6,
H1378,גָּבִישׁ,,,"cristal, perle",1,
H1379,גָּבַל,,,"borner, limiter, frontière",5,
H1380,גְּבַל,,,Guebal = «montagne»,1,
H1381,גְּבָל,,,Guebal = «une frontière»,1,
H1382,גִּבְלִי,,,"Guibliens = «une frontière», «tailleurs de pierre»",2,
H1383,גַּבְלֻת,,,"une torsade, une chaînette",2,
H1384,גִּבֵּן,,,dos bossu,1,
H1385,גְּבִינָה,,,"fromage, lait caillé",1,
H1386,גַּבְנֹן,,,"sommet, sommet arrondi, cime de montagne",2,
H1387,גֶּ֫בַע,,,Guéba (Guibea) = «colline»,19,
H1388,גִּבְעָא,,,Guibea = «colline»,1,
H1389,גִּבְעָה,,,colline,68,
H1390,גִּבְעָה,,,Guibea = «colline»,45,
H1391,גִּבְעוֹן,,,Gabaon = «cité d’une colline»,38,
H1392,גִּבְעֹל,,,bourgeonner,1,
H1393,גִּבְעֹנִי,,,Gabaonite = «petite colline»,8,
H1394,גִּבְעַת,,,Guibeath = «colline»,1,
H1395,גִּבְעָתִי,,,"de Guibea, un habitant de Guibea",1,
H1396,גָּבַר,,,"prévaloir, être fort, être puissant, être grand",25,2024-11-01T08:15:49.825Z
H1397,גֶּ֫בֶר,,,"homme, homme fort, guerrier (fort ou capable de lutter)",65,
H1398,גֶּ֫בֶר,,,Guéber = «guerrier»,1,
H1399,גֶּ֫בֶר,,,"homme, homme de droiture",1,
H1400,גְּבַר,,,"un homme, une certaine personne",21,
H1401,גִּבָּר,,,"puissant, puissance",1,
H1402,גִּבָּר,,,Guibbar = «le vaillant»,1,
H1403,גַּבְרִיאֵל,,,Gabriel = «héros de Dieu»,2,
H1404,גְּבֶ֫רֶת,,,"dame, reine, souveraine",9,
H1405,גִּבְּתוֹן,,,"Guibbethon = «tertre, éminence»",6,
H1406,גָּג,,,"toit, dessus, faîte de la maison",30,
H1407,גַּד,,,coriandre – une plante dont la graine ressemble à la Manne,2,
H1408,גַּד,,,Gad = «dieu de fortune»,1,
H1410,גָּד,,,Gad = «troupe»,72,
H1411,גְּדָֽבְרַיָּא,,,trésorier,2,
H1412,גֻּדְגֹּ֫דָה,,,Gudgoda = «l’endroit mordant»,2,
H1413,גָּדַד,,,"pénétrer, couper, attaquer, envahir",8,
H1414,גְּדַד,,,"couper, abattre",2,
H1415,גָּדָה,,,la rive d’un fleuve,4,
H1416,גְּדוּד,,,"une bande, troupe, bande de maraudeurs",33,
H1417,גְּדוּד,,,"quelque chose de coupé, sillon, coupure",2,
H1419,גָּדוֹל,,,grand,526,2025-10-03T11:57:49.390Z
H1420,גְּדוּלָּה,,,grandeur,12,
H1421,גִּדּוּפִים,,,"insultes, mots insultants, outrageux",3,
H1422,גְּדוּפָה,,,"une insulte, un reproche",1,
H1423,גְּדִי,,,"chevreau, jeune chèvre mâle",16,
H1424,גָּדִי,,,"Gadi = «ma fortune, heureux»",2,
H1425,גָּדִי,,,Gadite = «un envahisseur  une troupe  fortune»,16,
H1426,גַּדִּי,,,"Gaddi = «ma fortune, mon bonheur»",1,
H1427,גַּדִּיאֵל,,,Gaddiel = «Dieu est ma fortune»,1,
H1429,גְּדִיָּה,,,"chevreau, chevrette, jeune chèvre femelle",1,
H1430,גָּדִישׁ,,,"tas, pile, gerbe, meule (de paille)",4,
H1431,גָּדַל,,,"croître, devenir grand ou important, promouvoir, rendre puissant, louer, glorifier, faire de grandes choses",117,
H1432,גָּדֵל,,,"devenir grand, grandir, croître",4,
H1433,גֹּ֫דֶל,,,grandeur,13,
H1434,גְּדִלִים,,,"fil croisé ou tordu, torsade",2,
H1435,גִּדֵּל,,,Guiddel = «très grand»,4,
H1436,גְּדַלְיָ֫הוּ,,,Guedalia = «l’Éternel est grand»,32,
H1437,גִּדַּלְתִּי,,,Guiddalthi = «j’ai célébré l’Éternel»,2,
H1438,גָּדַע,,,"couper, tailler, abattre, rompre, briser, trancher en deux, raser",22,
H1439,גִּדְעוֹן,,,"Gédéon = «coupant, abattant»",39,
H1440,גִּדְעֹם,,,Guideom = «une coupure»,1,
H1441,גִּדְעֹנִי,,,Guideoni = «guerrier»,5,
H1442,גָּדַף,,,"insulter les hommes, blasphémer Dieu, outrager",7,
H1443,גָּדַר,,,"élever un mur, clore, réparer un mur, maçon",10,
H1444,גֶּדֶר,,,"mur, clôture",2,
H1445,גֶּ֫דֶר,,,Guéder = «mur»,1,
H1446,גְּדוֹר,,,"Guedor = «mur, muraille, forteresse»",7,
H1447,גָּדֵר,,,"clôture, mur",12,
H1448,גְּדֵרָה,,,"mur, clôture",9,
H1449,גְּדֵרָה,,,"Guedéra = «mur, enclos»",2,
H1450,גְּדֵרוֹת,,,"Guedéroth = «murs, enclos, parcs à moutons»",2,
H1451,גְּדֵרִי,,,Guéder = «un mur»,1,
H1452,גְּדֵרָתִי,,,"de Guedéra, un habitant de Guedéra",1,
H1453,גְּדֵרֹתָ֑יִם,,,"Guedérothaïm = «deux enclos, deux murs»",1,
H1454,גֵּה,,,"ceci, celui-ci, tel",1,
H1455,גָּהָה,,,"quitter, remédier",1,
H1456,גֵּהָה,,,"un remède, une guérison",1,
H1457,גָּהַר,,,"se plier, s’accroupir",3,
H1458,גַּו,,,le dos,3,
H1459,גַּו,,,"milieu, au milieu, à l’intérieur",13,
H1460,גֵּו,,,"le dos, derrière, milieu",7,
H1462,גֹּבַי,,,sauterelles,3,
H1463,גּוֹג,,,Gog = «montagne»,10,
H1464,גּוּד,,,"envahir, attaquer",3,
H1465,גֵּוָה,,,le dos,1,
H1466,גֵּוָה,,,"orgueil, un relèvement",3,
H1467,גֵּוָה,,,orgueil,1,
H1468,גּוּז,,,"passer par-dessus, passer au loin",2,
H1469,גּוֹזָל,,,"nichée, jeunes, petits (pour des oiseaux)",2,
H1470,גּוֹזָן,,,Gozan = «une découpe»,5,
H1471,גּוֹי,,,"nation, peuple",561,
H1472,גְּוִיָּה,,,le corps (d’une créature vivante),13,
H1473,גּוֹלָה,,,"l’exil, captivité ; les exilés, les déportés",43,2025-10-03T10:49:37.587Z
H1474,גּוֹלָן,,,Golan = «leur captivité »,4,
H1475,גּוּמָּץ,,,une fosse,1,
H1476,גּוּנִי,,,Guni = «mon défenseur»,4,
H1477,גּוּנִי,,,Gunites = «mon défenseur»,1,
H1478,גָּוַע,,,"expirer, mourir, périr, rendre l’âme, être mort, être moribond",24,
H1479,גּוּף,,,"fermer, clore",1,
H1480,גּוּפָה,,,"corps, cadavre",2,
H1481,גּוּר,,,"séjourner, demeurer, rester, habiter, être un étranger",97,
H1482,גּוּר,,,"petit (d’un animal), jeune",7,
H1483,גּוּר,,,Gur = «séjour»,1,
H1484,גּוֹר,,,petit (d’un animal),2,
H1485,גּוּר־בָּ֑֫עַל,,,Gur-Baal = «demeure de Baal»,2,
H1486,גּוֹרָל,,,sort,78,
H1487,גּוּשׁ,,,"motte de terre, morceau, croûte",1,
H1488,גֵּז,,,"tondre, faucher",4,
H1489,גִּזְבָּר,,,trésorier,1,
H1490,גִּזְבָּר,,,trésorier,1,
H1491,גָּזָה,,,"couper, séparer, enlever",1,
H1492,גִּזָּה,,,toison,7,
H1493,גִּזוֹנִי,,,"Guizon = «tondeur», «dans une carrière»",1,
H1494,גָּזַז,,,"tondre, faucher",15,
H1495,גָּזֵז,,,Gazez = «tondeur»,2,
H1496,גָּזִית,,,"incision, coupure, taille (de pierre)",11,
H1497,גָּזַל,,,"arracher, prendre de force, dérober, voler",30,2025-07-10T14:32:45.000Z
H1498,גָּזֵל,,,"vol, quelque chose de volé",6,
H1500,גְּזֵלָה,,,"vol, pillage, chose volée",6,
H1501,גָּזָם,,,"sauterelles, ver de palmier",3,
H1502,גַּזָּם,,,Gazzam = «dévorant»,2,
H1503,גֶּ֫זַע,,,"tige, tronc, souche (d’un arbre)",3,
H1504,גָּזַר,,,"couper, diviser, abattre, couper en deux, saisir, décréter",13,
H1505,גְּזַר,,,"couper, déterminer",6,
H1506,גֶּ֫זֶר,,,"partager, diviser",2,
H1507,גֶּ֫זֶר,,,Guézer = «portion»,15,
H1508,גִּזְרָה,,,"une coupure, polissage, séparation, vide",8,
H1509,גְּזֵרָה,,,"vide, inhabité, lieu désolé",1,
H1510,גְּזֵרָה,,,décret,2,
H1511,גִּזְרִי,,,"Guirziens = «une pièce, une portion (comme coupée)» = «lieu retranché, précipice»",1,
H1512,גָּחוֹן,,,ventre (des reptiles),2,
H1513,גַּחֶ֫לֶת,,,"charbon, charbon ardent, tison, brasier",18,
H1514,גַּ֫חַם,,,Gaham = «brûlant»,1,
H1515,גַּ֫חַר,,,Gachar = «lieu caché»,2,
H1516,גַּיְא,,,"vallée, une vallée encaissée, une gorge étroite",60,
H1517,גִּיד,,,"tendon, muscle, nerf",7,
H1518,גִּיחַ,,,se lancer en avant,6,
H1519,גִּיחַ,,,interrompre,1,
H1520,גִּיחַ,,,Guiach = «se rompre»,1,
H1521,גִּיחוֹן,,,Guihon = «qui éclate»,6,
H1522,גֵּיחֲזִי,,,Guéhazi = «vallée de la vision»,12,
H1523,גִּיל,,,"se réjouir, exulter, être heureux",45,
H1524,גִּיל,,,"une réjouissance, allégresse",9,
H1525,גִּילָה,,,"joie, réjouissance, allégresse",2,
H1526,גִּילֹנִי,,,"Guilonite = «exode d’une foule», «cercle»",2,
H1527,גִּינַ֑ת,,,Guinath = «protection»,2,
H1528,גִּיר,,,"craie, chaux, plâtre",1,
H1529,גֵּישָׁן,,,"Guéschan = «lourd, massif, masse»",1,
H1530,גַּל,,,"tas, source, une vague, une lame (grosse vague)",34,
H1532,גַּלָּב,,,barbier,1,
H1533,גִּלְבֹּעַ,,,Guilboa = «fontaine jaillissante»,8,
H1534,גַּלְגַּל,,,"roue, faire tourner, tourbillon, tournoiement",11,
H1535,גַּלְגַּל,,,roue,1,
H1536,גִּלְגָּל,,,roue,1,
H1537,גִּלְגָּל,,,Guilgal = «action de rouler»,41,
H1538,גֻּלְגֹּ֫לֶת,,,"tête, scrutin, crâne",12,
H1539,גֶּ֫לֶד,,,peau (humaine),1,
H1540,גָּלָה,,,"découvrir, enlever",186,
H1541,גְּלָא,,,révéler,9,
H1542,גִּלֹה,,,Guilo = «exil»,2,
H1543,גֻּלָּה,,,"bol, source, cuvette, bourrelet",15,
H1544,גִּלּוּל,,,"idoles, image",48,
H1545,גְּלוֹם,,,"couverture, manteau, vêtement",1,
H1546,גָּלוּת,,,"exil, exilés",15,
H1547,גָּלוּ,,,"exil, exilé, captif",4,
H1548,גָּלַח,,,"épiler, raser, se raser, être chauve",23,
H1549,גִּלָּיוֹן,,,"tablette, rouleau, miroir, ornement plat et luisant",2,
H1550,גָּלִיל,,,"gond, croisée (de portes)",4,
H1551,גָּלִיל,,,"Galilée = «cercle, région, district»",6,
H1552,גְלִילָה,,,"circuit, frontière, territoire Galilée = «circuit, district»",5,
H1553,גְּלִילוֹת,,,"Gueliloth = «cercles, circuits»",1,
H1554,גַּלִּים,,,Gallim = «sources»,2,
H1555,גׇּלְיַת,,,Goliath = «exilé»,6,
H1556,גָּלַל,,,"rouler, rouler au loin, rouler ensemble",18,
H1557,גָּלָל,,,"fumier, ordures, fiente",2,
H1558,גָּלָל,,,"à cause de, pour l’amour de, grâce à",10,
H1559,גָּלָל,,,Galal = «influent»,3,
H1560,גְּלָל,,,"de taille (pierres), roulement",2,
H1561,גֵּל,,,"ordure, fumier",3,
H1562,גִּלֲלַי,,,Guilalaï = «pesant»,1,
H1563,גָּלַם,,,"envelopper, plier, rouler",1,
H1564,גֹּ֫לֶם,,,"embryon, foetus",1,
H1565,גַּלְמוּד,,,"dur, stérile, rude, morne",4,
H1566,גָּלַע,,,"exposer, mettre à nu",3,
H1567,גַּלְעֵד,,,Galed = «monceau servant de témoin»,2,
H1568,גִּלְעָד,,,"Galaad = «dur, rugueux, rocheux»",134,
H1569,גִּלְעָדִי,,,Galaadite = «d’une région rocheuse»,11,
H1570,גָּלַשׁ,,,"être assis, se dresser, accrocher",2,
H1571,גַּם,,,"aussi, même, en effet, de plus, oui",769,
H1572,גָּמָא,,,"avaler, dévorer, boire",2,
H1573,גֹּ֫מֶא,,,"jonc, roseau, papyrus",4,
H1574,גֹּ֫מֶד,,,coudée,1,
H1575,גַּמָּדִים,,,"hommes braves, guerriers, hommes valeureux",1,
H1576,גְּמוּל,,,"produit, récompense, bienfait",19,
H1577,גָּמוּל,,,Gamul = «sevré»,1,
H1578,גְּמוּלָה,,,"produit, récompense",3,
H1579,גִּמְזוֹ,,,Guimzo = «fertile en sycomores»,1,
H1580,גָּמַל,,,"traiter, récompenser",37,
H1581,גָּמָל,,,chameau,54,
H1582,גְּמַלִּי,,,Guemalli = «chamelier»,1,
H1583,גַּמְלִיאֵל,,,Gamliel = «récompense de Dieu»,5,
H1584,גָּמַר,,,"finir, amener à une fin, compléter, cesser",5,
H1585,גְּמַר,,,compléter,1,
H1586,גֹּ֫מֶר,,,"Gomer = «accompli, achevé»",6,
H1587,גְּמַרְיָ֫הוּ,,,Guemaria = «l’Éternel a achevé»,5,
H1588,גַּן,,,"jardin, enclos",42,
H1589,גָּנַב,,,"voler, enlever",40,
H1590,גַּנָּב,,,voleur,17,
H1591,גְּנֵבָה,,,"chose volée, dérobée",2,
H1592,גְּנֻבַת,,,"Guenubath = «vol, larcin»",2,
H1593,גַּנָּה,,,"jardin, verger",12,
H1594,גִּנָּה,,,jardin,4,
H1595,גְּנָזִים,,,"trésor, coffres",3,
H1596,גְּנַז,,,trésor,3,
H1597,גַּנְזַךְ,,,trésor,1,
H1598,גָּנַן,,,"défendre, couvrir, entourer, protéger",8,
H1599,גִּנְּתוֹן,,,Guinnethon = «jardinier»,3,
H1600,גָּעָה,,,"beugler, mugir (pour le bétail)",2,
H1601,גֹּעָה,,,Goath = «mugissement»,1,
H1602,גָּעַל,,,"détester, répugner à, être rejeté avec dégoût, tomber",10,
H1603,גַּ֫עַל,,,Gaal = «dégoût»,9,
H1604,גֹּ֫עַל,,,"dégoût, aversion, répugnance",1,
H1605,גָּעַר,,,réprimander,14,2025-07-11T15:12:12.000Z
H1606,גְּעָרָה,,,"réprimande, menace, reproche",15,
H1607,גָּעַשׁ,,,"secouer, trembler",9,
H1608,גַּ֫עַשׁ,,,Gaasch = «tremblement (de terre)»,4,
H1609,גַּעְתָּם,,,"Gaetham = «maigre, faible»",3,
H1610,גַּף,,,"corps, soi, seul, sommet",4,2024-11-01T08:15:49.825Z
H1611,גַּף,,,aile (d’oiseau),3,
H1612,גֶּ֫פֶן,,,"vigne, pied de vigne, cep",55,
H1613,גֹּ֫פֶר,,,"cyprès?, gopher, bois de gopher",1,
H1614,גׇּפְרִית,,,soufre,7,
H1615,גִּר,,,"craie, chaux",1,
H1616,גֵּר,,,"un résidant, un étranger, celui qui séjourne",92,
H1617,גֵּרָא,,,Guéra = «un grain»,9,
H1618,גָּרָב,,,"démangeaison, gale",3,
H1619,גָּרֵב,,,Gareb = «galeux»,3,
H1620,גַּרְגַּר,,,"baie, olive",1,
H1621,גַּרְגְּרוֹת,,,cou (toujours figuré),4,
H1622,גִּרְגָּשִׁי,,,Guirgasien = «demeurant sur un sol argileux»,7,
H1623,גָּרַד,,,"râcler, gratter",1,
H1624,גָּרָה,,,"attaquer, faire la guerre, lutter, se mêler, s’engager dans le combat",14,
H1625,גֵּרָה,,,ruminer,11,
H1626,גֵּרָה,,,"guéra, un poids, vingtième partie d’un sicle, zéro virgule quatre-ving-deux grammes (seize grains d’orge)",5,
H1627,גָּרוֹן,,,"cou, gorge, gosier",8,
H1628,גֵּרוּת,,,lieu où loger,1,
H1629,גָּרַז,,,"couper, chasser",1,
H1630,גְּרִזִים,,,Garizim = «coupant»,4,
H1631,גַּרְזֶן,,,une hache,4,
H1633,גָּרַם,,,"couper, réserver, mettre de côté, laisser, épargner",3,
H1634,גֶּ֫רֶם,,,"os, force",5,
H1635,גְּרַם,,,os,1,
H1636,גַּרְמִי,,,Garmien = «osseux»,1,
H1637,גֹּ֫רֶן,,,aire de battage,36,
H1638,גָּרַס,,,"être écrasé, être brisé",2,
H1639,גָּרַע,,,"diminuer, restreindre, retirer, prendre, couper",22,
H1640,גָּרַף,,,"entraîner, balayer, saisir",1,
H1641,גָּרַר,,,"traîner, emporter",6,
H1642,גְּרָר,,,Guérar = «un lieu de séjour»,10,
H1643,גֶּ֫רֶשׂ,,,"broyage (ce qui est broyé, écrasé), grains, graviers",2,
H1644,גָּרַשׁ,,,"chasser, expulser, jeter dehors, divorcer, répudier, se soulever comme un fleuve ou la mer",47,
H1645,גֶּ֫רֶשׁ,,,"une chose produite, produire, ce qui pousse",1,
H1646,גְרוּשָׁה,,,"expulsion, violence, déposséder, expulser, exaction",1,
H1647,גֵּרְשֹׁם,,,Guerschom = « étranger»,13,
H1648,גֵּרְשׁוֹן,,,"Guerschon = «exil, bannissement»",18,
H1649,גֵּרְשֻׁנִּי,,,"un descendant de Guerschon, premier-né de Lévi",13,
H1650,גְּשׁוּר,,,Gueschur = «orgueilleux»,9,
H1651,גְּשׁוּרִי,,,Gueschuriens = voir Gueschur,6,
H1652,גָּשַׁם,,,pluie,1,
H1653,גֶּ֫שֶׁם,,,"pluie, averse",35,
H1654,גֶּ֫שֶׁם,,,"Guéschem = «pluie, averse»",4,
H1655,גְּשֵׁם,,,corps,5,
H1656,גֹּ֫שֶׁם,,,être arrosé de pluie,1,
H1657,גֹּ֫שֶׁן,,,Gosen = «lieu du soleil»,15,
H1658,גִּשְׁפָּא,,,Guischpa = «caresse»,1,
H1659,גָּשַׁשׁ,,,"sentir avec la main, tâtonner, caresser, tâter",2,
H1660,גַּת,,,"pressoir à raisin, cuve à vin",5,
H1661,גַּת,,,Gath = «pressoir de la vendange»,33,
H1662,גַּת הַחֵ֫פֶר,,,Gath-Hépher (Guittha-Hépher) = «le pressoir du puits»,4,
H1663,גִּתִּי,,,Gathiens = «appartenant à Gath»,10,
H1664,גִּתָּ֑יִם,,,Guitthaïm = «deux pressoirs»,2,
H1665,גִּתִּית,,,Guitthith = «un pressoir»,3,
H1666,גֶּ֫תֶר,,,Guéter = «crainte»,2,
H1667,גַּת־רִמּוֹן,,,Gath-Rimmon = «pressoir à grenades»,8,
H1668,דָּא,,,"ce, cette, l’un, l’autre, l’un ou l’autre",6,
H1669,דָּאֵב,,,"devenir faible, languir",3,
H1670,דְּאָבָה,,,"faiblesse, consternation, défaut d’énergie mentale",1,
H1671,דְּאָבוֹן,,,"faiblissant, languissant, faiblesse, souffrance",1,
H1672,דָּאַג,,,"craindre, être inquiet, s’inquiéter de, avoir peur",7,
H1673,דֹּאֵג,,,"Doëg = «craintif, timide»",6,
H1674,דְּאָגָה,,,"anxiété, angoisse, tourmenté, inquiet",6,
H1675,דָּאָה,,,"voler rapidement, se précipiter à travers les airs",4,
H1676,דָּאָה,,,"oiseau de proie au vol rapide (milan?), oiseau de proie",1,
H1677,דֹּב,,,"ours, ourse",12,
H1678,דֹּב,,,ours,1,
H1679,דֹּ֫בֶא,,,"force?, repos? (sens obscur)",1,
H1680,דָּבַב,,,"bouger doucement, glisser",1,
H1681,דִּבָּה,,,"chuchotement, diffamation, mauvaise rumeur",9,
H1682,דְּבוֹרָה,,,abeille,4,
H1683,דְּבוֹרָה,,,Débora = «abeille»,10,
H1684,דְּבַח,,,offrir en sacrifice,1,
H1685,דְּבַח,,,sacrifice,1,
H1686,דִּבְיוֹנִים,,,fiente de pigeons,1,
H1687,דְּבִיר,,,"le saint des saints, la pièce la plus intérieure du temple ou du tabernacle",16,
H1688,דְּבִיר,,,Debir = «sanctuaire»,14,
H1689,דִּבְלָה,,,Dibla = «lieu du gâteau de figues»,1,
H1690,דְּבֵלָה,,,"gâteau de figues, morceau (masse) de figues pressées",5,
H1691,דִּבְלַ֫יִם,,,Diblaïm = «deux gâteaux»,1,
H1692,דָּבַק,,,"s’accrocher, coller, adhérer, suivre étroitement, se joindre, rattraper, saisir",54,
H1693,דְּבֵק,,,"s’accrocher, être unis",1,
H1694,דֶּ֫בֶק,,,"joints, soudure, défaut (d’une cuirasse)",3,
H1695,דָּבֵק,,,"qui se cramponne, qui s’accroche, qui adhère à",3,
H1696,דָבַר,,,"parler, déclarer, converser, commander, promettre, avertir, menacer, chanter",1142,
H1697,דָּבָר,,,"discours, parole, mot, langage, chose",1442,
H1698,דֶּ֫בֶר,,,"pestilence, peste, fléau",49,
H1699,דֹּ֫בֶר,,,pâturage,3,
H1700,דִּבְרָה,,,"cause, manière, raison",5,
H1701,דִּבְרָה,,,"la cause, raison",2,
H1702,דֹּבְרוֹת,,,"ce qui flotte, radeau",1,
H1703,דַּבֶּ֫רֶת,,,"mot, paroles",1,
H1704,דִּבְרִי,,,Dibri = «loquace»,1,
H1705,דָּֽבְרַת,,,Dabrath = «mot»,3,
H1706,דְּבַשׁ,,,"miel, rayon de miel",54,
H1707,דַּבֶּ֫שֶׁת,,,"grappe, bosse (du chameau)",1,
H1708,דַּבֶּ֫שֶׁת,,,Dabbéscheth = «une colline»,1,
H1709,דָּג,,,poisson,19,
H1710,דָּגָה,,,poisson,15,
H1711,דָּגָה,,,"multiplier, augmenter, accroître",1,
H1712,דָּגוֹן,,,Dagon = «un poisson»,13,
H1713,דָּגַל,,,"paraître, voir",4,
H1714,דֶּ֫גֶל,,,"bannière, étendard",14,
H1715,דָּגָן,,,"blé, céréale, grain, épi, froment",40,
H1716,דָּגַר,,,recueillir ensemble comme une couvée,2,
H1717,דַּד,,,"poitrine, sein, mamelon, tétine",4,
H1718,דָּדָה,,,se déplacer lentement,2,
H1719,דְּדָן,,,Dedan = «région basse»,11,
H1720,דְּדָנִי,,,"De Dedan (Dedanim?) = «qui avance», «région basse»",1,
H1721,רוֹדָנִים,,,Dodanim ou Rodanim = «chefs»,2,
H1722,דְּהַב,,,or,23,
H1723,דֵּהָיֵא,,,De Déha (Déhavites?) = «les maladifs»,1,
H1724,דָּהַם,,,"étonner, stupéfier",1,
H1725,דָּהַר,,,"se ruer, fougue, galop (d’un cheval), caracoler",1,
H1726,דַּהֲרָה,,,"fougue, précipitation, galopade",2,
H1727,דּוּב,,,"languir, déprimer",1,
H1728,דַּוָּג,,,pêcheur,1,
H1729,דּוּגָה,,,"pêche, pêcherie",1,
H1730,דּוֹד,,,"bien-aimé, amour, oncle",61,
H1731,דּוּד,,,"pot, jarre, panier, bouilloire",8,
H1732,דָּוִד,,,David = «bien aimé»,1075,
H1733,דֹּדָה,,,"tante, sœur du père, épouse de l’oncle",3,
H1734,דּוֹדוֹ,,,Dodo = «qui aime»,5,
H1735,דּוֹדָוָהוּ,,,Dodava = «bien-aimé de l’Éternel»,1,
H1736,דּוּדַי,,,"mandragore, pomme d’amour",6,
H1737,דּוֹדַי,,,Dodaï = «aimant»,1,
H1738,דָּוָה,,,"être mal, ne pas être dispos, indisposition féminine",1,
H1739,דָּוֶה,,,"faiblesse, indisposition",5,
H1740,דּוּחַ,,,"rincer, nettoyer par rinçage, chasser, purger, laver, purifier",4,
H1741,דְּוַי,,,"maladie, langueur",2,
H1742,דַּוָּי,,,souffrir (du cœur),3,
H1743,דּוּךְ,,,"broyer, battre, piler (dans un mortier)",1,
H1744,דּוּכִיפַת,,,"vanneau, oiseau impur (probablement la huppe)",2,
H1745,דּוּמָה,,,silence,2,
H1746,דּוּמָה,,,Duma = «silence»,3,
H1747,דּוּמִיָּה,,,"silence, calme, repos, attente tranquille",4,
H1748,דּוּמָם,,,"silence, mutisme",3,
H1749,דּוֹנַג,,,cire (toujours un figuré de fondant),4,
H1750,דּוּץ,,,"sauter, danser, bondir (comme de joie)",1,
H1752,דּוּר,,,"entasser, empiler",1,
H1753,דּוּר,,,demeurer,7,
H1754,כַּדּוּר,,,"balle, cercle",3,
H1755,דּוֹר,,,"période, génération, habitation, demeure",167,
H1756,דֹּאר,,,Dor = «génération»,7,
H1757,דּוּרָא,,,Dura = «demeurant»,1,
H1758,דּוּשׁ,,,"marcher dessus, fouler, battre",16,
H1759,דּוּשׁ,,,"marcher dessus, fouler aux pieds",1,
H1760,דָּחָה,,,"pousser, chasser, déborder, chanceler, exiler, être jeté à terre",8,
H1761,דַּחֲוָה,,,"divertissement, instrument de musique, danseuse, concubine, musique",1,
H1762,דְּחִי,,,"trébucher, chuter",2,
H1763,דְּחַל,,,craindre,6,
H1764,דֹּ֫חַן,,,millet,1,
H1765,דָּחַף,,,"conduire vivement, presser, hâter",4,
H1766,דָּחַק,,,"pousser, opprimer, serrer",2,
H1767,דַּי,,,"suffisance, assez",38,
H1768,דִּי,,,"qui, lequel, que",345,
H1769,"דִּיבֹן, דִּימוֹן",,,Dibon = «trop-plein»,11,
H1770,דִּיג,,,"pêcher, attraper du poisson, attraper",1,
H1771,דַּיָּג,,,pêcheur,2,
H1772,דַּיָּה,,,un oiseau de proie (peut-être le milan),2,
H1773,דְּיוֹ,,,encre,1,
H1774,דִּי זָהָב,,,Di-Zahab = «riche en or»,2,
H1775,דִּימוֹן,,,Dimon = «lit du fleuve»,2,
H1776,דִּימוֹנָה,,,Dimona = «lit du fleuve»,1,
H1777,דִּין,,,"juger, contester, plaider",24,
H1778,דִּין,,,juger,1,
H1779,דִּין,,,jugement,20,
H1780,דִּין,,,jugement,5,
H1781,דַּיָּן,,,un juge,2,
H1782,דַּיָּן,,,juge,1,
H1783,דִּינָה,,,"Dina = «jugement, justice»",8,
H1784,דִּינָיֵא,,,Din = «jugement»,1,
H1785,דָּיֵק,,,"rempart, retranchement, mur d’enceinte",6,
H1786,דַּ֫יִשׁ,,,battage du blé (le procédé),1,
H1787,דִּישֹׁן,,,Dischon = «antilope»,7,
H1788,דִּישֹׁן,,,"Chevreuil, Dishon (qui piétine, qui saute...)",1,
H1789,דִּישָׁן,,,Dischan = «antilope»,5,
H1790,דַּךְ,,,"écraser, opprimer",4,
H1791,דֵּךְ,,,"ce, cette, ces",13,
H1792,דָּכָא,,,"écraser, être écrasé, être contrit, être brisé",18,
H1793,דַּכָּא,,,poussière,3,
H1794,דָּכָה,,,"écraser, être écrasé, être contrit, être brisé",5,
H1795,דַּכָּה,,,un écrasement,1,
H1796,דֳּכִי,,,"écrasement, fougueux, tomber avec fracas, bruit retentissant de vagues",1,
H1797,דִּכֵּן,,,"ce, cette, qui",3,
H1798,דְּכַר,,,bélier,3,
H1799,דָּכְרָן,,,"enregistrement, mémorandum, un mémoire",3,
H1800,דַּל,,,"bas, pauvre, faible, mince, celui qui est bas",47,
H1801,דָּלַג,,,sauter,5,
H1802,דָּלָה,,,"tirer, pendre",5,
H1803,דַּלָּה,,,"cheveux, fil, frange, trame",8,
H1804,דָּלַח,,,"remuer (de l’eau), rendre trouble",3,
H1805,דְּלִי,,,seau,2,
H1806,דְּלָיָ֫הוּ,,,Delaja = «l’Éternel a délivré»,7,
H1807,דְּלִילָה,,,Delila = «faible»,6,
H1808,דָּלִיּוֹת,,,"branche, rameau",8,
H1809,דָּלַל,,,"pendre, languir, suspendre, être bas",9,
H1810,דִּלְעָן,,,Dilean = «gourde»,1,
H1811,דָּלַף,,,"tomber, dégoutter",3,
H1812,דֶּ֫לֶף,,,"une gouttière, déversement",2,
H1813,דַּלְפוֹן,,,Dalphon = «qui déverse»,1,
H1814,דָּלַק,,,"brûler, poursuivre ardemment",9,
H1815,דְּלַק,,,brûler,1,
H1816,דַּלֶּ֫קֶת,,,inflammation,1,
H1817,דֶּ֫לֶת,,,"porte, barrière",88,
H1818,דָּם,,,sang,360,
H1819,דָּמָה,,,"être comme, ressembler à",30,
H1820,דָּמָה,,,"cesser, couper, détruire, périr",15,
H1821,דְּמָה,,,"être comme, semblable",2,
H1822,דֻּמָּה,,,"rendu silencieuse, tranquille par la destruction, ce qui est détruit",1,
H1823,דְּמוּת,,,"ressemblance, similitude",25,
H1824,דֳּמִי,,,"cessation, tranquillité, repos, silence, pause",4,
H1825,דִּמְיֹן,,,ressemblance,1,
H1826,דָּמַם,,,"être silencieux, être tranquille, attendre, être muet",30,
H1827,דְּמָמָה,,,"chuchotement, calme",3,
H1828,דֹּ֫מֶן,,,"fumier (toujours de cadavres, figuré)",6,
H1829,דִּמְנָה,,,Dimna = «tas de fumier»,1,
H1830,דָּמַע,,,"pleurer, fondre en larmes",2,
H1831,דֶּ֫מַע,,,jus,1,
H1832,דִּמְעָה,,,pleurs,23,2024-11-01T08:15:49.825Z
H1833,דְּמֶשֶׁק,,,"damas?, soie? (sens incertain)",1,
H1834,דַּמֶּ֫שֶׂק,,,Damas = «silence de celui qui tisse les sacs pour se vêtir»,45,
H1835,דָּן,,,Dan = «un juge»,70,
H1836,דְּנָה,,,"ce, à cause de ceci",58,
H1837,דַּנָּה,,,Danna = «jugement»,1,
H1838,דִּנְהָ֑בָה,,,Dinhaba = «elle rend le jugement»,2,
H1839,דָּנִי,,,Danites = «juge»,5,
H1840,"דָּנִיֵּאל, דָּנִאֵל",,,"le deuxième fils de David, par Abigaïl",24,
H1841,"דָּנִיֵּאל, דָּנִאֵל",,,Daniel = «Dieu est mon juge»,57,2024-11-01T08:15:49.825Z
H1842,יַעַן,,,Dan-Jaan = «jugement dans un but»,1,
H1843,דֵּעַ,,,"connaissance, opinion",5,
H1844,דֵּעָה,,,connaissance (de Dieu),6,
H1845,דְּעוּאֵל,,,Déuel = «ils connaissent Dieu»,4,
H1846,דָּעַךְ,,,"partir, être éteint, sécher",9,
H1847,דַּ֫עַת,,,connaissance,91,
H1848,דֳּפִי,,,"un défaut, une faute",1,
H1849,דָּפַק,,,"battre, cogner, frapper (à la porte)",3,
H1850,דׇּפְקָה,,,Dophka = «qui frappe»,2,
H1851,דַּק,,,"mince, petit, fin, décharné",14,
H1852,דֹּק,,,"voile, rideau, étoffe",1,
H1853,דִּקְלָה,,,Dikla = «bosquet de palmiers»,2,
H1854,דָּקַק,,,"écraser, pulvériser, battre",13,
H1855,דְּקַק,,,"briser en morceaux, mettre en pièces, être brisé",10,
H1856,דָּקַר,,,"percer, pousser à travers, transpercer",11,
H1858,דַּר,,,"perle,",1,
H1859,דָּר,,,génération,4,
H1860,דֵּרָאוֹן,,,"aversion, abhorrer",2,
H1861,דׇּרְבוֹן,,,aiguillon,2,
H1862,דַּרְדַּע,,,Darda = «perle de la connaissance»,1,
H1863,דַּרְדַּר,,,"chardons, épines, ronces",2,
H1864,דָּרוֹם,,,"le midi, le sud",17,
H1865,דְּרוֹר,,,"un flot, le libre cours, la liberté",8,
H1866,דְּרוֹר,,,"une hirondelle, oiseau",2,
H1867,דָּֽרְיָ֫וֶשׁ,,,Darius,10,2024-12-10T09:21:50.000Z
H1868,דָּֽרְיָ֫וֶשׁ,,,Darius = «seigneur»,15,2024-11-01T08:15:49.825Z
H1869,דָּרַךְ,,,"marcher, plier, tendre, bander un arc, conduire, marcher",63,
H1870,דֶּ֫רֶךְ,,,"route, chemin, sentier, chemin",708,
H1871,דַּרְכְּמוֹן,,,"darique, drachme, unité de mesure",4,
H1872,דְּרַע,,,bras,1,
H1873,דָּרַע,,,Dara = «le bras»,1,
H1874,דַּרְקוֹן,,,Darkon = «qui disperse»,2,
H1875,דָּרַשׁ,,,"Avoir recours à, chercher, s’enquérir, exiger",164,
H1876,דָּשָׁא,,,(qal) verdir ; (hif.) produire de la verdure,2,2025-10-06T08:08:42.110Z
H1877,דֶּ֫שֶׁא,,,"herbe, verdure",14,2025-10-06T08:09:51.741Z
H1878,דָּשֵׁן,,,"être gras, engraisser, devenir prospère, oindre",11,
H1879,דָּשֵׁן,,,gras,3,
H1880,דֶּ֫שֶׁן,,,"cendres grasses, embonpoint",15,
H1881,דָּת,,,"décret, loi, édit, règlement, usage",21,
H1882,דָּת,,,"décret, loi",14,
H1883,דֶּ֫תֶא,,,herbe tendre,2,
H1884,דְּתָבָר,,,"jurisconsulte, interprète de décrets, juge, législateur",2,
H1885,דָּתָן,,,Dathan = «appartenant à une fontaine»,10,
H1886,דֹּתָן,,,Dothan = «deux puits»,3,
H1887,הֵא,,,"voici!, voilà!",2,
H1888,הֵא,,,"voici!, voilà!",2,
H1889,הֶאָח,,,ah! ha! en avant!,12,
H1890,הַבְהָב,,,"don, offrande",1,
H1891,הָבַל,,,"agir d’une façon stérile, devenir vain, être vain",5,
H1892,הֶ֫בֶל,,,"vapeur, souffle",73,
H1893,הֶ֫בֶל,,,"Abel = «souffle, vapeur»",8,
H1894,הָבְנִי,,,ébène,1,
H1895,הָבַר,,,diviser,1,
H1896,הֵגֵא,,,Hégaï ou Hégué = «eunuque»,4,
H1897,הָגָה,,,"gémir, grogner, prononcer, méditer, grommeler, méditer, tramer, comploter, parler",25,
H1898,הָגָה,,,"enlever, emporter",3,
H1899,הֶ֫גֶה,,,"grondement, grognement, gémissement",3,
H1900,הָגוּת,,,"méditation, émission, rêverie, pensées",1,
H1901,הָגִיג,,,"chuchotement, rêverie, murmure, pensée intérieure",2,
H1902,הִגָּיוֹן,,,"méditation, musique qui résonne, rêverie",4,
H1903,הָגִין,,,"convenable, approprié",1,
H1904,הָגָר,,,Agar = «fuite»,12,
H1905,הַגְרִי,,,"Hagaréniens

peuple demeurant à l’est de la Palestine, à qui les tribus de Ruben firent la guerre du temps de Saül
un des serviteurs de David Hagri = «errant»",6,
H1906,הֵד,,,"un cri de joie, un cri",1,
H1907,הַדָּבָר,,,"conseiller, ministre",4,
H1908,הֲדַד,,,Hadad = «puissant»,12,
H1909,"הֲדַדְעֶ֫זֶר, הֲדַרְעֶ֫זֶר",,,Hadadézer = «Hadad est le secours»,9,
H1910,הֲדַדְרִמּוֹן,,,Hadadrimmon = « épanouissement des grenades»,2,
H1911,הָדָה,,,étendre (la main),1,
H1912,הֹ֫דּוּ,,,Inde = «qui s’enfuit»,2,
H1913,הֲדוֹרָם,,,Hadoram = «honneur noble»,4,
H1914,הִדַּי,,,Hiddai = «pour la réjouissance de l’Éternel»,1,
H1915,הָדַךְ,,,"jeter à terre, fouler, écraser",1,
H1916,הֲדֹם,,,"escabeau, marchepied",6,
H1917,הַדָּם,,,"membre, grosse branche, membre du corps",2,
H1918,הֲדַס,,,myrte (arbre),6,
H1919,הֲדַסָּה,,,Hadassa = «myrte»,1,
H1920,הָדַף,,,"pousser, conduire, jeter, chasser, expulser",11,
H1921,הָדַר,,,"honorer, orner, glorifier, être haut",7,
H1922,הֲדַר,,,glorifier (Dieu),3,
H1923,הֲדַר,,,"honneur, majesté",3,
H1924,הֲדַר,,,Hadar = «honneur»,1,
H1925,הֶ֫דֶר,,,"ornement, splendeur, gloire",1,
H1926,הָדָר,,,"ornement, splendeur, honneur",30,
H1927,הֲדָרָה,,,"ornement, gloire",5,
H1928,"הֲדַדְעֶ֫זֶר, הֲדַרְעֶ֫זֶר",,,Hadarézer = «Hadad est le secours»,12,
H1929,הָהּ,,,hélas!,1,
H1930,הוֹ,,,"hélas!, ah!",2,
H1931,הוּא,,,"il, elle",1878,
H1932,הוּא,,,"il, elle",22,
H1933,הָוָה,,,"tomber, être, devenir, exister, arriver",6,
H1934,הֲוָא,,,"venir, devenir, être",71,
H1935,הוֹד,,,"splendeur, majesté, vigueur",24,
H1936,הוֹד,,,"Hod = «majesté, splendeur»",1,
H1937,הוֹדְיָה,,,Hodva = «louange de l’Éternel»,1,
H1938,הוֹדַוְיָה,,,Hodavia = «louange de l’Éternel»,4,
H1940,הוֹדִיָּה,,,Hodija = «majesté de l’Éternel»,1,
H1941,הוֹדִיָּה,,,Hodija = «majesté de l’Éternel»,5,
H1942,הַוָּה,,,désirer,16,
H1943,הֹוָה,,,"ruine, désastre",3,
H1944,הוֹהָם,,,Hoham = «celui qui est poussé par l’Éternel»,1,
H1945,הוֹי,,,"ah!, hélas!, ha!, ho!, Ô!, malheur!",51,
H1946,הוּךְ,,,"aller, venir, marcher, être apporté",4,
H1947,הוֹלֵלָה,,,folie,4,
H1948,הוֹלֵלוּת,,,folie,1,
H1949,הוּם,,,"(qal) émouvoir, agiter, troubler • (nif.) être agité • (hif.) faire du bruit ; se lamenter",5,2026-02-20T14:22:41.033Z
H1950,הוֹמָ֑ם,,,Homam = «confusion»,1,
H1951,הוּן,,,"être facile, être prêt",1,
H1952,הוֹן,,,"richesse, substance",26,
H1953,יְהוֹשָׁמָע,,,Hoschama = «celui que l’Éternel entend»,1,
H1954,הוֹשֵׁעַ,,,"Hosée (Osée) = «salut, sauve»",16,
H1955,הוֹשַׁעֲיָה,,,Hosée = «l’Éternel a sauvé»,3,
H1956,הוֹתִיר,,,Hothir = «abondance»,2,
H1957,הָזָה,,,"rêver, sommeiller, délirer",1,
H1958,הִי,,,"lamentation, gémissement",1,
H1959,הֵידָד,,,"un cri, clameur, hurlement",7,
H1960,הֻיְּדוֹת,,,chants de louange,1,
H1961,הָיָה,,,"être, devenir, exister, arriver",3562,
H1963,הֵיךְ,,,comment,2,
H1964,הֵיכָל,,,"palais, temple, nef, sanctuaire",80,
H1965,הֵיכַל,,,"palais, temple",13,
H1966,הֵילֵל,,,Lucifer  «porteur de lumière»,1,
H1967,הֵימָם,,,Hémam = «qui extermine»,1,
H1968,הֵימָן,,,Héman = «fidèle»,17,
H1969,הִין,,,hin,22,
H1970,הָכַר,,,traiter faussement,1,
H1971,הַכָּרָה,,,"aspect, apparence, expression",1,
H1972,הָלָא,,,"être envoyé au loin, être enlevé loin de",1,
H1973,הָֽ֫לְאָה,,,"hors de, en avant, plus loin",16,
H1974,הִלּוּל,,,"réjouissance, louange",2,
H1975,הַלָּז,,,"ce, ces, cet, cette, celui-ci, là-bas",7,
H1976,הַלָּזֶה,,,"ce, cet, celui-ci, là-bas",2,
H1977,הַלֵּ֫זוּ,,,"ce, cet, cette,",1,
H1978,הָלִיךְ,,,"pas, pied",1,
H1979,הֲלִיכָה,,,"aller, faire, groupe de voyage, chemin",6,
H1980,הָלַךְ,,,"aller, marcher, venir",1549,
H1981,הֲלַךְ,,,"marcher, aller",3,
H1982,הֵ֫לֶךְ,,,voyageur,2,
H1983,הֲלָךְ,,,"péage, droit de passage, tribut",3,
H1984,הָלַל,,,"(qal) briller, se vanter ; (piel) louer",165,
H1985,הִלֵּל,,,Hillel = «louant»,2,
H1986,הָלַם,,,"frapper, marteler, battre, sonner",8,
H1987,הֶ֫לֶם,,,Hélem = «celui qui frappe»,1,
H1988,הֲלֹם,,,"ici, jusqu’ici",12,
H1989,הַלְמוּת,,,"marteau, maillet",1,
H1990,הָ֑ם,,,Ham = «chaud»,1,
H1991,הֵם,,,"abondance, clameur (sens incertain)",1,
H1992,הֵ֫מָּה,,,"ils, ces, le même, qui",552,
H1993,הָמָה,,,"murmurer, grogner, rugir, pleurer, faire du bruit, tumulte, clameurêtre bruyant, être troublé",34,
H1994,הִמּוֹ,,,"ils, eux",12,
H1995,הָמוֹן,,,"murmurer, hurler, foule, abondance, tumulte, son",83,
H1996,הֲמוֹן גּוֹג,,,Hamon-Gog = «multitude de Gog»,4,
H1997,הֲמוֹנָהֿ,,,Hamona = «multitude»,1,
H1998,הֶמְיָה,,,"son, musique (d’instruments)",1,
H1999,הֲמֻלָּה,,,"ruée, hurlement, orage de pluie, rugissement",2,
H2000,הָמַם,,,"se déplacer bruyamment, faire du bruit, défaire, rompre, consumer, écraser, détruire, inquiéter, vexer",14,
H2001,הָמָן,,,Haman = «magnifique»,54,
H2002,הַמְנִיכָא,,,"collier, chaîne",3,
H2003,הֶ֫מֶס,,,"broussailles, bois sec",1,
H2005,הֵן,,,voici ; si,316,2025-02-27T09:45:58.000Z
H2006,הֵן,,,"voici, si, soit que, si",19,
H2007,הֵנָּה,,,"ils, elles, ces, qui, les mêmes",30,
H2008,הֵ֫נָּה,,,"ici, là, maintenant, jusqu’ici",49,
H2009,הִנֵּה,,,"voici, voilà, voir, si",843,
H2010,הֲנָחָה,,,"un jour de repos, vacances, donner du repos, accorder des vacances",1,
H2011,הִנֹּם,,,Hinnom = «lamentation»,13,
H2012,הֵנַע,,,Héna = «qui trouble»,3,
H2013,הַס,,,"chut!, silence, être silencieux, tenir sa langue, tranquille",8,
H2014,הֲפוּגָה,,,"cessation, arrêt, engourdissement",1,
H2015,הָפַךְ,,,"tourner, renverser, contourner",94,
H2016,הֶ֫פֶךְ,,,"contraire, opposé, différence, renversé, perversité",2,
H2017,הֹפֶךְ,,,"perversité, renversement des choses, corrompre",1,
H2018,הֲפֵכָה,,,"renversement, désastre",1,
H2019,הֲפַכְפַּךְ,,,"tortueux, perverti",1,
H2020,הַצָּלָה,,,"délivrance, fuite",1,
H2021,הֹ֫צֶן,,,"armure?, armes?, chars? (sens incertain)",1,
H2022,הַר,,,"colline, montagne, région de collines ou de montagnes, mont",547,
H2023,הֹר,,,Hor = «montagne»,12,
H2024,הָרָא,,,Hara = «territoire de la montagne»,1,
H2025,הַרְאֵל,,,"autel, foyer autel",1,
H2026,הָרַג,,,"tuer, assassiner, détruire, meurtrier, tueur, assassin",167,
H2027,הֶ֫רֶג,,,"tuer, assassiner",5,
H2028,הֲרֵגָה,,,"une tuerie, un massacre",5,
H2029,הָרָה,,,"concevoir, devenir enceinte, enfanter, être avec un enfant, progéniture",43,
H2030,הָרָה,,,enceinte,16,
H2031,הַרְהֹר,,,"conception mentale, fantaisie, image, se figurer, imagination",1,
H2032,הֵרָיוֹן,,,"conception physique, grossesse, concevoir",3,
H2033,הֲרוֹרִי,,,D’Haror (Harorite?) = «le montagnard»,1,
H2034,הֲרִיסָה,,,ruine,1,
H2035,הֲרִיסוּת,,,"destruction, ruine, renversement",1,
H2036,הֹרָם,,,"Horam = « élevé, exalté»",1,
H2037,הָרֻם,,,"Harum = «exalté, haut»",1,
H2038,הַרְמוֹן,,,Harmon = «haute forteresse»,1,
H2039,הָרָן,,,Haran = «montagnard»,7,
H2040,הָרַס,,,"(qal) démolir, détruire, casser ; (nif.) être démoli, être mis en ruines ; (piel) démolir, détruire",43,2024-11-01T08:15:49.825Z
H2041,הֶ֫רֶס,,,"renversement, destruction",1,
H2042,הָרָר,,,"montagne, colline, mont",12,
H2043,הֲרָרִי,,,habitant ou descendant d’Harar ; peut-être seulement un montagnard,5,
H2044,הָשֵׁם,,,Haschem = «gras»,1,
H2045,הַשְׁמָעוּת,,,"faire entendre, un rapport, une communication",1,
H2046,הִתּוּךְ,,,une fusion,1,
H2047,הֲתָךְ,,,Hathac = «véritablement»,4,
H2048,תָּלַל,,,"se moquer de, tromper",10,
H2049,הֲתֻלִֿים,,,"moquerie, moqueur",1,
H2050,הוּת,,,"crier à, être frénétique, assaillir, accabler, imaginer le mal",1,
H2051,וְדָן,,,Vedan = «et Dan»,1,
H2052,וָהֵב,,,Vaheb = «ce qu’il a fait»,1,
H2053,וָו,,,"crochet, croc, cheville, clou, épingle, hameçon",13,
H2054,וָזָר,,,"coupable, chargé de culpabilité, étrange",1,
H2055,וַיְזָתָא,,,Vajezatha = «fort comme le vent»,1,
H2056,וָלָד,,,"enfant, descendant, progéniture",1,
H2057,וַנְיָה,,,Vania = «l’Éternel est louange»,1,
H2058,וׇפְסִי,,,Vophsi = «riche»,1,
H2059,וַשְׁנִי,,,Vaschni = «fort»,1,
H2060,וַשְׁתִּי,,,"Vasthi = «la meilleure, la bien-aimée»",10,
H2061,זְאֵב,,,loup,7,
H2062,זְאֵב,,,Zeeb = «loup»,6,
H2063,זֹאת,,,"cette, cela, celle-ci, celle-là",604,2024-11-01T08:15:49.825Z
H2064,זָבַד,,,"doter, faire un don, accorder",1,
H2065,זֶ֫בֶד,,,"dotation, don, cadeau",1,
H2066,זָבָד,,,"Zabad = «il donne, il dote»",8,
H2067,זַבְדִּי,,,"Zabdi = «dotation, il (Dieu) a donné»",6,
H2068,זַבְדִּיאֵל,,,Zabdiel = «don de Dieu»,2,
H2069,זְבַדְיָהוּ,,,Zebadia ou Zebadja = «don de l’Éternel»,9,
H2070,זְבוּב,,,mouche,2,
H2071,זָבוּד,,,Zabud = «donné (par Dieu)»,1,
H2073,זְבֻל,,,"élevé, résidence, élévation, demeure élevée, hauteur, habitation",5,
H2074,זְבוּלֻן,,,Zabulon = «habitation»,45,
H2075,זְבוּלֹנִי,,,Zabulonite  voir Zabulon,3,
H2076,זָבַח,,,"abattre, tuer, sacrifier, abattre pour le sacrifice",134,
H2077,זֶ֫בַח,,,sacrifice,162,
H2078,זֶ֫בַח,,,Zébach = «privé de protection»,12,
H2079,זַבַּי,,,Zabbaï = «pur»,1,
H2080,זְבוּדָה,,,Zebudda = «donné»,1,
H2081,זְבִינָא,,,"Zebina = «acheté, acquis»",1,
H2082,זָבַל,,,"exalter, honorer, habiter avec",1,
H2083,זְבֻל,,,Zebul = «habitation»,6,
H2084,זְבַן,,,"acheter, gagner",1,
H2085,זָג,,,(sens incertain),1,
H2086,זֵד,,,"arrogant, orgueilleux, insolent, présomptueux",13,
H2087,זָדוֹן,,,"orgueil, insolence, présomption, arrogance",11,
H2088,זֶה,,,"ce, celui-ci, ici, qui, cecicela, l’un l’autre, un autre, tel",1179,
H2090,זֹה,,,"ce, cet, cette, ces",11,
H2091,זָהָב,,,or,389,
H2092,זָהַם,,,"détester, être dégoûtant",1,
H2093,זָ֑הַם,,,Zaham = «dégoût»,1,
H2094,זָהַר,,,"réprimander, avertir, enseigner, briller, être brillant",22,
H2095,זְהַר,,,"prendre garde, faire attention, se soucier de, avertir",1,
H2096,זֹ֫הַר,,,"éclat, brillant",2,
H2097,זוֹ,,,"ce, tel",2,
H2098,זוּ,,,"ce, cet, tel",15,
H2099,זִו,,,Ziv = «éclat (des fleurs épanouies)»,2,
H2100,זוּב,,,"couler, jaillissement, perte, décharge",42,
H2101,זוֹב,,,"un flot, une perte, un flux",13,
H2102,זִיד,,,"bouillir, faire bouillir, agir orgueilleusement, agir comme un présomptueux, être arrogant, avoir une fierté rebelle",10,
H2103,זוּד,,,"agir orgueilleusement, être présomptueux",1,
H2104,זוּזִים,,,Zuzim = «créatures qui rodent»,1,
H2105,זוֹחֵת,,,Zocheth = «qui libère»,1,
H2106,זָוִית,,,coin,2,
H2107,זוּל,,,"verser, prodiguer",2,
H2108,זוּלָה,,,"un enlèvement, un éloignement",16,
H2109,זוּן,,,nourrir,1,
H2110,זוּן,,,nourrir,1,
H2111,זוּעַ,,,"trembler, trembloter, être dans la terreur",3,
H2112,זוּעַ,,,trembler,2,
H2113,זְוָעָה,,,"horreur, objet de terreur, tremblement, une cause de tremblement",1,
H2114,זוּר,,,"être étrange, être un étranger",77,
H2115,זוּר,,,"presser, serrer, écraser",3,
H2116,זוּרֶה,,,une chose qui est écrasée,1,
H2117,זָזָא,,,Zara = « éclat»,1,
H2118,זָחַח,,,"enlever, déplacer",2,
H2119,זָחַל,,,"se rétrécir, ramper, se traîner",3,
H2120,זֹחֶ֫לֶת,,,"Zohéleth = «serpent, ou rampant»",1,
H2121,זֵידוֹן,,,"remuant, turbulent, orgueilleux, insolent",1,
H2122,זִיו,,,"éclat, splendeur, couleur",6,
H2123,זִיז,,,"créatures qui se meuvent, les choses qui bougent",3,
H2124,זִיזָא,,,"Ziza = «abondance, fertilité»",2,
H2125,זִיזָה,,,Zina = «abondance»,1,
H2126,זִינָא,,,Zina = «bien nourri»,1,
H2127,זִיעַ,,,"Zia = «tumulte, terreur»",1,
H2128,זִיף,,,Ziph = «créneau»,10,
H2129,זִיפָה,,,Zipha = «créneau»,1,
H2130,זִיפִי,,,Ziphiens = «les fondeurs»,3,
H2131,זֵק,,,"étincelle, projectile, tison, flèche enflammée",7,
H2132,זַ֫יִת,,,"olive, olivier",38,
H2133,זֵיתָן,,,Zéthan = «olivier»,1,
H2134,זַךְ,,,"propre, pur",11,
H2135,זָכָה,,,"être propre, être pur, être clair",8,
H2136,זָכוּ,,,"pureté, innocence, innocence au regard de Dieu",1,
H2137,זְכוּכִית,,,"verre, cristal, verre fin",1,
H2138,זָכוּר,,,mâle,4,
H2139,זַכּוּר,,,Zaccur ou Zabbud = «attentif»,10,
H2140,זַכַּי,,,"Zabbaï ou Zaccaï = «pur, innocent»",3,
H2141,זָכַךְ,,,"être pur, être brillant, être vif, propre",4,
H2142,זָכַר,,,"se souvenir de, rappeler, ramener à l’esprit",232,
H2143,זֵ֫כֶר,,,"souvenir, mémoire",23,
H2144,זֶ֫כֶר,,,Zéker = «souvenir»,1,
H2145,זָכָר,,,mâle (homme ou animal),82,
H2146,זִכָּרוֹן,,,"souvenir, mémorial",24,2025-02-12T10:27:50.000Z
H2147,זִכְרִי,,,Zicri = «mémorable»,12,
H2148,זְכַרְיָהוּ,,,Zacharie = «l’Éternel se souvient»,43,
H2149,זֻלּוּת,,,"bassesse, vilenie, indignité",1,
H2150,זַלְזַל,,,"sarments, brindilles, vrilles",1,
H2151,זָלַל,,,"être indigne, être vil, être insignifiant, être léger",8,
H2152,זַלְעָפָה,,,chaleur brûlante,3,
H2153,זִלְפָּה,,,Zilpa = «un ruissellement»,7,
H2154,זִמָּה,,,"plan, méchanceté, mauvais projet, méchant dessein",29,
H2155,זִמָּה,,,"Zimma = «intention, complot»",3,
H2156,זְמוֹרָה,,,"branche, brindille, sarment",5,
H2157,זַמְזֻמִּים,,,"Zamzummim = «qui marmottent, criards»",1,
H2158,זָמִיר,,,"chant, psaume",6,
H2159,זָמִיר,,,"branche, taille, élagage",1,
H2160,זְמִירָה,,,"Zemira = «mélodie, chant»",1,
H2161,זָמַם,,,"avoir une pensée, projeter, considérer",13,
H2162,זָמָם,,,"méchants desseins, mauvais projets",1,
H2163,זָמַן,,,"désigner un temps, être fixé, être nommé",3,
H2164,זְמַן,,,"être d’accord ensemble, fixer un temps",1,
H2165,זְמָ֑ן,,,"un temps fixé, un temps",4,
H2166,זְמַן,,,"un temps fixé, un temps, une saison",11,
H2167,זָמַר,,,"chanter, chanter des louanges, faire de la musique",45,
H2168,זָמַר,,,"tailler, élaguer",3,
H2169,זֶ֫מֶר,,,"mouton de montagne, chèvre de montagne, mouflon, gazelle, chamois(sens incertain)",1,
H2170,זְמָר,,,"musique instrumentale, musique",4,
H2171,זַמָּר,,,chanteur,1,
H2172,זִמְרָה,,,"musique, mélodie, chant",4,
H2173,זִמְרָה,,,"fruits de choix, meilleurs produits",1,
H2174,זִמְרִי,,,"fils de Salu, prince de Siméon, tué par Phinées avec la princesse Madianite Cozbi",15,
H2175,זִמְרָן,,,Zimran = «musicien»,2,
H2176,זִמְרָת,,,"chant de louange, chant, musique, mélodie",3,
H2177,זַן,,,"genre, sorte, espèce",3,
H2178,זַן,,,"genre, sorte",4,
H2179,זָנַב,,,découper,2,
H2180,זָנָב,,,"queue, bout, souche",11,
H2181,זָנָה,,,"commettre la fornication, être prostituée, jouer la fille de joie",94,
H2182,זָנוֹחַ,,,Zanoach = «rejeté»,5,
H2183,זְנוּנִים,,,"adultère, fornication, prostitution",12,
H2184,זְנוּת,,,"fornication, prostitution",9,
H2186,זָנַח,,,"repousser, rejeter",20,
H2187,זָנַק,,,"sauter, jaillir",1,
H2188,זֵעָה,,,sueur,1,
H2189,זַעֲוָה,,,"une horreur, un tremblement, objet de terreur ou de tremblement",7,
H2190,זַעֲוָן,,,Zaavan = «dérangé»,2,
H2191,זְעֵיר,,,un peu,5,
H2192,זְעֵיר,,,"un peu, petit",1,
H2193,זָעַךְ,,,"éteindre, être éteint",1,
H2194,זָעַם,,,"(qal) maudire, être en colère ; (nif.) se mettre en colère",12,2024-11-01T08:15:49.825Z
H2195,זַ֫עַם,,,"colère, indignation",22,
H2196,זָעַף,,,"ronger, être triste, être courroucé, enragé, de mauvaise humeur",5,
H2197,זַ֫עַף,,,"rage, fureur, indignation",6,2024-11-01T08:15:49.825Z
H2198,זָעֵף,,,"fâché, furieux, de mauvaise humeur, vexé",2,
H2199,זָעַק,,,"crier, s’écrier, appeler au secours",73,
H2200,זְעִ֑ק,,,"crier, s’écrier, appeler",1,
H2201,זְעָקָה,,,"cri, clameur",18,
H2202,זִפְרֹן,,,Ziphron = «parfum»,1,
H2203,זֶ֫פֶת,,,"poix, goudron, asphalte",3,
H2204,זָקֵן,,,"être vieux, devenir vieux",27,
H2205,זָקֵן,,,vieux,178,
H2206,זָקָן,,,"barbe, menton",19,
H2207,זֹ֫קֶן,,,grand âge,1,
H2208,זְקֻנִים,,,"grand âge, extrême grand âge",4,
H2209,זִקְנָה,,,grand âge,6,
H2210,זָקַף,,,"lever, élever, redresser",2,
H2211,זְקַף,,,"élever, dresser",1,
H2212,זָקַק,,,"purifier, distiller, passer, raffiner",7,
H2213,זֵר,,,"bordure, moulure, couronne",10,
H2214,זָרָא,,,"nausée, dégoût, chose dégoûtante",1,
H2215,זָרַב,,,"dessécher, avoir chaud, être brûlé, être roussi",1,
H2216,זְרֻבָּבֶ֫ל,,,Zorobabel = «rejeton de Babylone»,21,
H2217,זְרֻבָּבֶ֫ל,,,Zorobabel,1,2024-11-01T08:15:49.825Z
H2218,זֶ֫רֶד,,,Zéred = «ruisseau de l’osier»,4,
H2219,זָרָה,,,"(qal) jeter, répandre, vanner, disperser ; (nif.) être dispersé ; (piel) répandre, disperser ; (piel) pénétrer, connaître",39,2024-11-01T08:15:49.825Z
H2220,זְרוֹעַ,,,"bras, avant-bras, épaule, force",91,
H2221,זֵרוּעַ,,,"ce qui est semé, semailles, semence, la chose semée",2,
H2222,זַרְזִיף,,,dégoutter,1,
H2223,זַרְזִיר,,,"ceint, sanglé, utilisé avec  dans",1,
H2224,זָרַח,,,"se lever, apparaître, éclater, s’élever, briller",18,
H2225,זֶ֫רַח,,,"aurore, brillant",1,
H2226,זֶ֫רַח,,,"fils de Réuel et petit-fils d’Ésaï, un des princes d’Édom",21,
H2227,זַרְחִי,,,Zérachites = voir Zérach,6,
H2228,זְרַחְיָה,,,Zerachja = «l’Éternel s’est levé»,5,
H2229,זָרַם,,,"verser, tomber à verse, inonder",2,
H2230,זֶ֫רֶם,,,"averse de pluie, orage, tempête",9,
H2231,זִרְמָה,,,"écoulement, perte",2,
H2232,זָרַע,,,"semer, éparpiller de la semence",56,
H2233,זֶ֫רַע,,,"semence, graine, semailles, descendant",229,
H2234,זְרַע,,,"semence, descendant",1,
H2235,זֵרֹעַ,,,légumes (qui ont été semés),2,
H2236,זָרַק,,,"éparpiller, asperger, jeter, éparpiller abondamment, joncher",35,
H2237,זָרַר,,,éternuer,1,
H2238,זֶ֫רֶשׁ,,,Zéresch = «or»,4,
H2239,זֶ֫רֶת,,,"empan, paume",7,
H2240,זַתּוּא,,,Zatthu = «ornement»,5,
H2241,זֵתָם,,,Zétham = «olivier»,2,
H2242,זֵתַר,,,Zéthar = « étoile»,1,
H2243,חֹב,,,sein,1,
H2244,חָבָא,,,"(nif.) se cacher • (pual) se cacher • (hif.) cacher, protéger • (hof.) être caché, être emprisonné • (hitp.) se cacher ; se solidifier",33,2026-02-20T14:20:25.757Z
H2245,חָבַב,,,"aimer ardemment, chérir",1,
H2246,חֹבָב,,,"Hobab = «chéri, aimé»",2,
H2247,חָבָה,,,"retirer, cacher, se cacher",5,
H2248,חֲבוּלָא,,,"agir de façon nuisible, crime, mal, action méchante, un tort",1,
H2249,חָבוֹר,,,Chabor = «qui joint»,3,
H2250,חַבּוּרָה,,,"meurtrissure, blessure, coup",7,
H2251,חָבַט,,,"battre du blé, battre",5,
H2252,חֲבַיָה,,,Habaja (Hobaja) = «l’Éternel a caché»,2,
H2253,חֶבְיוֹן,,,"dissimulation, couverture, cachette",1,
H2254,חָבַל,,,lier,27,
H2255,חֲבַל,,,"faire mal, détruire",6,
H2256,חֶ֫בֶל,,,"une corde, un cordeau, un territoire, une compagnie",62,
H2257,חֲבָל,,,"faire mal, endommager, blesser",3,
H2258,חֲבֹלָה,,,gage,4,
H2259,חֹבֵל,,,"marin, homme de mer",5,
H2260,חִבֵּל,,,mât (sens incertain),1,
H2261,חֲבַצֶּלֶת,,,"safran des près, crocus, rose, narcisse",2,
H2262,חֲבַצִּנְיָה,,,Habazinia = «lumière de l’Éternel»,1,
H2263,חָבַק,,,"embrasser, étreindre",13,
H2264,חִבֻּק,,,de croiser (les mains),2,
H2265,חֲבַקּוּק,,,Habakuk = «embrasser»,2,
H2266,חָבַר,,,"unir, joindre, lier ensemble, être joint, être accouplé, être associé, avoir de la camaraderie avec, être un charmeur, un enchanteur",29,
H2267,חֶ֫בֶר,,,"association, compagnie, bande, troupe",4,
H2268,חֶ֫בֶר,,,"Héber = «camarade, compagnon»",11,
H2269,חֲבַר,,,"associé, compagnon, ami, camarade",6,
H2270,חָבֵר,,,unis,12,
H2271,חַבָּר,,,"associé, partenaire (de travail)",1,
H2272,חֲבַרְבֻּרָה,,,"taches, rayures, marque",1,
H2273,חַבְרָה,,,"associé, compagnon, collègue",1,
H2274,חֶבְרָה,,,"compagnie, association",1,
H2275,חֶבְרוֹן,,,"Hébron = «association, union, ligue, amitié»",72,
H2276,חֶבְרוֹנִי,,,Hébronites = voir Hébron,6,
H2277,חֶבְרִי,,,Hébrites = voir Héber,1,
H2278,חֲבֶ֫רֶת,,,"compagne, épouse",1,
H2279,חֹבֶ֫רֶת,,,"jonction, une chose jointe",4,
H2280,חָבַשׁ,,,"nouer, lier, seller, bâter, contenir, bander, gouverner",33,
H2281,חֲבִתִּים,,,"gâteaux plats, galettes",1,
H2282,חַג,,,"fête, festin, rassemblement de fête, pèlerinage",62,
H2283,חָגָּא,,,"terreur, chanceler (de terreur)",1,
H2284,חָגָב,,,sauterelle,5,
H2285,חָגָב,,,Hagab = «sauterelle»,1,
H2286,חֲגָבָה,,,Hagaba = «sauterelle»,2,
H2287,חָגַג,,,"célébrer une fête, faire un pèlerinage, danser, chanceler",16,
H2288,חֲגָוִים,,,"fentes, lieux de cachette, retraites",3,
H2289,חָגוֹר,,,"vêtu, ceint, ceinture",1,
H2290,חֲגוֹרָה,,,"gaine, ceinture",8,
H2291,חַגִּי,,,"Haggi = «en fête, joyeux»",3,
H2292,חַגַּי,,,Aggée = «en fête»,11,
H2293,חַגִּיָּה,,,Hagguija = «fête de l’Éternel»,1,
H2294,חַגִּית,,,"Haggith = «joyeux, en fête»",5,
H2295,חׇגְלָה,,,Hogla = «perdrix»,4,
H2296,חָגַר,,,"ceindre, se ceindre, mettre une ceinture",44,
H2297,חַד,,,"un (nombre), même, particulier, premier, chaque, une fois",1,
H2298,חַד,,,un (nombre),14,
H2299,חַד,,,"tranchant, perçant",4,
H2300,חָדַה,,,"être tranchant, être alerte, être aiguisé",6,
H2301,חֲדַד,,,Hadad = «puissant»,2,
H2302,חָדָה,,,réjouir,3,
H2303,חַדּוּד,,,"tranchant, pointu, aiguisé",1,
H2304,חֶדְוָה,,,"joie, réjouissance",2,
H2305,חֶדְוָה,,,joie,1,
H2306,חֲדִי,,,poitrine,1,
H2307,חָדִיד,,,"Hadid = «tranchant, aiguisé, pointu»",3,
H2308,חָדַל,,,"arrêter, cesser, se désister, cesser d’être, laisser non terminé, s’abstenir de",58,
H2309,חֶ֫דֶל,,,"repos, cessation",1,
H2310,חָדֵל,,,"rejeté, abstention, transitoire, fugitif",3,
H2311,חַדְלָ֑י,,,"Hadlaï = «qui cesse, qui patiente»",1,
H2312,חֵ֫דֶק,,,"ronces, épines, piqûre",2,
H2313,חִדֶּ֫קֶל,,,Hiddékel = «rapide»,2,
H2314,חָדַר,,,"entourer, enclore",1,
H2315,חֶ֫דֶר,,,"chambre, pièce, parloir, partie interne, dedans",38,
H2317,חַדְרָ֔ךְ,,,Hadrac = «qui demeure»,1,
H2318,חָדַשׁ,,,"être nouveau, renouveler, réparer",10,
H2319,חָדָשׁ,,,"neuf, nouveau",53,2025-10-15T13:42:26.813Z
H2320,חֹ֫דֶשׁ,,,"la nouvelle lune, mois, mensuel",285,
H2321,חֹ֫דֶשׁ,,,Hodesch = «nouvelle lune»,1,
H2322,חֲדָשָׁה,,,Hadascha = «nouveau»,1,
H2323,חֲדַ֑ת,,,"nouveau, neuf",1,
H2324,חֲוָה,,,"montrer, interpréter, expliquer, informer, dire, déclarer",14,
H2325,חוּב,,,"être coupable, rendre coupable",1,
H2326,חוֹב,,,"une dette, un débiteur",1,
H2327,חוֹבָה,,,Choba = «lieu de cachette»,1,
H2328,חוּג,,,"entourer, encercler, décrire un cercle, dessiner un rond, faire uncercle",1,
H2329,חוּג,,,"cercle, circuit, compas",3,
H2330,חוּד,,,"proposer une énigme, exposer un problème",4,
H2331,חָוָה,,,"dire, déclarer, montrer, faire connaître",6,
H2332,חַוָּה,,,Ève = «vie»,2,
H2333,חַוָּה,,,"village, ville, village de tentes",3,
H2334,חַוּוֹת יָעִיר,,,Havoth-Jaïr = «bourgs de Jaïr»,8,
H2335,חוֹזַי,,,voyant,1,
H2336,חוֹחַ,,,"épine, ronces, fourré, buisson épineux",12,
H2338,חוּט,,,"réparer, joindre",1,
H2339,חוּט,,,"un fil, une corde, une ligne, une ficelle",7,
H2340,חִוִּי,,,Hévien = «villages de tentes» = «villageois»,25,
H2341,חֲוִילָה,,,Havila = «cercle»,7,
H2342,חוּל,,,"tordre, tourner sur soi, danser, se tordre, craindre, trembler, douleurs de l’accouchement, être dans l’angoisse, être peiné",58,
H2343,חוּל,,,Hul = «cercle»,2,
H2344,חוֹל,,,sable,23,
H2345,חוּם,,,"couleur sombre, obscurci, brun ou noir",4,
H2346,חוֹמָה,,,mur,133,
H2347,חוּס,,,"plaindre, avoir compassion, épargner, regarder avec pitié",24,
H2348,חוֹף,,,"rivage, côte, bord de mer",7,
H2349,חוּפָם,,,Hupham = «homme de la côte»,1,
H2350,חוּפָמִי,,,Huphamites = voir Hupham,1,
H2351,חוּץ,,,"dehors, extérieur, rue, en dehors de",164,
H2352,חֻר,,,trou,2,
H2353,חוּר,,,"étoffe blanche, matériaux blancs",2,
H2354,חוּר,,,Hur = «trou»,15,
H2355,חוֹרָ֑י,,,"étoffe blanche, matériaux blancs",1,
H2356,חֹר,,,"trou, caverne",7,
H2357,חָוַר,,,"être blanc, devenir blanc, pâlir",1,
H2358,חִוָּר,,,blanc,1,
H2359,חוּרִי,,,Huri = «qui tisse le lin»,1,
H2360,חוּרַי,,,Huraï = «qui tisse le lin»,1,
H2361,חוּרָם,,,Huram = «noble de naissance»,13,
H2362,חַוְרָן,,,Havran = «cavernes»,2,
H2363,חוּשׁ,,,"se hâter, se presser",20,
H2364,חוּשָׁה,,,Huscha = «hâte »,1,2024-11-01T08:15:49.825Z
H2365,חוּשַׁי,,,"Huschaï = «précipité, hâté»",14,
H2366,חֻשִׁים,,,Huschim = «qui fait se hâter»,4,
H2367,חֻשָׁם,,,Huscham = «avec hâte»,4,
H2368,חֹתָם,,,"sceau, cachet, bague pour sceau",14,
H2369,חוֹתָם,,,"Hotham = «sceau, cachet»",2,
H2370,חֲזָה,,,voir,31,
H2371,חֲזָהאֵל,,,Hazaël = «celui qui voit Dieu»,23,
H2372,חָזָה,,,"voir, apercevoir, regarder, prophétiser, stipuler",55,
H2373,חָזֶה,,,"poitrine (des animaux), poitrine d’un animal en sacrifice",13,
H2374,חֹזֶה,,,voyant,17,
H2375,חֲזוֹ,,,Hazo = «vision»,1,
H2376,חֱזוּ,,,"vision, apparence",12,
H2377,חָזוֹן,,,vision,35,
H2378,חָזוֹת,,,visions,1,
H2379,חֲזוֹת,,,"vue, vision, visibilité",2,
H2380,חָזוּת,,,"vision, position éminente",5,
H2381,חֲזִיאֵל,,,Haziel = «vision de Dieu»,1,
H2382,חֲזָיָה,,,Hazaja = «Dieu a vu»,1,
H2383,חֶזְיוֹן,,,Hezjon = «vision»,1,
H2384,חִזָּיוֹן,,,vision,9,
H2385,חֲזִיז,,,"foudre, éclair, orage, nuage",3,
H2386,חֲזִיר,,,"porc, cochon, sanglier",7,
H2387,חֵזִיר,,,"Hézir = «cochon, sanglier»",2,
H2388,חָזַק,,,"être fort, devenir fort, fortifier, être résolu",291,2025-07-11T15:35:09.326Z
H2389,חָזָק,,,"fort, gros, puissant",56,
H2390,חָזֵק,,,"plus fort, plus haut",2,
H2391,חֵ֫זֶק,,,force,1,
H2392,חֹ֫זֶק,,,force,5,
H2393,חֶזְקָה,,,"force, fort, être fort, forcer, saisir",4,
H2394,חׇזְקָה,,,"force, puissance, violence",5,
H2395,חִזְקִי,,,Hizki = «fort»,1,
H2396,חִזְקִיָּהוּ,,,Ézéchias = «l’Éternel est ma force»,127,2024-11-01T08:15:49.825Z
H2397,חַח,,,"crochet, anneau, chaîne, broche",7,
H2398,חָטָא,,,"pécher, manquer, manquer la voie, encourir la culpabilité, forfaire, purifier",238,
H2399,חֵטְא,,,péché,33,
H2400,חַטָּא,,,pécheurs,19,
H2401,חֲטָאָה,,,"péché, victime expiatoire, offrande de culpabilité",8,
H2402,חַטָּאָה,,,offrande de culpabilité,1,
H2403,חַטָּאת,,,péché,295,2024-11-01T08:15:49.825Z
H2404,חָטַב,,,"couper, rassembler",9,
H2405,חֲטֻבוֹת,,,"fabrications colorées, étoffes",1,
H2406,חִטָּה,,,blé,30,
H2407,חַטּוּשׁ,,,Hattusch = «assemblé»,5,
H2408,חֲטָי,,,péché,1,
H2410,חֲטִיטָא,,,Hathitha = «explorant»,2,
H2411,חַטִּיל,,,Hatthil = «douteux»,2,
H2412,חֲטִיפָא,,,"Hathipha = «saisi, captif»",2,
H2413,חָטַם,,,"se retenir, contenir, restreindre",1,
H2414,חָטַף,,,"attraper, saisir",3,
H2415,חֹטֵר,,,"branche, brindille, verge",2,
H2416,חַי,,,"vivant, vif",498,
H2417,חַי,,,"vivant, qui vit, la vie",7,
H2418,חֲיָא,,,vivre,6,
H2419,חִיאֵל,,,Hiel = «Dieu est vivant»,1,
H2420,חִידָה,,,"énigme, question difficile, parabole, parole ou question énigmatique, question qui laisse perplexe",17,
H2421,חָיָה,,,"vivre, avoir la vie, revenir à la vie, vivre dans la prospérité, vivre éternellement, guérir, survivre",282,
H2422,חָיֶה,,,"vigoureux, vif, ayant la vigueur de la vie",1,
H2423,חֵיוָא,,,"bête, animal",20,
H2424,חַיּוּת,,,vivant,1,
H2425,חָיַי,,,"vivre, avoir la vie, vivre dans la prospérité, vivre éternellement, être ramené à la vie ou à la santé",1,2024-11-01T08:15:49.825Z
H2426,חֵל,,,"rempart, forteresse, mur",7,
H2427,חִיל,,,"douleur, angoisse, peine",7,
H2428,חַ֫יִל,,,"force, puissance, compétence, richesse, armée",246,
H2429,חַ֫יִל,,,"force, armée, pouvoir",7,
H2430,חֵילָה,,,"rempart, retranchement, forteresse",1,
H2431,חֵילָם,,,Hélam = «forteresse»,2,
H2432,חִילֵן,,,Hilen = «endroit des cavernes»,1,
H2433,חִין,,,"beauté, grâce, avenant",1,
H2434,חַ֫יִץ,,,"mur, mur épais, muraille",1,
H2435,חִיצוֹן,,,"extérieur, externe, en dehors",25,
H2436,חֵיק,,,"sein, creux, fond, milieu",38,
H2437,חִירָה,,,Hira = «une race noble»,2,
H2438,חִירָם,,,"Hiram, Huram = «noble»",22,
H2440,חִישׁ,,,"rapidement, vite, tôt",1,
H2441,חֵךְ,,,"bouche, palais, goûter, gencives",18,
H2442,חָכָה,,,"attendre, espérer",14,
H2443,חַכָּה,,,"crochet, pêcher à la ligne, hameçon",3,
H2444,חֲכִילָה,,,"Hakila = «sombre, lugubre»",3,
H2445,חַכִּים,,,"homme sage, un sage",14,
H2446,חֲכַלְיָה,,,Hacalia = «celui que l’Éternel éclaire»,2,
H2447,חַכְלִילִי,,,ennuyeux,1,
H2448,חַכְלִלוּת,,,"rougeur, monotonie",1,
H2449,חָכַם,,,être sage,27,
H2450,חָכָם,,,"sage, sagesse",138,
H2451,חׇכְמָה,,,sagesse,153,
H2452,חׇכְמָה,,,sagesse,8,
H2453,חַכְמוֹנִי,,,Hacmoni = «sage»,2,
H2455,חֹל,,,"profane, vulgarité, non saint, commun, sable",7,
H2456,חָלָא,,,"souffrir, être malade, être morbide",1,
H2457,חֶלְאָה,,,"rouille, scories",5,
H2458,חֶלְאָה,,,Hélea = «rouille»,2,
H2459,חֵ֫לֶב,,,"gras, graisse",92,
H2460,חֵ֫לֶב,,,Héleb = «lait»,1,
H2461,חָלָב,,,"lait, petit lait, lait caillé, fromage",44,
H2462,חֶלְבָּה,,,Helba = «fertilité»,1,
H2463,חֶלְבּוֹן,,,"Helbon = «gras, fertile»",1,
H2464,חֶלְבְּנָה,,,galbanum,1,
H2465,חֶ֫לֶד,,,"âge, durée de vie, le monde",5,
H2466,חֵ֫לֶד,,,Héled = «transitoire»,1,
H2467,חֹ֫לֶד,,,"belette, taupe",1,
H2468,חֻלְדָּה,,,"Hulda = «belette, taupe»",2,
H2469,חֶלְדַּי,,,Heldaï = «mondain»,2,
H2470,חָלָה,,,"être ou devenir faible, être ou devenir malade, affligé, fâché",76,
H2471,חַלָּה,,,"gâteau, (si percé, probablement perforé)",14,
H2472,חֲלוֹם,,,"rêve, songe",65,
H2473,חֹלוֹן,,,Holon = «sablonneux»,3,
H2474,חַלּוֹן,,,fenêtre (une percée dans un mur),31,
H2475,חֲלוֹף,,,"destruction, évanouissement, destiné à la destruction",1,
H2476,חֲלוּשָׁה,,,"faiblesse, défaite, prostration",1,
H2477,חֲלַח,,,Chalach = «douloureux»,3,
H2478,חַלְחוּל,,,Halhul = «tremblement»,1,
H2479,חַלְחָלָה,,,"douleur, tremblement, terreur, se tordre, angoisse",4,
H2480,חָלַט,,,"prendre, attraper, choisir (un mot)",1,
H2481,חֲלִי,,,"joaillerie, ornement",2,
H2482,חֲלִי,,,"Hali = «collier, joyau»",1,
H2483,חֳלִי,,,maladie,24,
H2484,חֶלְיָה,,,"bijoux, bijouterie, joaillerie",1,
H2485,חָלִיל,,,"pipeau, flûte",6,
H2486,חָלִ֫ילָה,,,"loin de moi, Dieu nous en garde, que ceci ne soit pas",21,
H2487,חֲלִיפָה,,,"change, rechange (de vêtements), remplacement",12,
H2488,חֲלִיצָה,,,"ce qui est enlevé (d’une personne en guerre), armure, ceinture",2,
H2489,חֵֽלְכָה,,,"malheureux, pauvre, personne infortunée",2,
H2490,חָלַל,,,"profaner, souiller, polluer, commencer",143,
H2491,חָלָל,,,"tué, blessé mortellement, percé",94,
H2492,חָלַם,,,"rêver, songer",29,
H2493,חֵ֫לֶם,,,"rêve, songe",22,
H2494,חֵ֫לֶם,,,Hélem = «force»,1,
H2495,חַלָּמוּת,,,peut-être une plante insipide au jus épais,1,
H2496,חַלָּמִישׁ,,,"pierre, rocher",5,
H2497,חֵלֹן,,,"Hélon = «fort, valeureux»",5,
H2498,חָלַף,,,"passer, aller au loin, passer à travers, changer, s’avancer",28,
H2499,חֲלַף,,,"passer, surpasser, dépasser",4,
H2500,חֵ֫לֶף,,,en échange de,2,
H2501,חֵ֫לֶף,,,Héleph = « échange»,1,
H2502,חָלַץ,,,"enlever, tirer, retirer, équiper (pour la guerre), armer, sauver, être sauvé",44,
H2503,חֶ֫לֶץ,,,Halets ou Hélets = «il a sauvé»,5,
H2504,חָלָץ,,,reins,10,
H2505,חָלַק,,,"diviser, partager, piller, allouer, répartir, assigner",65,
H2506,חֵ֫לֶק,,,"portion, part, partage, territoire",67,
H2507,חֵ֫לֶק,,,"Hélek = «part, portion, lot»",2,
H2508,חֲלָק,,,"portion, possession, lot, partage",3,
H2509,חָלָק,,,"flatteur, lisse",4,
H2510,חָלָק,,,"Halak = «lisse, nu, dénudé»",2,
H2511,חַלָּק,,,"lisse, poli",1,
H2512,חַלֻּק,,,"lisse, poli",1,
H2513,חֶלְקָה,,,"portion, parcelle",29,
H2514,חֲלַקָּה,,,"flatterie, douceur, promesses mielleuses",1,
H2515,חֲלֻקָּה,,,"division, part, portion",1,
H2516,חֶלְקִי,,,Hélekites = «flatteurs»,1,
H2517,חֶלְקָ֑י,,,Helkaï = «ma part est l’Éternel»,1,
H2518,חִלְקִיָּהוּ,,,Hilkija = «ma part est l’Éternel»,34,
H2519,חֲלַקְלַקּוֹת,,,"flatterie, promesses mielleuses, paroles doucereuses",4,
H2520,חֶלְקָת֙,,,Helkath = «lisse»,2,
H2521,חֶלְקַת הַצֻּרִים,,,Helkath-Hatsurim = «champ des épées»,2,
H2522,חָלַשׁ,,,"être faible, être prostré",3,
H2523,חַלָּשׁ,,,faible,1,
H2524,חָם,,,"beau-père, père du mari ou de l’épouse",4,
H2525,חָם,,,"chaud, chauffer",2,
H2526,חָם,,,"Cham = «chaud, bouillant»",16,
H2527,חֹם,,,"chaleur, chaud",10,
H2528,חֱמָא,,,"colère, rage",2,
H2529,חֶמְאָה,,,"lait caillé, beurre, crème",10,
H2530,חָמַד,,,"désirer, convoiter, prendre plaisir en, être enchanté dans",25,
H2531,חֶ֫מֶד,,,"désir, délices, beauté, désirable, agréable, plaisant",6,
H2532,חֲמוּדָה,,,"désir, ce qui est désirable",21,
H2533,חֶמְדָּן,,,Hemdan = «désir»,1,
H2534,חֵמָה,,,"chaleur, rage, déplaisir, indignation, colère, courroux, poison",125,
H2535,חַמָּה,,,"soleil, chaleur du soleil, chaleur",6,
H2536,חַמּוּאֵל,,,Hammuel = «chaleur ou colère de Dieu»,1,
H2537,חֲמוּטַל,,,Hamuthal = «le beau-père est protection»,3,
H2538,חָמוּל,,,"Hamul = « épargné, plaint»",3,
H2539,חָמוּלִי,,,Hamulites = « épargnés»,1,
H2540,חַמּוֹן,,,"Hammon = «brillant, chaud»",2,
H2541,חָמוֹץ,,,"l’oppresseur, l’impitoyable",1,
H2542,חַמּוּק,,,"courbe, contour",1,
H2543,חֲמוֹר,,,"âne, ânesse",96,
H2544,חֲמוֹר,,,Hamor = «un âne»,13,
H2545,חֲמוֹת,,,"belle-mère, mère du mari",11,
H2546,חֹ֫מֶט,,,se trouve seulement sur la liste des animaux impurs,1,
H2547,חֻמְטָה,,,Humta = «endroit des lézards (ou des limaçons)»,1,
H2548,חָמִיץ,,,assaisonné,1,
H2549,חֲמִישִׁי,,,cinquième,45,2025-10-03T10:41:31.176Z
H2550,חָמַל,,,"épargner, avoir pitié, avoir compassion de",41,2024-11-01T08:15:49.825Z
H2551,חֶמְלָה,,,"miséricorde, pitié, compassion",2,
H2552,חָמַם,,,"avoir chaud, devenir chaud",21,
H2553,חַמָּן,,,"autel des encens, idole, image",8,
H2554,חָמַס,,,"faire mal, agir avec violence, brutaliser",8,
H2555,חָמָס,,,"violence, ce qui est faux, cruauté, injustice",60,
H2556,חָמֵץ,,,"être levé, être aigre",8,
H2557,חָמֵץ,,,"ce qui est levé, le levain",11,
H2558,חֹ֫מֶץ,,,vinaigre,6,
H2559,חָמַק,,,"se retirer, s’en aller",2,
H2560,חָמַר,,,"bouillir, écumer, fermenter",6,
H2561,חֶ֫מֶר,,,vin,1,
H2562,חֲמַר,,,vin,6,
H2563,חֹ֫מֶר,,,"ciment, mortier, argile",31,
H2564,חֵמָר,,,"de la vase, poix, asphalte, bitume",3,
H2565,חֲמוֹר,,,"tas, monceau",2,
H2566,חַמְרָן,,,Amram = «le peuple est exalté»,1,
H2567,חָמַשׁ,,,"arranger en multiples de cinq, prendre un cinquième",1,
H2568,חָמֵשׁ,,,cinq,344,
H2569,חֹ֫מֶשׁ,,,le cinquième d’un ensemble,1,
H2570,חֹ֫מֶשׁ,,,"ventre, abdomen, cinquième des côtes",4,
H2571,חֲמֻשִׁים,,,"en rang de bataille, alignés par cinq, armé",4,
H2572,חֲמִשִּׁים,,,cinquante,163,
H2573,חֵ֫מֶת,,,outre de peau,3,
H2574,חֲמָת,,,Hamath = «forteresse»,35,
H2575,חַמַּת,,,Hammath = «source chaude»,2,
H2576,חַמֹּת דֹּאר,,,Hammoth-Dor = «sources chaudes de Dor»,2,
H2577,חֲמָתִי,,,Hamathien = voir Hamath,2,
H2578,חֲמַת צוֹבָה,,,Hamath-Tsoba = «forteresse de Tsoba»,2,
H2579,חֲמַת רַבָּה,,,Hamath-Rabba = «enclos du courroux du peuple»,2,
H2580,חֵן,,,"faveur, grâce, charme",69,
H2581,חֵן,,,"Hen = «faveur, grâce»",1,
H2582,חֵנָדָד,,,Hénadad = «faveur de Hadad»,4,
H2583,חָנָה,,,"(qal) décliner ; s'installer, camper",143,2026-02-20T14:17:12.087Z
H2584,חַנָּה,,,"Anne = «grâce, faveur»",13,
H2585,חֲנוֹךְ,,,"Hénoc (Enoch) = «dédié, initié, consacré»",16,
H2586,חָנוּן,,,Hanun = «favorisé»,11,
H2587,חַנּוּן,,,miséricordieux,13,
H2588,חָנוּת,,,"cellule, pièce voûtée",1,
H2590,חָנַט,,,"embaumer, épicer, rendre épicé",5,
H2591,חִנְטָה,,,"blé, froment",2,
H2592,חַנִּיאֵל,,,Hanniel = «grâce de Dieu»,2,
H2593,חָנִיךְ,,,"entraîné, instruit, serviteur zélé, expérimenté, éprouvé",1,
H2594,חֲנִינָה,,,"faveur, compassion",1,
H2595,חֲנִית,,,Lance,47,
H2596,חָנַךְ,,,"entraîner, dédier, inaugurer",5,
H2597,חֲנֻכָּה,,,dedicace,4,
H2598,חֲנֻכָּה,,,"dédicace, consécration",8,
H2599,חֲנֹכִי,,,Hénokites = voir Hénoc «dédié»,1,
H2600,חִנָּם,,,"gratuitement ; en vain, sans raison",32,2025-07-17T13:25:12.795Z
H2601,חֲנַמְאֵל,,,Hanameel = «Dieu a pitié»,4,
H2602,חֲנָמֵל,,,"gelée, inondation, grésil (sens incertain)",1,
H2603,חָנַן,,,"être miséricordieux, montrer de la faveur, pitié",78,
H2604,חֲנַן,,,montrer de la faveur,2,
H2605,חָנָן,,,Hanan = «il est miséricordieux»,12,
H2606,חֲנַנְאֵל,,,Hananeel = «Dieu a été miséricordieux»,4,
H2607,חֲנָנִי,,,"un des fils d’Héman, chef musicien de David, et chef du dix-huitième rang de service",11,
H2608,חֲנַנְיָ֫הוּ,,,Hanania = «Dieu a été miséricordieux»,29,
H2609,חָנֵס,,,Hanès = «la grâce a coulé»,1,
H2610,חָנֵף,,,"être profané, être souillé, être pollué, être corrompu",11,
H2611,חָנֵף,,,"hypocrite, athée, profane, sans religion",13,
H2612,חֹ֫נֶף,,,"hypocrisie, impiété, d’une manière profane",1,
H2613,חֲנֻפָּה,,,"profanation, pollution, hypocrisie, impiété",1,
H2614,חָנַק,,,"étrangler, s’étrangler",2,
H2615,חַנָּתֹן,,,Hannathon = «regardé avec faveur»,1,
H2616,חָסַד,,,"être bon, être aimable",3,
H2617,חֶ֫סֶד,,,"bonté, miséricorde, fidélité",247,
H2618,חֶ֫סֶד,,,Hésed = «fidélité»,1,
H2619,חֲסַדְיָה,,,Hasadia = «l’Éternel a été fidèle»,1,
H2620,חָסָה,,,"(qal) chercher refuge, s’enfuir pour sa protection",37,
H2621,חֹסָה,,,Hosa = «refuge»,5,
H2622,חָסוּת,,,"refuge, abri",1,
H2623,חָסִיד,,,"fidèle, aimable, pieux, saint",33,
H2624,חֲסִידָה,,,cigogne,6,
H2625,חָסִיל,,,sauterelle,6,
H2626,חֲסִין,,,"fort, puissant",1,
H2627,חַסִּר,,,"manquant de, ayant besoin, insuffisant, déficient",1,
H2628,חָסַל,,,"(qal) consumer, finir, terminer, amener à une fin",1,
H2629,חָסַם,,,"(qal) arrêter, empêcher, museler",2,
H2630,חָסַן,,,"(nif.) être conservé, être thésaurisé, mis en magasin",1,2025-07-10T14:41:21.004Z
H2631,חֲסַן,,,(Aphel) prendre possession de,2,
H2632,חֵ֫סֶן,,,"puissance, force, pouvoir (du roi)",2,
H2633,חֹ֫סֶן,,,"richesse, trésor, abondance",5,
H2634,חָסֹן,,,fort,2,
H2635,חֲסַף,,,"argile, glaise",9,
H2636,חַסְפַּס,,,"(pual) peler, former des flocons, s’écailler",1,
H2637,חָסֵר,,,"manquer de, être sans, diminuer, avoir des besoins",22,
H2638,חָסֵר,,,"avoir besoin de, manquant, nécessiteux, dépourvu",18,
H2639,חֶ֫סֶר,,,"pauvreté, besoin",2,
H2640,חֹ֫סֶר,,,"besoin, manque",3,
H2641,חַסְרָה,,,Hasra = «un manque»,1,
H2642,חֶסְרוֹן,,,"la chose qui manque, le défaut, l’insuffisance",1,
H2643,חַף,,,"innocent, pur, propre, net",1,
H2644,חָפָא,,,"(piel) couvrir, faire secrètement",1,
H2645,חָפָה,,,"couvrir, recouvrir, recouvert de panneaux",12,
H2646,חֻפָּה,,,"chambre, salle, dais, cabinet",3,
H2647,חֻפָּה,,,Huppa = «dais»,1,
H2648,חָפַז,,,"se presser, s’enfuir, se hâter, craindre, être terrifié",9,
H2649,חִפָּזוֹן,,,"en hâte, trépidation, précipitamment",3,
H2650,חֻפִּים,,,Huppim = «protégé»,3,
H2651,חֹ֫פֶן,,,"poignées, creux de la main",6,
H2652,חׇפְנִי,,,"Hophni = «fort, lutteur»",5,
H2653,חׇפַף,,,"(qal) couvrir, enclore, abri, bouclier, entourer",1,
H2654,חָפֵץ,,,"vouloir, désirer, aimer",74,2024-11-01T08:15:49.825Z
H2655,חָפֵץ,,,"vouloir, désirer, aimer, prendre plaisir à",12,2024-11-01T08:15:49.825Z
H2656,חֵ֫פֶץ,,,"délice, plaisir",39,2024-11-01T08:15:49.825Z
H2657,חֶפְצִי־בָהּ,,,Hephtsiba = «mon délice est en elle»,4,
H2658,חָפַר,,,"creuser, chercher",22,
H2659,חָפֵר,,,"être honteux, être confondu, être déconcerté",17,
H2660,חֵ֫פֶר,,,plus jeune fils de Galaad et chef de la famille des Héphrites,9,
H2661,חֲפֹר,,,"taupe, rat (comme animal qui creuse)",1,
H2662,חֶפְרִי,,,Héphrites = voir Hépher «une fosse» ou «honte»,1,
H2663,חֲפָרַיִם,,,Hapharaïm = «deux fosses»,1,
H2664,חָפַשׂ,,,"(qal) rechercher, fouiller ; (nif.) être fouillé ; (pual) être médité, se faire chercher, se cacher ; (hitp.) se chacher, se déguiser",23,2024-11-08T10:44:36.000Z
H2665,חֵ֫פֶשׂ,,,"ruse, intrigue, complot, projet (sagace)",1,
H2666,חָפַשׁ,,,"(pual) être libre, être affranchi",1,
H2667,חֹ֫פֶשׁ,,,"ce qui est répandu, article pour le dos du cheval, selle ; sens incertain",1,
H2668,חֻפְֿשָׁה,,,liberté,1,
H2669,חׇפְשִׁית,,,"séparé, liberté",2,
H2670,חׇפְשִׁי,,,libre,17,
H2671,חֵץ,,,flèche,53,
H2672,חָצַב,,,"creuser, fendre, diviser, tailler, faire, carrière, tailleur de pierres, maçon",25,
H2673,חָצָה,,,"diviser, couper en deux, découper, vivre à moitié (sa vie)",15,
H2674,חָצוֹר,,,Hatsor = «château»,18,
H2675,חָצוֹר חֲדַתָּה,,,Hatsor-Hadattha = «nouvelle Hatsor»,2,
H2676,חָצוֹת,,,"milieu (de la nuit), demi, division",3,
H2677,חֲצִי,,,moitié,125,
H2678,חֵ֫צִי,,,flèche,4,
H2681,חָצִיר,,,"une demeure, un abri, hanter",1,
H2682,חָצִיר,,,"herbe, poireau, herbe verte, herbage",21,
H2683,חֵ֫צֶן,,,bras,1,
H2684,חֹ֫צֶן,,,"bras, genoux",2,
H2685,חֲצַף,,,"(Aphel) être urgent, rude, montrer de l’insolence",2,
H2686,חָצַץ,,,diviser,3,
H2687,חָצָץ,,,gravier,2,
H2688,חַצֲצֹן תָּמָר,,,Hatsatson-Thamar = «division du palmier dattier»,4,
H2689,חֲצֹצְרָה,,,"trompette, clairon",29,
H2690,חָצַר,,,sonner de la trompette,6,
H2691,חָצֵר,,,"cour, parvis, enclos ; (pl.) village",191,
H2692,חֲצַר־אַדָּר,,,Hatsar-Addar = «enclos de gloire»,2,
H2693,חֲצַר גַּדָּה,,,Hatsar-Gadda = «village de la bonne fortune»,2,
H2694,חֲצַר הַתִּיכוֹן,,,Hatzer-Hatthicon = «village du milieu»,2,
H2695,חֶצְרוֹ,,,Hetsraï (Hetsro) = «enclos»,2,
H2696,חֶצְרוֹן,,,Hetsron = «entouré par un mur»,18,
H2697,חֶצְרוֹנִי,,,Hetsronites = voir Hetsron «enfermés» ou «division de chant»,2,
H2698,חֲצֵרוֹת,,,Hatséroth = «campement»,6,
H2700,חֲצַרְמָ֫וֶת,,,Hatsarmaveth = «village de mort»,2,
H2701,חֲצַר סוּסָה,,,Hatsar-Susa = «village des chevaux»,2,
H2702,חֲצַר סוּסִים,,,Hatsar-Susim = «village des chevaux»,2,
H2703,חֲצַר עֵינָן,,,Hatsar-Énon = «village des fontaines»,2,
H2704,חֲצַר עֵינוֹן,,,Hatsar-Énan = «village des fontaines»,6,
H2705,חֲצַר שׁוּעָל,,,Hatsar-Schual = «village du chacal»,8,
H2706,חֹק,,,"statut, ordonnance, limite, prescription, dû",127,2025-02-10T10:04:09.000Z
H2707,חָקָה,,,"couper, sculpter, découper",4,
H2708,חֻקָּה,,,"statut, ordonnance, limite, promulgation, quelque chose de prescrit",104,
H2709,חֲקוּפָא,,,"Hakupha = «penchant, plié, courbé»",2,
H2710,חָקַק,,,"couper, décret, inscrire, fixer, graver, peindre, gouverner",19,
H2711,חֵקֶק,,,"décret, résolution, statut, action prescrite",2,
H2712,חֻקֹֿק,,,"Hukkok, Hukok = «désigné»",2,
H2713,חָקַר,,,"chercher, rechercher, examiner, faire des recherches",27,
H2714,חֵ֫קֶר,,,"une recherche, investigation, enquête, chose qui est recherchée",12,
H2715,חֹר,,,"un noble, celui qui est né libre",13,
H2717,חָרֵב,,,"être perdu, rendre désolé, être en ruines",40,
H2718,חֲרַב,,,"sécher, être perdu",1,
H2719,חֶ֫רֶב,,,"épée, couteau",413,
H2720,חָרֵב,,,"sec, désert, dévasté  ",10,2024-12-04T10:19:03.000Z
H2721,חֹ֫רֶב,,,"sécheresse, désolation, chaleur",16,
H2722,חֹרֵב,,,"Horeb = «désert, sécheresse»",17,
H2723,חׇרְבָּה,,,"désolation, dévastation, ruine",42,2025-10-20T12:01:47.866Z
H2724,חָֽרָבָה,,,"terre sèche, le sol sec",8,
H2725,חֵרָבוֹן,,,sécheresse,1,
H2726,חַרְבוֹנָא,,,Harbona = «conducteur d’âne»,2,
H2727,חָרַג,,,"(qal) être secoué par la crainte, trembler",1,
H2728,חָרְגֹּל,,,"une sorte de sauterelle, une créature qui saute",1,
H2729,חָרַד,,,"trembler, avoir peur, être effrayé, être terrifié",39,
H2730,חָרֵד,,,"tremblement, être craintif, avoir peur",6,
H2731,חֲרָדָה,,,"crainte, anxiété, tremblement, (extrême) anxiété, soins anxieux",9,
H2732,חֲרָדָה,,,"Harada = «crainte, peur»",2,
H2733,חֲרֹדִי,,,"Harodite ?  voir Harod «tremblant, terreur»",2,
H2734,חָרָה,,,"brûler, s'enflammer de colère ; se fâcher, être irrité",91,
H2735,חֹר הַגִּדְגָּד,,,Hor-Guidgad = «caverne de Guidgad»,4,
H2736,חַרְחֲיָה,,,Harhaja = «crainte de l’Éternel»,1,
H2737,חָרוּז,,,"un collier avec des perles, ficelle avec des grains",1,
H2738,חָרוּל,,,"orties, ronces, mauvaise herbe",3,
H2739,חֲרוּמַף,,,Harumaph = «nez camus»,1,
H2740,חָרוֹן,,,"colère, chaleur",41,2024-11-01T08:15:49.825Z
H2741,חֲרִיפִי,,,De Haroph (Harophite?)  «natif de Haroph (Hariph)»,1,
H2742,חָרוּץ,,,"tranchant, aiguisé, diligent",19,
H2743,חָרוּץ,,,Haruts = «zélé»,1,
H2744,חַרְחוּר,,,"Harhur = «inflammation, chaleur violente, fièvre»",2,
H2745,חַרְחַס,,,Harhas = «très pauvre»,1,
H2746,חַרְחֻר,,,"chaleur extrême, inflammation, chaleur violente, fièvre",1,
H2747,חֶ֫רֶט,,,"un outil pour graver, ciseau, stylet",2,
H2748,חַרְטֹם,,,"devin, magicien, astrologue",11,
H2749,חַרְטֹם,,,"magicien, magicien-astrologue",5,
H2750,חֳרִי,,,"chaleur (de la colère), s’enflammer",6,
H2751,חֹרִי,,,"pain blanc, gâteau",1,
H2752,חֹרִי,,,Horien = «qui demeure dans une caverne»,6,
H2753,חֹרִי,,,Hori = «qui demeure dans une caverne»,4,
H2754,חָרִיט,,,"sac, bourse",2,
H2756,חָרִיף,,,Hariph = «d’automne»,2,
H2757,חָרִיץ,,,"une coupe, chose coupée, instrument tranchant, herse, houe",3,
H2758,חָרִישׁ,,,"labourage, temps des labours",3,
H2759,חֲרִישִׁי,,,"(sens incertain) chaud?, silencieux?",1,2025-07-16T13:25:25.000Z
H2760,חָרַךְ,,,"(qal) se mettre en mouvement, démarrer",1,
H2761,חֲרַךְ,,,"(Ithpael) flamber, roussir",1,
H2762,חֲרַכִּים,,,"treillis, autre ouverture par où l’on peut voir",1,
H2763,חָרַם,,,"mettre au ban, dévouer, détruire complètement, dévouer par interdit, exterminer",52,
H2764,חֵ֫רֶם,,,"chose dévouée, chose consacrée, interdit",38,2024-11-01T08:15:49.825Z
H2765,חֳרֵם,,,Horem = «sacré»,1,
H2766,חָרִם,,,"Harim = «dévoué, consacré, dédié»",11,
H2767,חׇרְמָה,,,Horma = «dévouement»,9,
H2768,חֶרְמוֹן,,,"Hermon = «sanctuaire, montagne sacrée»",13,
H2769,חֶרְמוֹנִים,,,De l’Hermon»,1,
H2770,חֶרְמֵשׁ,,,faucille,2,
H2771,חָרָן,,,Charan (Haran) = «montagnard»,12,
H2772,חֹרֹנִי,,,Horonite = «natif de Choronaïm»,3,
H2773,חֹרֹנַיִם,,,Choronaïm = «deux cavernes»,5,
H2774,חַרְנֶ֫פֶר,,,Harnépher = «haletant»,1,
H2775,חֶ֫רֶס,,,"démangeaison, maladie éruptive",3,
H2776,חֶ֫רֶס,,,Hérès = «le soleil»,2,
H2777,חֲרָסוּת,,,tesson,1,
H2778,חָרַף,,,"reproche, insulte, blasphème, défi, mettre en danger, faire desreproches",41,
H2779,חֹ֫רֶף,,,"temps de la moisson, automne",7,
H2780,חָרֵף,,,Hareph = «celui qui cueille»,1,
H2781,חֶרְפָּה,,,"reproche, mépris",73,
H2782,חָרַץ,,,"couper, aiguiser, décider, décreter, déterminer, mutiler, remuer,être décisif, être mutilé",11,
H2783,חֲרַץ,,,"reins, hanche, articulation de la hanche",1,
H2784,חַרְצֻבָּה,,,"lien, chaîne, angoisse",2,
H2785,חַרְצַנִּים,,,"grains, semences, produit insignifiant de la vigne, pépins de raisin?",1,
H2786,חָרַק,,,"(qal) grincer, moudre, grincer des dents",5,
H2787,חָרַר,,,"brûler, avoir chaud, être roussi, être carbonisé",10,
H2788,חָרֵר,,,"régions sèches, lieu brûlé",1,
H2789,חֶ֫רֶשׂ,,,"objet en terre, poterie d’argile, pointe, tesson",17,
H2790,חָרֵשׁ,,,"couper, labourer, graver, combiner",72,
H2791,חֶ֫רֶשׁ,,,"silencieusement, secrètement",2,
H2792,חֶ֫רֶשׁ,,,"Héresch = «muet, silencieux»",1,
H2793,חֹ֫רֶשׁ,,,"bois, hauteur boisée, forêt, zone forestière",7,
H2794,חֹרֵשׁ,,,artisan sur métal,2,
H2795,חֵרֵשׁ,,,sourd,9,
H2796,חָרָשׁ,,,"artisan, graveur, artificier",37,
H2797,חַרְשָׁא,,,Harscha = «muet»,2,
H2798,חֲרָשִׁים,,,"Charashim ou Harashim = «vallée des ouvriers, des artisans»",1,
H2799,חֲרֹ֫שֶׁת,,,"sculpture, travail habile",4,
H2800,חֲרֹ֫שֶׁת,,,"Haroscheth = «silence, forêt»",3,
H2801,חָרַת,,,"(qal) graver, gravé",1,
H2802,חֶרֶת,,,Héreth = «forêt»,1,
H2803,חָשַׁב,,,"penser, projeter, estimer, calculer, inventer, porter un jugement, imaginer, compter",124,
H2804,חֲשַׁב,,,"(P’al) penser, compte",1,
H2805,חֵ֫שֶׁב,,,"gaine, ceinture, bande, travail ingénieux",8,
H2806,חַשְׁבַּדָּנָה,,,Haschbaddana = «juge plein d’égards»,1,
H2807,חֲשֻׁבָה,,,"Haschuba = «considération, estime»",1,
H2808,חֶשְׁבּוֹן,,,"compte, raison, pensée",3,
H2809,חֶשְׁבּוֹן,,,Hesbon = «forteresse»,38,
H2810,חִשָּׁבוֹן,,,"engin, machine, invention",2,
H2811,חֲשַׁבְיָ֫הוּ,,,"Haschabia = «l’Éternel a considéré, imputé»",15,
H2812,חֲשַׁבְנָה,,,Haschabna = «l’Éternel a considéré»,1,
H2813,חֲשַׁבְנְיָה,,,Haschabnia = «celui que l’Éternel considère»,2,
H2814,חָשָׁה,,,"être silencieux, tranquille, inactif",16,
H2815,חַשּׁוּב,,,"Haschub = «associé, estimé»",5,
H2816,חֲשׁוֹךְ,,,obscurité,1,
H2817,חֲשׂוּפָא,,,"Hasupha = «épuisé, dépouillé»",2,
H2818,חֲשַׁח,,,"(P’al) avoir besoin de, être dans le besoinn",2,
H2819,חַשְׁחוּ,,,"choses nécessaires, exigences, ce qui est requis",1,
H2820,חָשַׂךְ,,,"refuser, restreindre, retenir, freiner",28,
H2821,חָשַׁךְ,,,"être ou devenir sombre, lumière qui faiblit, être noir, être caché",17,
H2822,חֹ֫שֶׁךְ,,,"obscurité, ténèbres",80,2024-11-01T08:15:49.825Z
H2823,חָשֹׁךְ,,,"obscur, insignifiant, bas",1,
H2824,חֶשְׁכָה,,,"obscurité, obscur, ténèbres, bas",1,
H2825,חֲשֵׁכָה,,,"obscurité, défaut de clarté",5,
H2826,חָשַׁל,,,briser,1,
H2827,חֲשַׁל,,,"(P’al) subjuguer, écraser, briser",1,
H2828,חָשֻׁם,,,Haschum = «riche»,5,
H2829,חֶשְׁמוֹן,,,Heschmon = «terre fertile»,1,
H2830,חַשְׁמַל,,,"un produit brillant, ambre ou airain (incertain)",3,
H2831,חַשְׁמַן,,,"ambassadeurs, princes, bronze (sens incertain)",1,
H2832,חַשְׁמֹנָה,,,Haschmona = «embonpoint»,2,
H2833,חֹ֫שֶׁן,,,"pectoral, cuirasse",25,
H2834,חָשַׂף,,,"dépouiller ; mettre à nu, découvrir ; puiser",11,2025-07-17T13:23:36.660Z
H2835,חָשִׂף,,,petits troupeaux,1,
H2836,חָשַׁק,,,"(qal) aimer, être attaché à, désirer",11,
H2837,חֵ֫שֶׁק,,,"désir, chose désirée",4,
H2838,חָשׁוּק,,,"bandeaux, filets, attaches",8,
H2839,חִשֻּׁק,,,"rayon, moyeu ou rayon d’une roue",1,
H2840,חִשֻּׁר,,,"moyeu, rayon d’une roue, nef",1,
H2841,חַשְׁרָה,,,"collection, masse, une accumulation d’eau",1,
H2842,חֲשַׁשׁ,,,"menue paille, foin, herbe sèche",2,
H2843,חֻשָׁתִי,,,Huschatite = «habitant d’Huscha»,5,2024-11-01T08:15:49.825Z
H2844,חַת,,,"crainte, terreur",4,
H2845,חֵת,,,Heth = «terreur»,14,
H2846,חָתָה,,,"(qal) retenir, détenir, saisir, empiler, amasser",4,
H2847,חִתָּה,,,"terreur, crainte",1,
H2848,חִתּוּל,,,"bandage, rouleau",1,
H2849,חַתְחַת,,,"terreur, crainte",1,
H2850,חִתִּי,,,Héthien = «descendant de Heth»,48,
H2851,חִתִּית,,,terreur,8,
H2852,חָתַךְ,,,"diviser, déterminer",1,
H2853,חָתַל,,,"enlacer, entrelacer, envelopper, être emmailloté",2,
H2854,חֲתֻלָּה,,,"bande pour emmailloter, bande du nombril",1,
H2855,חֶתְלֹן,,,Hethlon = «lieu caché»,2,
H2856,חָתַם,,,"sceller, cacheter, apposer un sceau",26,
H2857,חֲתַם,,,(P’al) sceau,1,
H2858,חֹתֶ֫מֶת,,,"anneau à cacheter, sceau pour signer",1,
H2859,חָתַן,,,devenir un gendre,33,
H2860,חָתָן,,,"gendre, époux de la fille, marié, mari",20,
H2861,חֲתֻנָּה,,,"noces, mariage",1,
H2862,חָתַף,,,"(qal) saisir, enlever, emporter",1,
H2863,חֶ֫תֶף,,,proie,1,
H2864,חָתַר,,,"(qal) creuser, percer ; ramer",8,2026-02-20T14:16:57.797Z
H2865,חָתַת,,,"être brisé, être épouvanté, être aboli, avoir peur",52,
H2866,חֲתַת,,,terreur,1,
H2867,חֲתַת,,,"Hathath = «effrayant, terreur»",1,
H2868,טְאֵב,,,"(P’al) être heureux, être bon",1,
H2869,טָב,,,bon,2,
H2870,טָֽבְאֵל,,,Thabeel (Tabeel) = «Dieu est bon»,2,
H2871,טְבוּל,,,turban,1,
H2872,טַבּוּר,,,"centre, milieu, nombril, partie élevée",2,
H2873,טָבַח,,,"massacrer, abattre, tuer, boucherie, tuer impitoyablement",11,
H2874,טֶ֫בַח,,,"massacre, abattage, animaux",12,
H2875,טֶ֫בַח,,,Thébach = «un massacre»,1,
H2876,טַבָּח,,,"bourreau, cuisinier, garde du corps, garde",32,
H2877,טַבָּח,,,"garde du corps, bourreau, hommes de garde",1,
H2878,טִבְחָה,,,"nourriture provenant de l’abattage, chair, viande, ce qui est abattu ou égorgé",3,
H2879,טַבָּחָה,,,"cuisinière, cuisinier",1,
H2880,טִבְחַת,,,Thibchath = «extension»,1,
H2881,טָבַל,,,"plonger, tremper",16,
H2882,טְבַלְיָ֫הוּ,,,"Thebalia = «immergé, purifié par l’Éternel»",1,
H2883,טָבַע,,,"enfoncer, couler, percer, se mettre à, noyer, être fixé, être planté",10,
H2884,טַבָּעוֹת,,,"Thabbaoth = «anneaux, cercles»",2,
H2885,טַבַּ֫עַת,,,"anneau, cachet, bague à cacheter",49,
H2886,טַבְרִמּוֹן,,,Thabrimmon = «Rimmon (dieu du vent) est bon»,1,
H2887,טֵבֶ֑ת,,,Tébeth = «bonté»,1,
H2888,טַבָּ֑ת,,,"Tabbath = «célèbre, renommé»",1,
H2889,טָהוֹר,,,"pur, propre",94,
H2890,טְהוֹר,,,"pureté, propreté, propre, pur",1,
H2891,טָהֵר,,,"être propre, être pur",94,
H2892,טֹ֫הַר,,,"pureté, purification, action de purifier",6,
H2893,טׇהֳרָה,,,"purification, nettoyage, pureté, propreté",11,
H2894,טֵאטֵא,,,(Pilpel) balayer,1,
H2895,טוֹב,,,"être bon, plaisant, joyeux, salutaire, favorable, heureux, droit",21,
H2896,טוֹב,,,"bon, agréable, plaisant",562,
H2897,טוֹב,,,Tob = «bonté»,4,
H2898,טוּב,,,"biens, bonnes choses, bonté",32,
H2899,טוֹב אֲדֹנִיָּה,,,Tob-Adonija = «mon Seigneur l’Éternel est bon»,2,
H2900,טוֹבִיָּ֫הוּ,,,Tobija = «l’Éternel est bon»,18,
H2901,טָוָה,,,(qal) filer,2,
H2902,טוּחַ,,,"étendre par-dessus, recouvrir, plâtrer, revêtir de, barbouiller",12,
H2903,טוֹטָפוֹת,,,"bandes, phylactères, fronteaux, marques",3,
H2904,טוּל,,,"(hif.) jeter ; (hof.) être renversé, être jeté, être rejeté ; (Pilp) rejeter, transporter",14,2025-05-07T10:57:09.000Z
H2905,טוּר,,,"rang, rangée",26,
H2906,טוּר,,,montagne,2,
H2907,טוּשׂ,,,"(qal) se précipiter, s’agiter, se ruer",1,
H2908,טְוָת,,,"qui jeûne, qui est affamé",1,
H2909,טָחָה,,,"lancer, tirer",1,
H2910,טֻחוֹת,,,"régions intérieures, recoins cachés, parties internes",2,
H2911,טְחוֹן,,,"moulin, moulin pour moudre, meule à main",1,
H2912,טָחַן,,,"(qal) moudre, écraser",8,
H2913,טַחֲנָה,,,"moulin, meule",1,
H2914,טְחֹר,,,"tumeurs, hémorrhoïdes",8,
H2915,טִיחַ,,,"une couche, un enduit, plâtre",1,
H2916,טִיט,,,"boue, argile, bourbier, saleté humide",13,
H2917,טִין,,,argile,2,
H2918,טִירָה,,,"campement, créneau",7,
H2919,טַל,,,"rosée, brume de la nuit",31,
H2920,טַל,,,rosée,5,
H2921,טָלָא,,,"rapiécer, tache, être taché, être coloré",8,
H2922,טְלָא,,,agneau,1,
H2923,טְלָאִים,,,Thelaïm = «petits agneaux»,1,
H2924,טָלֶה,,,agneau,2,
H2925,טַלְטֵלָה,,,"un lancement, captivité",1,
H2926,טָלַל,,,"(piel) couvrir avec un toit, recouvrir, toit",1,
H2927,טְלַל,,,"(Aphel) chercher de l’ombre, avoir de l’ombre",1,
H2928,טֶ֫לֶם,,,Thélem = «oppression»,2,
H2929,טַלְמוֹן,,,Thalmon = «oppresseur»,5,
H2930,טָמֵא,,,"être impur, devenir impur",162,
H2931,טָמֵא,,,"impur, impure",88,
H2932,טֻמְאָה,,,impureté,36,
H2933,טָמָה,,,(nif.) être empêché,1,2025-07-10T14:41:21.004Z
H2934,טָמַן,,,"cacher, dissimuler, enterrer",31,
H2935,טֶ֫נֶא,,,"panier, corbeille",4,
H2936,טָנַף,,,"(piel) souiller, salir",1,
H2937,טָעָה,,,"errer, égaré, errer dans l’égarement",1,
H2938,טָעַם,,,"goûter, percevoir, manger",11,
H2939,טְעֵם,,,"(P’al) nourrir, amener à manger",3,
H2940,טַ֫עַם,,,"goût ; sens, raison ; décret, ordre",13,2025-10-03T11:45:48.106Z
H2941,טְעֵם,,,"goût, jugement, ordre",2,
H2942,טְעֵם,,,"décret, goût, jugement, commandement",28,
H2943,טָעַן,,,(qal) charger,1,
H2944,טָעַן,,,(pual) percer,1,
H2945,טַף,,,"enfant, petit enfant, les petits",42,
H2946,טָפַח,,,"étendre, allonger, trébucher, faire de petits pas",2,
H2947,טֶ֫פַח,,,"empan, largeur de la main, largeur de paume",4,
H2948,טֹ֫פַח,,,"empan, largeur de main",5,
H2949,טִפֻּחִים,,,tendres soins,1,
H2950,טָפַל,,,"(qal) salir, plâtrer, crépir, coller",3,
H2951,טִפְסָר,,,"scribe, officiel, responsable",2,
H2952,טָפַף,,,"(qal) sauter, trébucher, faire des petits pas rapides",1,
H2953,טְפַר,,,"ongles des doigts, ongle, griffe",2,
H2954,טָפַשׁ,,,"(qal) être grossier, être insensible, être gras",1,
H2955,טָפַת,,,Thaphath = «une goutte»,1,
H2956,טָרַד,,,"poursuivre, chasser, être continu",2,
H2957,טְרַד,,,"(P’al) conduire au loin, chasser, renvoyer",4,
H2959,טָרַח,,,"(Hiphil) charger un fardeau, travailler dur, être chargé",1,
H2960,טֹ֫רַח,,,fardeau,2,
H2961,טָרִי,,,"frais, nouveau",2,
H2962,טֶ֫רֶם,,,"avant, pas encore",56,2025-07-11T15:23:23.000Z
H2963,טָרַף,,,"déchirer, arracher, plumer",25,
H2964,טֶ֫רֶף,,,"proie, nourriture, feuille",22,
H2965,טָרָף,,,"fraîchement cueilli, fraîchement arraché",2,
H2966,טְרֵפָה,,,"ce qui est déchiré, animal dépouillé (par des bêtes)",9,
H2967,טַרְפְּלָיֵא,,,De Tharpel  «ceux des montagnes tombées (ou merveilleuses)»,1,
H2968,יָאַב,,,"(qal) soupirer, désirer",1,
H2969,יָאָה,,,"(qal) appartenir à, convenir",1,
H2970,יַאֲזַנְיָ֫הוּ,,,Jaazania = «l’Éternel écoute»,5,
H2971,יָאִיר,,,Jaïr = «il éclaire»,8,2024-11-01T08:15:49.825Z
H2972,יָאִרִי,,,De Jaïr = «descendant de Jaïr»,1,
H2973,יָאַל,,,"être fou, devenir fou, agir d’une manière insensée, follement",4,
H2974,יָאַל,,,"commencer, marquer un début, montrer de la bonne volonté, entreprendre de faire, consentir, être déterminé",19,
H2975,יְאֹר,,,"fleuve, ruisseau, canal, Nil",65,
H2976,יָאַשׁ,,,désespérer,6,
H2977,יֹאשִׁיָּ֫הוּ,,,Josias = «l’Éternel guérit»,53,
H2978,אִיתוֹן,,,entrée,1,
H2979,יְאָֽתְרַי,,,Jeathraï = «celui que l’Éternel conduit»,1,
H2980,יָבַב,,,"(piel) crier, crier d’une manière aiguë",1,
H2981,יְבוּל,,,"produit, production, fruit",13,2024-12-04T10:09:27.000Z
H2982,יְבוּס,,,Jebus = «endroit du battage»,4,
H2983,יְבוּסִי,,,"Jébusien = «descendant de Jebus» Jebus = «foulé aux pieds», «lieu du battage»",41,
H2984,יִבְחָר,,,Jibhar = «l’Éternel choisit»,3,
H2985,יָבִין,,,Jabin = «celui que Dieu observe»,8,
H2986,יָבַל,,,"apporter, amener, conduire, porter, mener, transporter",18,
H2987,יְבַל,,,"(Aphel) apporter, porter, transporter",3,
H2988,יָבָל,,,"un courant, le cours de l’eau",2,
H2989,יָבָל,,,Jabal = «le courant de l’eau»,1,
H2990,יַבָּל,,,"écoulement, suppuration douloureuse, ulcère",1,
H2991,יִבְלְעָם,,,Jibleam = «dévorant le peuple»,3,
H2992,יָבַם,,,"(piel) faire un mariage selon la loi lévitique, exercer le droit de beau-frère",3,
H2993,יָבָם,,,"beau-frère, frère du mari",2,
H2994,יְבֵ֫מֶת,,,"belle-sœur, épouse du frère, veuve du frère",5,
H2995,יַבְנְאֵל,,,Jabneel = «Dieu fait construire»,2,
H2996,יַבְנֶה,,,Jabné = «construction de Dieu»,1,
H2997,יִבְנְיָה,,,Jibneja = «l’Éternel bâtit»,1,
H2998,יִבְנִיָּה,,,Jibnija = «celui que l’Éternel construit»,1,
H2999,יַבֹּק,,,"Jabbok = «celui qui se vide, qui coule»",7,
H3000,יְבֶרֶכְיָ֫הוּ,,,Bérékia = «l’Éternel bénit»,1,
H3001,יָבֵשׁ,,,"mettre à sec, flétrir, être sec, devenir sec, séché, desséché",60,
H3002,יָבֵשׁ,,,sec,10,
H3003,יָבֵשׁ,,,Jabès (Jabesch) = «sec»,24,
H3004,יַבָּשָׁה,,,"la terre sèche, le sol qui est sec",14,
H3005,יִבְשָׂם,,,Jibsam = «agréable»,1,
H3006,יַבֶּ֫שֶׁת,,,la terre sèche,2,
H3007,יַבֶּ֫שֶׁת,,,la terre (comme une planète),1,
H3008,יִגְאָל,,,Jigueal (Jigual) = «Il (Dieu) rachète»,3,
H3009,יָגַב,,,"(qal) cultiver, labourer, être un agriculteur",2,
H3010,יָגֵב,,,"champ, un champ labouré",1,
H3011,יׇגְבְּהָה,,,"Jogbeha = «élevée, hauteur»",2,
H3012,יִגְדַּלְיָ֫הוּ,,,Jigdalia = «l’Éternel est grand»,1,
H3013,יָגָה,,,"affliger, chagriner, souffrir, donner du chagrin",8,
H3014,יָגָה,,,"(hif.) repousser, pousser au loin, enlever, déplacer",1,
H3015,יָגוֹן,,,"chagrin, douleur, angoisse",14,
H3016,יָגוֹר,,,"(qal) craintif, timide",2,
H3017,יָגוּר,,,"Jagur = «il séjourne, demeure»",1,
H3018,יְגִיעַ,,,"besogne, travail",16,
H3019,יָגִיעַ,,,"las, fatigué",1,
H3020,יׇגְלִי,,,Jogli = «il est exilé»,1,
H3021,יָגֵעַ,,,"(qal) être fatigué, se fatiguer • (piel) fatiguer, imposer une fatigue • (hif.) fatiguer",26,2026-02-27T14:18:41.434Z
H3022,יָגָע,,,"salaire, gain (produit du travail)",1,
H3023,יָגֵעַ,,,"lassant, fatigant, ennuyeux",3,
H3024,יְגִעָה,,,"une fatigue, un épuisement",1,
H3025,יָגֹר,,,"(qal) craindre, redouter, avoir peur",5,
H3026,יְגַר,,,Jegar-Sahadutha = «monceau du témoignage»,2,
H3027,יָד,,,main,1619,
H3028,יַד,,,main,17,
H3029,יְדָא,,,"(Aphel) louer, rendre grâces, remercier",2,
H3030,יִדְאֲלָה,,,Jideala = «monument de Dieu»,1,
H3031,יִדְבָּשׁ,,,Jidbasch = «gros»,1,
H3032,יָדַד,,,"(qal) tirer au sort, jeter le sort",3,
H3033,יְדִדוּת,,,"celui qui est tendrement aimé, un bien-aimé, objet de l’amour",1,
H3034,יָדָה,,,"projeter, tirer, jeter",114,
H3035,יִדּוֹ,,,"Jiddo, Jaddaï = «opportun»",2,
H3036,יָדוֹן,,,Jadon = «reconnaissant»,1,
H3037,יַדּוּעַ,,,"Jaddua = «connu, célèbre»",3,
H3038,יְדוּתוּן,,,Jeduthun = «louange»,17,
H3039,יָדִיד,,,"celui qui est aimé, bien-aimé",9,
H3040,יְדִידָה,,,Jedida = «bien-aimée»,1,
H3041,יְדִידְיָה,,,Jedidja = «bien-aimé de l’Éternel»,1,
H3042,יְדָיָה,,,Jedaja = «louange de l’Éternel»,2,
H3043,יְדִיעֲאֵל,,,Jediaël = «connu de Dieu»,6,
H3044,יִדְלָ֑ף,,,"Jidlaph = «qui pleure, qui fond en larmes»",1,
H3045,יָדַע,,,"savoir, connaître",946,2025-10-03T11:01:41.703Z
H3046,יְדַע,,,"savoir, connaître",47,
H3047,יָדָע,,,"Jada = «il connaît, celui qui sait»",2,
H3048,יְדַעְיָה,,,Jedaeja = «connu de l’Éternel»,11,
H3049,יִדְּעֹנִי,,,"celui qui sait, celui qui a un esprit de divination",11,
H3050,יָהּ,,,"Jah (Jéhovah, dans sa forme raccourcie), l’Éternel",48,
H3051,יָהַב,,,"donner, pourvoir, attribuer, venir",34,
H3052,יְהַב,,,"donner, pourvoir",28,
H3053,יְהָב,,,"fardeau, lot, sort (ce qui est donné)",1,
H3054,יָהַד,,,"(hitp.) devenir Juif (en fait ou par fraude), être Judaïsé",1,
H3055,יְהֻד,,,Jehud = «beauté»,1,
H3056,יַהְדַּי,,,Jahdaï = «bien-aimé de l’Éternel»,1,
H3057,יְהֻדִיָּה,,,"Jehudija, la juive",1,
H3058,יֵהוּא,,,Jéhu = «c’est l’Éternel»,58,
H3059,יְהוֹאָחָז,,,Joachaz = «l’Éternel a saisi»,20,
H3060,יְהוֹאָשׁ,,,Joas = «donné par l’Éternel»,17,
H3061,יְהוּד,,,Juda – le territoire de la tribu de Juda,7,
H3062,יְהוּדַי,,,Juif,10,
H3063,יְהוּדָה,,,Juda = «qu’il (Dieu) soit loué»,820,
H3064,יְהוּדִי,,,Juif,75,
H3065,יְהוּדִי,,,"Jehudi = «homme de Juda, Juif»",4,
H3066,יְהוּדִית,,,"en langue Juive, en hébreu",6,
H3067,יְהוּדִית,,,Judith = «Juive»,1,
H3068,יהוה,,,l’Éternel (Yahvé) = «celui qui est l’existant»,6528,
H3069,יְהֹוִה,,,Éternel,306,
H3075,יְהוֹזָבָד,,,Jozabad = «l’Éternel a doté»,4,
H3076,יְהוֹחָנָן,,,Jochanan = «l’Éternel a gracié»,11,
H3077,יְהוֹיָדָע,,,Jehojada = «l’Éternel connaît»,51,
H3078,יְהוֹיָכִין,,,Jojakin = «l’Éternel établit»,10,
H3079,יְהוֹיָקִים,,,Jojakim = «l’Éternel suscite»,37,
H3080,יְהוֹיָרִיב,,,Jehojarib = «l’Éternel plaide»,2,
H3081,יְהוּכַל,,,Jucal = «l’Éternel peut»,1,
H3082,יְהוֹנָדָב,,,Jonadab = «l’Éternel est généreux»,8,
H3083,יְהוֹנָתָן,,,Jonathan = «l’Éternel a donné»,82,
H3084,יְהוֹסֵף,,,Joseph = «l’Éternel a ajouté»,1,
H3085,יְהוֹעַדָּה,,,"Jehoadda = «l’Éternel a orné, dévoilé»",2,
H3086,יְהוֹעַדָּן,,,Joaddan = «l’Éternel fait ses délices»,2,
H3087,יְהוֹצָדָק,,,Jehotsadak ou Jotsadak = «l’Éternel est juste»,8,
H3088,יְהוֹרָם,,,Joram = «l’Éternel est exalté»,29,
H3089,יְהוֹשֶׁבַע,,,Joschéba = «l’Éternel a juré»,1,
H3090,יְהוֹשַׁבְעַת,,,Joschabeath = «l’Éternel est son serment»,2,
H3091,יְהוֹשׁוּעַ,,,Josué = «l’Éternel est salut»,218,
H3092,יְהוֹשָׁפָט,,,Josaphat = «l’Éternel a jugé»,84,
H3093,יָהִיר,,,"orgueilleux, arrogant, hautain",2,
H3094,יְהַלֶּלְאֵל,,,Jehalléleel = «Dieu sera loué»,2,
H3095,יַהֲלֹם,,,"une pierre précieuse, connue pour sa dureté, probablement une sorte de corindon, car le diamant ne semble pas connu des hébreux",3,
H3096,יַ֫הַץה,,,"Jahats ou Jahtsa = «creux, dépression, foulé, écrasé»",9,
H3097,יוֹאָב,,,Joab = «l’Éternel est père»,145,
H3098,יוֹאָח,,,Joach = «l’Éternel est frère»,11,
H3099,יוֹאָחָז,,,Joachaz = «l’Éternel a saisi»,4,
H3100,יוֹאֵל,,,Joël = «l’Éternel est Dieu»,20,
H3101,יוֹאָשׁ,,,Joas = «donné par l’Éternel»,47,
H3102,יוֹב,,,Job = «persécuté»,1,
H3103,יוֹבָב,,,Jobab = «un désert»,9,
H3104,יוֹבֵל,,,"bélier, corne de bélier, trompette",27,
H3105,יוּבַל,,,"courant, ruisseau",1,
H3106,יוּבָ֑ל,,,Jubal = «courant d’eau»,1,
H3107,יוֹזָבָד,,,Jozabad = «l’Éternel a doté»,11,
H3109,יוֹחָא,,,Jocha = «l’Éternel donne la vie»,2,
H3110,יוֹחָנָן,,,Jochanan = «l’Éternel a gracié»,22,
H3111,יוֹיָדָע,,,Jojada = «l’Éternel connaît»,5,
H3112,יוֹיָכִין,,,Jojakin = «l’Éternel établit»,1,
H3113,יוֹיָקִים,,,Jojakim = «l’Éternel élève»,4,
H3114,יוֹיָרִיב,,,"Jojarib = «l’Éternel soutient, plaide»",5,
H3115,יוֹכֶ֫בֶד,,,Jokébed = «l’Éternel est gloire»,2,
H3116,יוּכַל,,,Jucal = «l’Éternel est capable»,1,
H3117,יוֹם,,,"jour, temps, année",2306,
H3118,יוֹם,,,jour,16,
H3119,יוֹמָם,,,"par jour, pendant la journée, journellement",50,
H3120,יָוָן,,,un fils de Japhet et petit-fils de Noé,11,
H3121,יָוֵן,,,"boue, bourbier",2,
H3122,יוֹנָדָב,,,"Jonadab = «l’Éternel est bien disposé, généreux»",7,
H3123,יוֹנָה,,,"colombe, pigeon",31,
H3124,יוֹנָה,,,Jonas = «colombe»,19,
H3125,יְוָנִי,,,"de Javan, Grec, Ionien",1,
H3126,יוֹנֵק,,,"qui suce, qui tête, nourrisson, arbrisseau, jeune plante",1,
H3127,יוֹנֶ֫קֶת,,,"jeune plante, rameau, jeune pousse",6,
H3128,יוֹנַת אֵלֶם רְחֹקִים,,,Jonath-elem-recho-kim = «la colombe silencieuse des lieux lointains»,3,
H3129,יוֹנָתָן,,,Jonathan = «l’Éternel a donné»,43,2024-11-01T08:15:49.825Z
H3130,יוֹסֵף,,,Joseph = «que l’Éternel ajoute»,213,
H3131,יוֹסִפְיָה,,,Josiphia = «l’Éternel ajoute»,1,
H3132,יוֹעֵאלָה,,,Joéla = «puisse-t-il servir»,1,
H3133,יוֹעֵד,,,Joëd = «l’Éternel est témoin»,1,
H3134,יוֹעֶ֫זֶר,,,Joézer = «l’Éternel est secours»,1,
H3135,יוֹעָשׁ,,,Joasch = «l’Éternel se hâte»,2,
H3136,יוֹצָדָק,,,Jotsadak = «l’Éternel est juste»,5,2024-11-01T08:15:49.825Z
H3137,יוֹקִים,,,Jokim = «l’Éternel met en place»,1,
H3138,יוֹרֶה,,,"première pluie, averse d’automne",2,
H3139,יוֹרָה,,,Jora = «il instruit»,1,
H3140,יוֹרַי,,,Joraï = «l’Éternel m’a enseigné»,1,
H3141,יוֹרָם,,,"Joram = «l’Éternel est élevé, exalté»",20,
H3142,י֥וּשַׁב חֶ֖סֶד,,,Juschab-Hésed = «Dont l’amour est récompensé»,2,
H3143,יוֹשִׁבְיָה,,,Joschibia = «qui demeure avec l’Éternel»,1,
H3144,יוֹשָׁה,,,Joscha = «l’Éternel aide»,1,
H3145,יוֹשַׁוְיָה,,,Joschavia = «l’Éternel est équité»,1,
H3146,יוֹשָׁפָט,,,Josaphat = «l’Éternel est juge»,2,
H3147,יוֹתָם,,,"Jotham = «L’Éternel est parfait, sincère, intègre»",24,
H3148,יוֹתֵר,,,"supériorité, avantage, excès",9,
H3149,יְזִיאֵל,,,Jeziel = «l’Éternel aspergera»,1,
H3150,יִזִּיָּה,,,Jizzija = «l’Éternel asperge»,1,
H3151,יָזִיז,,,Jaziz = «Il rend saillant»,1,
H3152,יִזְלִיאָה,,,Jizlia = «celui que Dieu préserve»,1,
H3153,יְזַנְיָה,,,Jezania = «l’Éternel a entendu»,1,
H3154,יֶ֫זַע,,,"sueur, transpiration",1,
H3155,יִזְרָ֑ח,,,Jizrachite = «descendant de Zérach»,1,
H3156,יִזְרַחְיָה,,,Jizrachja = «l’Éternel se lève»,3,
H3157,יִזְרְעֶאל,,,Jizreel = «Dieu sème»,36,
H3158,יִזְרְעֵאלִי,,,De Jizreel (Jizreelite?)  voir Jizreel «semé par Dieu»,13,
H3160,חֻבָּה,,,Hubba = «caché»,1,
H3161,יָחַד,,,"joindre, unir, être joint, être uni",3,
H3162,יָחְדָּו,,,ensemble,141,2025-05-29T09:37:54.000Z
H3163,יַחְדּוֹ,,,Jachdo = «Son unité»,1,
H3164,יַחְדִּיאֵל,,,Jachdiel = «mon unité est Dieu»,1,
H3165,יֶחְדְּיָ֫הוּ,,,Jechdia = «l’Éternel est unité»,2,
H3166,יַחֲזִיאֵל,,,Jachaziel = «Dieu voit»,6,
H3167,יַחְזְיָה,,,Jachzia = «l’Éternel voit»,1,
H3168,יְחֶזְקֵאל,,,Ézéchiel = «Dieu fortifie»,3,
H3169,יְחִזְקִיָּה,,,Ézéchias = «l’Éternel est ma force»,4,2024-11-01T08:15:49.825Z
H3170,יַחְזֵרָה,,,Jachzéra = «celui que Dieu fait revenir»,1,
H3171,יְחִיאֵל,,,Jehiel = «Dieu est vivant»,14,
H3172,יְחִיאֵלִי,,,Jehiéli = «Dieu laissera la vie»,2,
H3173,יָחִיד,,,"seul, seulement un, solitaire, un",12,
H3174,יְחִיָּה,,,Jechija = «l’Éternel vit»,1,
H3175,יָחִיל,,,"attente, espoir",1,
H3176,יָחַל,,,"attendre, espérer, s’attendre à",41,
H3177,יַחְלְאֵל,,,Jahleel = «Dieu attend»,2,
H3178,יַחְלְאֵלִי,,,Jahleélites = «l’espérance de Dieu»,1,
H3179,יָחַם,,,"être ou avoir chaud, concevoir",6,
H3180,יַחְמוּר,,,chevreuil,2,
H3181,יַחְמַי,,,Jachmaï = «celui que l’Éternel garde»,1,
H3182,יָחֵף,,,nu-pieds,5,
H3183,יַחְצְאֵל,,,"Jahtseel, Jathtseel = «Dieu partage, attribue»",2,
H3184,יַחְצְאֵלִי,,,"Jahtseélites = voir Jahtseel «Dieu partage, attribue»",1,
H3185,יַחְצִיאֵל,,,"Jahtsiel = «Dieu partage, attribue»",1,
H3187,יָחַשׂ,,,"(hitp.) compter selon la généalogie, enregistrer une généalogie, enrôler, être enregistré",18,
H3188,יַ֫חַשׂ,,,généalogie,3,
H3189,יַ֫חַת,,,"Jachath = «Il saisira, unira»",8,
H3190,יָטַב,,,être bon,117,2024-11-01T08:15:49.825Z
H3191,יְטַב,,,"(P’al) être bon, faire du bien, être agréable, ce qui semble bon",1,
H3192,יׇטְבָה,,,"Jotba = «charme, bonté»",1,
H3193,יׇטְבָ֫תָה,,,"Jothbatha = «plaisant, bonté, charme»",3,
H3194,יֻטָּה,,,"Juta = « étendu, incliné»",3,
H3195,יְטוּר,,,"Jethur = «qui est fermé, défense»",3,
H3196,יַ֫יִן,,,vin,141,
H3198,יָכַח,,,"prouver, décider, juger, réprimander, réprouver, corriger",59,
H3199,יָכִין,,,Jakin = «Dieu établit»,8,
H3200,יָכִינִי,,,Jakinites = voir Jakin  «il établira»,1,
H3201,יָכֹל,,,"pouvoir, prévaloir, vaincre, supporter, avoir le pouvoir",194,2024-11-01T08:15:49.825Z
H3202,יְכִל,,,être capable,11,
H3203,יְכָלְיָהוּ,,,Jecolia = «l’Éternel a prévalu»,2,
H3204,יְכוֹנְיָה,,,Jéconias = «l’Éternel établit»,7,
H3205,יָלַד,,,"enfanter, engendrer, accoucher",496,
H3206,יֶ֫לֶד,,,"enfant, fils, garçon, descendant, jeunesse",89,
H3207,יַלְדָּה,,,"jeune fille, demoiselle, fille à marier",3,
H3208,יַלְדוּת,,,"enfance, jeunesse",3,
H3209,יִלּוֹד,,,"né, naître",5,
H3210,יָלוֹן,,,"Jalon = «l’Éternel loge, demeure»",1,
H3211,יָלִיד,,,né,13,
H3213,יָלַל,,,"(hif.) hurler, gémir, pousser des cris",30,
H3214,יְלֵל,,,un hurlement (de bête),1,
H3215,יְלָלָה,,,"un hurlement (de détresse), gémissement",5,
H3216,יָלַע,,,"(qal) parler d’une façon téméraire, parler sauvagement",1,
H3217,יַלֶּ֫פֶת,,,"gale, maladie de peau, écaille, dartre, éruption",2,
H3218,יֶ֫לֶק,,,jeune sauterelle (à son premier stade de développement),9,
H3219,יַלְקוּט,,,"portefeuille, bourse, sac, poche, réceptacle",1,
H3220,יָם,,,mer,396,
H3221,יַם,,,mer,2,
H3222,יֵמִם,,,"sens incertain, qui peut être «mules» ou «sources chaudes»",1,
H3223,יְמוּאֵל,,,Jemuel = «jour de Dieu»,2,
H3224,יְמִימָה,,,Jemima = «jour après jour»,1,
H3225,יָמִין,,,"droite, main droite, côté droit",141,
H3226,יָמִין,,,Jamin = «main droite»,6,
H3227,יְמִינִי,,,"droit, sur la droite, le côté droit",2,
H3228,יָֽמִינִי,,,Jaminites = voir Jamin «la main droite»,2,
H3229,יִמְלָה,,,Jimla = «celui que Dieu remplit»,4,
H3230,יַמְלֵךְ,,,Jamlec = «celui que Dieu fait roi»,1,
H3231,יָמַן,,,"(hif.) choisir la droite, aller à droite, utiliser la main droite,être droitier",4,
H3232,יִמְנָה,,,Jimna = «main droite»,5,
H3233,יְמָנִי,,,"droite, main droite",32,
H3234,יִמְנָע,,,Jimna = «Il retiendra»,1,
H3235,יָמַר,,,"échanger, changer",2,
H3236,יִמְרָה,,,Jimra = «amertume»,1,
H3238,יָנָה,,,"opprimer, supprimer, traiter violemment, maltraiter, vexer, fairedu mal",19,
H3239,יָנ֫וֹחָה,,,Janoach = «tranquillité»,3,
H3241,יָנוּם,,,Janum = «endormi»,1,
H3242,יְנִיקָה,,,"jeune plante, tige, brindille, rameau, jeune pousse",1,
H3243,יָנַק,,,"allaiter, nourrice, sucer",32,
H3244,יַנְשׁוּף,,,"gros hibou, chouette",3,
H3245,יָסַד,,,"fonder, fixer, établir, poser le fondement",43,
H3246,יְסֻד,,,"un commencement, un fondement, ce qui est fondé",1,
H3247,יְסוֹד,,,"fondation, fondement, base",19,
H3248,יְסוּדָה,,,fondation,1,
H3250,יִסּוֹר,,,"’découvreur de fautes’, celui qui réprimande, qui blâme, qui réprouve",1,
H3251,יָסַךְ,,,"(qal) oindre, être versé, répandre",1,
H3252,יִסְכָּה,,,Jisca = «celui qui regarde en avant»,1,
H3253,יִסְמַכְיָהוּ,,,Jismakia = «l’Éternel soutient»,1,
H3254,יָסַף,,,"ajouter, augmenter, faire de nouveau",212,
H3255,יְסַף,,,ajouter,1,
H3256,יָסַר,,,"châtier, corriger, discipliner, instruire, réprimander",43,
H3257,יָע,,,pelle,9,
H3258,יַעְבֵּץ,,,"Jaebets = «douleur, souffrance»",4,
H3259,יָעַד,,,"fixer, désigner, s’assembler, rencontrer, fiancer",29,
H3260,יֶעְדּוֹ,,,Jéedo = «désigné»,1,
H3261,יָעָה,,,"(qal) balayer, emporter au loin",1,
H3262,יְעוּאֵל,,,Jeuel = «Dieu emporte au loin»,1,
H3263,יְעוּץ,,,Jeuts = «conseiller»,1,
H3265,יָעִיר,,,Jaïr = «de la forêt»,1,
H3266,יְעוּשׁ,,,Jeusch = «Il se hâte d’aider»,9,
H3267,יָעַז,,,"être fort, être féroce (sens douteux)",1,
H3268,יַעֲזִיאֵל,,,Jaaziel = «rendu hardi par Dieu»,1,
H3269,יַעֲזִיָּ֫הוּ,,,Jaazija = «l’Éternel fortifie»,2,
H3270,יַעְזֵר,,,Jaezer = «aidé»,13,
H3271,יָעַט,,,(qal) couvrir,1,
H3272,יָעֵט,,,"(Itpael) conseiller, prendre conseil",3,
H3273,יְעִיאֵל,,,Jeïel = «Dieu emporte au loin»,14,
H3275,יַעְכָּן,,,Jaecan = «gênant»,1,
H3276,יָעַל,,,"(hif.) gagner, profiter, bénéficier, servir à",23,
H3277,יָעֵל,,,chèvre ou bouc de montagne,3,
H3278,יָעֵל,,,Jaël = «chèvre sauvage»,6,
H3279,יַעֲלָא,,,Jaala = «bouquetin»,2,
H3280,יַעֲלָה,,,chèvre de montagne,1,
H3281,יַעְלָם,,,"Jaelam = «caché, dissimulé»",4,
H3282,יַעַן,,,"parce que, donc, à cause de ceci",99,
H3283,יָעֵן,,,autruche,1,
H3284,יַעֲנָה,,,un oiseau déclaré impur,8,
H3285,יַעֲנַי,,,Jaenaï = «celui à qui l’Éternel répond»,1,
H3286,יָעֵף,,,"être ou devenir las, être fatigué, être faible",9,
H3287,יָעֵף,,,"faible, las, fatigué",4,
H3288,יְעָף,,,"lassitude, fatigue, faiblesse",1,
H3289,יָעַץ,,,"conseiller, consulter, donner un conseil, but, dessein, plan",79,
H3290,יַעֲקֹב,,,Jacob = «celui qui prend par le talon»,350,
H3291,יַעֲקֹ֫בָה,,,Jaakoba = «envers Jacob»,1,
H3292,יַעֲקָן,,,Jaakan = «celui qui les oppresse»,1,
H3293,יַ֫עַר,,,"forêt, bois, fourré, hauteur boisée",59,
H3294,יַעְרָה,,,Jaera = «rayon de miel»,2,
H3295,יַעְרָה,,,forêt,1,
H3296,יַעֲרֵי אֹרְגִים,,,Jaaré-Oreguim = «forêts du tisserand»,2,
H3297,יְעָרִים,,,Jearim = «forêts»,1,
H3298,יַעֲרֶשְׁיָה,,,Jaaréschia = «celui que l’Éternel nourrit»,1,
H3299,וְיַעֲשׂוֹ,,,Jaasaï = «l’Éternel fait»,1,
H3300,יַעֲשִׂיאֵל,,,Jaasiel = «Dieu fait»,2,
H3301,יִפְדְּיָה,,,Jiphdeja = «l’Éternel rachète»,1,
H3302,יָפָה,,,"être brillant, être beau, belle, être élégant, être juste",8,
H3303,יָפֶה,,,"beau, belle, élégant",42,
H3304,יְפֵה־פִיָּה,,,joli (avec la force d’un diminutif),2,
H3305,יָפוֹ,,,Japho = «belle»,4,
H3306,יָפַח,,,"respirer, respirer fortement, par bouffée",1,
H3307,יָפֵחַ,,,"une expiration, une exhalation, respiration",1,
H3308,יֳפִי,,,beauté,19,
H3309,יָפִיעַ,,,Japhia = «brillant»,5,
H3310,יַפְלֵט,,,Japhleth = «Dieu délivrera»,3,
H3311,יַפְלֵטִי,,,Japhléthiens voir Japhleth  = «il fera échapper»,1,
H3312,יְפֻנֶּה,,,Jephunné = «il sera revêtu»,16,
H3313,יָפַע,,,"briller, resplendir, faire briller, envoyer des rayons",8,
H3314,יִפְעָה,,,"splendeur, éclat, brillance",2,
H3315,יֶ֫פֶת,,,Japhet = «ouvert»,11,
H3316,יִפְתָּח,,,"Jephthé (Jiphtach) = «il ouvrira, il libérera»",30,
H3317,יִפְתַּח־אֵל,,,Jiphthach-El = «Dieu ouvre»,4,
H3318,יָצָא,,,"sortir, aller dehors, partir, s’éloigner",1067,
H3319,שֵׁיצִי,,,"(Saf’el) amener à une fin, finir, achever",1,
H3320,יָצַב,,,"mettre, fixer, se tenir, se présenter",48,
H3321,יְצַב,,,"(Pael) faire tenir, rendre certain, gagner avec certitude, connaître la vérité, être certain",1,
H3322,יָצַג,,,"placer, mettre, établir",16,
H3323,יִצְהָר,,,"huile fraîche, huile brillante (pure)",23,
H3324,יִצְהָר,,,Jitsehar = «huile pure»,9,
H3325,יִצְהָרִי,,,Jitseharites = «huile»,4,
H3326,יָצוּעַ,,,"couche, lit",8,
H3327,יִצְחָק,,,"Isaac = «rire, il rit»",108,
H3329,יָצִיא,,,provenir de,1,
H3330,יַצִּיב,,,la vérité,5,
H3331,יָצַע,,,"s’étendre, se mettre au lit",4,
H3332,יָצַק,,,"verser, couler, jeter, répandre",50,
H3333,יְצֻקָה,,,un moulage (de métal),2,
H3334,יָצַר,,,"nouer, être déprimé, dans la détresse, à l’étroit, noué",10,
H3335,יָצַר,,,"former, façonner, structurer",62,
H3336,יֵ֫צֶר,,,"forme, but, charpente, structure",9,
H3337,יֵ֫צֶר,,,Jetser = «forme»,3,
H3338,יְצֻרִים,,,"formes, membres (du corps)",1,
H3339,יִצְרִי,,,Jitseri = «mon façonneur»,1,
H3340,יִצְרִי,,,"Jitsrites = «imagination, forme, dessein»",1,
H3341,יָצַת,,,"allumer, brûler, mettre le feu",29,
H3342,יֶ֫קֶב,,,"cuve à vendange, pressoir à raisin",16,
H3343,יְקַבְצְאֵל,,,Jekabtseel = «Dieu recueille»,1,
H3344,יָקַד,,,"brûler, allumer, éclairer, être allumé",9,
H3345,יְקַד,,,(P’al) brûler,8,
H3346,יְקֵדָא,,,une brûlure,1,
H3347,יׇקְדְעָם,,,Jokdeam = «combustion d’un peuple»,1,
H3348,יָקֶה,,,Jaké = «sans reproche»,1,
H3349,יִקְּהָה,,,"obéissance, purification",2,
H3350,יְקוֹד,,,"une combustion, un feu",2,
H3351,יְקוּם,,,"substance vivante, ce qui existe, un être, existence, substance",3,
H3352,יָקוֹשׁ,,,"oiseleur, poseur d’appâts",1,
H3353,יָקוּשׁ,,,"oiseleur, trappeur, poseur d’appâts",3,
H3354,יְקוּתִיאֵל,,,Jekuthiel = «purification de Dieu»,1,
H3355,יׇקְטָן,,,Jokthan = «petitesse»,6,
H3356,יָקִים,,,Jakim = «Dieu suscite»,2,
H3357,יַקִּיר,,,"rare, très précieux, honneur, cher",1,
H3358,יַקִּיר,,,"rare, noble, célèbre, difficile",2,
H3359,יְקַמְיָה,,,Jekamia = «l’Éternel ressuscitera»,3,
H3360,יְקַמְעָם,,,Jekameam = «que le peuple se lève»,2,
H3361,יׇקְמְעָם,,,Jokmeam = «rassemblé par le peuple»,2,
H3362,יׇקְנְעָם,,,Jokneam = «le peuple se lamente»,4,
H3363,יָקַע,,,"être disloqué, être aliéné",8,
H3364,יָקַץ,,,"(qal) s’éveiller, réveiller, devenir actif",11,
H3365,יָקַר,,,"estimer, être prisé, avoir de la valeur, être précieux, coûteux, être apprécié",11,
H3366,יְקָר,,,"prix, valeur, préciosité, honneur, splendeur, pompe",17,
H3367,יְקָר,,,"honneur, estime",7,
H3368,יָקָר,,,"de valeur, ayant du prix, pesant, précieux, rare, splendide",36,
H3369,יָקֹשׁ,,,"leurrer, attirer, piéger, tendre un piège, préparer une trappe",8,
H3370,יׇקְשָׁן,,,Jokschan = «celui qui piège»,4,
H3371,יׇקְתְאֵל,,,Joktheel = «la bénédiction de Dieu»,2,
H3372,יָרֵא,,,"craindre, révérer, avoir peur",314,
H3373,יָרֵא,,,"craindre ; révérer ; craintif, révérant, timide",65,2025-02-11T10:16:54.000Z
H3374,יִרְאָה,,,"crainte, terreur",45,2024-11-01T08:15:49.825Z
H3375,יִרְאוֹן,,,Jireon = «celui qui craint»,1,
H3376,יִרְאִיָּיה,,,"Jireija = «l’Éternel voit, ou pourvoit»",2,
H3377,יָרֵב,,,"Jareb = «compétiteur, disputeur»",2,
H3378,יְרֻבַּ֫עַל,,,Jerubbaal = «que Baal plaide»,14,
H3379,יָֽרָבְעָם,,,Jéroboam = «le peuple devient nombreux»,104,
H3380,יְרֻבֶּשֶׁת,,,Jérubbéscheth = «que la honte plaide»,1,
H3381,יָרַד,,,"descendre, décliner, aller vers le bas",381,
H3382,יֶ֫רֶד,,,Jéred = «descente»,7,
H3383,יַרְדֵּן,,,Jourdain = «celui qui descend»,182,
H3384,יָרָה,,,"jeter, tirer, faire couler, verser",80,
H3385,יְרוּאֵל,,,Jeruel = «enseigné par Dieu»,1,
H3386,יָרוֹחַ,,,Jaroach = «nouvelle lune»,1,
H3387,יָרוֹק,,,"verdure, plantes vertes, choses vertes",1,
H3388,"יְרוּשָׁא, יְרוּשָׁה",,,Jeruscha = «qui dépossède»,2,
H3389,"יְרוּשָׁלִַ֫ם, יְרוּשְׁלֵם",,,Jérusalem = «fondement de la paix»,643,
H3390,"יְרוּשָׁלִַ֫ם, יְרוּשְׁלֵם",,,Jérusalem = «fondement de la paix»,26,
H3391,יֶ֫רַח,,,"mois (cycle lunaire), lune",12,
H3392,יֶ֫רַח,,,Jérach = «nouvelle lune»,2,
H3393,יְרַח,,,mois,2,
H3394,יָרֵחַ,,,lune,27,
H3395,יְרֹחָם,,,Jerocham = «qui montre de la pitié»,10,
H3396,יְרַחְמְאֵל,,,Jerachmeel = «puisse Dieu avoir pitié»,8,
H3397,יְרַחְמְאֵלִי,,,Jerachmeélites = voir Jerachmeel «puisse Dieu avoir pitié»,2,
H3398,יַרְחָע,,,Jarcha = «le mois du premier quartier de la lune»,2,
H3399,יָרַט,,,"précipiter, être précipité, pousser la tête la première, conduire d’une façon téméraire",2,
H3400,יְרִיאֵל,,,Jeriel = «enseigné par Dieu»,1,
H3401,יָרִיב,,,"compétiteur, adversaire, opposant, ennemi",3,
H3402,יָרִיב,,,"Jarib = «il (Dieu) lutte, combat, intercède»",3,
H3403,יְרִיבַי,,,Jeribaï = «l’Éternel plaide»,1,
H3404,יְרִיָּהוּ,,,Jerija = «enseigné par l’Éternel»,3,
H3405,יְרִיחוֹ,,,Jéricho = «ville de la lune»,57,
H3406,"יְרֵמוֹת, יְרִימוֹת",,,Jerémoth = «Il est très haut»,13,
H3407,יְרִיעָה,,,"rideau, drap, tapis",54,
H3408,יְרִיעוֹת,,,Jerioth = «rideaux»,1,
H3409,יָרֵךְ,,,"cuisse, côté, reins, base",34,
H3410,יַרְכָא,,,"cuisse, reins, flanc, côté, recoin",1,
H3411,יַרְכָה,,,"flanc, côté, parties extrêmes, extrémité, fond",28,2025-03-20T09:58:46.000Z
H3412,יַרְמוּת,,,Jarmuth = «une hauteur»,7,
H3413,יְרֵמַי,,,Jerémaï = «mes exaltations»,1,
H3414,יִרְמְיָ֫הוּ,,,Jérémie = «celui que l’Éternel a désigné»,147,
H3415,יָרַע,,,"(qal) trembler, frissonner",2,
H3416,יִרְפְּאֵל,,,Jirpeel = «Dieu guérit»,1,
H3417,יָרַק,,,(qal) cracher,3,
H3418,יֶ֫רֶק,,,"la verdure, les plantes vertes",6,2025-10-20T12:24:10.442Z
H3419,יָרָק,,,"herbes, herbage, légumes, jardin potager",5,
H3420,יֵרָקוֹן,,,"nielle, rouille ; pâleur, lividité",6,2025-03-12T08:58:48.000Z
H3421,יׇרְקְעָ֑ם,,,Jorkeam = «le peuple se répand»,1,
H3422,יְרַקְרַק,,,"verdâtre, vert pâle, jaune-vert",3,
H3423,יָרַשׁ,,,"saisir, déposséder, prendre possession, hériter, déshériter, occuper, appauvrir, être un héritier",231,
H3424,יְרֵשָׁה,,,"possession, propriété",2,
H3425,יְרֻשָּׁה,,,"possession, héritage",14,
H3426,יֵשׁ,,,"être, existence, substance, il y a",140,
H3427,יָשַׁב,,,"demeurer, rester, s’asseoir, habiter",1078,
H3428,יֶֽשֶׁבְאָב,,,Jeschébeab = «demeure du père»,1,
H3429,יֹשֵׁב בַּשֶּׁ֫בֶת,,,Joscheb-Basschébeth = «qui demeure dans le repos»,2,
H3430,יִשְׁבּוֹ בְּנֹב,,,Jischbi-Benob = «sa demeure est en Nob»,2,
H3431,יִשְׁבַּח,,,Jischbach = «il rend grâces»,1,
H3432,יָשֻׁבִי,,,Jaschubites = voir Jaschub «il retournera»,1,
H3433,יָשֻׁ֫בִי לָ֑חֶם,,,Jaschubi-Léchem = «celui qui retourne le pain»,2,
H3434,יָשׇׁבְעָם,,,Jaschobeam = «que le peuple retourne»,3,
H3435,יִשְׁבָּק,,,Jischbak = «il libère»,2,
H3436,יׇשְׁבְּקָ֫שָׁה,,,Joschbekascha = «assis dans la dureté»,2,
H3437,יָשׁוּב,,,Jaschub = «il reviendra»,3,
H3438,יִשְׁוָה,,,Jischva = «il ressemblera»,2,
H3439,יְשׁוֹחָיָה,,,Jeschochaja = «l’Éternel humilie»,1,
H3440,יִשְׁוִי,,,Jischvi = «il me ressemble»,4,
H3441,יִשְׁוִי,,,Jischvites  voir Jischvi,1,
H3442,יֵשׁוּעַ,,,"Josué, Jéschua = «l’Éternel est salut»",29,
H3443,יֵשׁוּעַ,,,Josué = «il est sauvé»,1,
H3444,יְשׁוּעָה,,,"salut, délivrance",78,
H3445,יֶ֫שַׁח,,,"le sentiment de couler, un vide",1,
H3446,יִשְׂחָק,,,Isaac = «il rit»,4,
H3447,יָשַׁט,,,"(hif.) tendre, étendre",3,
H3448,יִשַׁי,,,Isaï = «Je possède»,42,
H3449,יִשִּׁיָּהוּ,,,Jischija = «l’Éternel prête»,7,
H3450,יְשִׁימִאֵל,,,Jesimiel = «Dieu établit»,1,
H3452,יְשִׁימוֹן,,,Jeshimon  «désert»,13,
H3453,יָשִׁישׁ,,,"âgé, vieil homme, celui qui a de l’âge",4,
H3454,יְשִׁישַׁי,,,"Jeschischaï = «vieux, vénérable»",1,
H3455,יָשַׂם,,,"mettre, placer, servir, disposer, désigner, faire",1,
H3456,יָשַׁם,,,"(qal) ruiner, être désolé",4,
H3457,יִשְׁמָא,,,Jischma = «désolation»,1,
H3458,יִשְׁמָעֵאל,,,Ismaël = «Dieu entend»,48,
H3459,יִשְׁמְעֵאלִי,,,Ismaélite = voir Ismaël «Dieu entendra»,8,
H3460,יִשְׁמַעְיָ֫הוּ,,,Jischmaeja = «l’Éternel entend»,2,
H3461,יִשְׁמְרַי,,,Jischmeraï = «Il me garde»,1,
H3462,יָשֵׁן,,,"dormir, être endormi",20,
H3463,יָשֵׁן,,,"le sommeil, l’endormissement",9,
H3464,יָשֵׁן,,,Jaschen = «dormant»,1,
H3465,יָשָׁן,,,"vieux, ancien, emmagasiner, emmagasinage",7,
H3466,יְשָׁנָה,,,Jeschana = «emmagasinage»,2,
H3467,יָשַׁע,,,"sauver, être sauvé, être délivré",206,
H3468,יֵ֫שַׁע,,,"délivrance, salut, sauvetage, sécurité, bien-être",36,
H3469,יִשְׁעִי,,,Jischeï = «Il me sauve»,5,
H3470,יְשַׁעְיָ֫הוּ,,,Ésaïe = «l’Éternel a sauvé»,39,
H3471,יָֽשְׁפֶה,,,un jaspe (une pierre précieuse),3,
H3472,יִשְׁפָּה,,,Jischpha = «Il est nu»,1,
H3473,יִשְׁפָּן,,,Jischpan = «il cache»,1,
H3474,יָשַׁר,,,"être droit, être juste, être légal, être lisse",25,
H3475,יֶ֫שֶׁר,,,Jéscher = «droiture»,1,
H3476,יֹ֫שֶׁר,,,droiture,14,
H3477,כָּבֵד,,,"droit, juste, correct, convenable",119,
H3478,יִשְׂרָאֵל,,,Israël,2508,
H3479,יִשְׂרָאֵל,,,Israël,8,
H3480,יְשַׂרְאֵ֫לָה,,,Jesareéla = «ceux-ci sont justes»,1,
H3481,יִשְׂרְאֵלִי,,,Israélite = voir Israël «Dieu prévaut»,5,
H3483,יְשָׁרָה,,,droiture,1,
H3484,יְשֻׁרוּן,,,Jeshurun = «celui qui est droit»,4,
H3485,יִשָּׂשכָר,,,Issacar = «il donnera un salaire»,43,
H3486,יָשֵׁשׁ,,,"âgé, décrépit, faible",1,
H3487,יָת,,,(marque l’objet direct ou l’accusatif et non traduit),1,
H3488,יְתִב,,,"s’asseoir, demeurer",5,
H3489,יָתֵד,,,"épingle, pieu, cheville, clou",25,
H3490,יָתוֹם,,,"un orphelin, sans père",42,
H3492,יַתִּיר,,,Jatthir = «abondance»,4,
H3493,יַתִּיר,,,"pré éminent, surpassant, extrême, extraordinaire",8,
H3494,יִתְלָה,,,Jithla = «il pend»,1,
H3495,יִתְמָה,,,Jithma = «orphelin»,1,
H3496,יַתְנִיאֵל,,,Jathniel = «Dieu m’engage»,1,
H3497,יִתְנָ֑ן,,,"Ithnan = «louer, engager»",1,
H3498,יָתַר,,,"(qal) rester ; (nif.) rester, demeurer ; (hif.) faire rester, conserver, épargner, donner l'abondance",106,2025-05-29T09:56:33.000Z
H3499,יֶ֫תֶר,,,"un reste, excès, les autres, ce qui reste, excellence",102,
H3500,יֶ֫תֶר,,,Jéther = «abondance»,9,
H3501,יִתְרָא,,,Jithra = «abondance»,1,
H3502,יִתְרָה,,,"abondance, richesse, les biens",2,
H3503,יִתְרוֹ,,,Jéthro = «son abondance»,9,
H3504,יִתְרוֹן,,,"avantage, profit, excellence",10,
H3505,יִתְרִי,,,"De Jéther, Jéthrien = «un reste, excellence»",5,
H3506,יִתְרָן,,,Jithran = «avantage»,3,
H3507,יִתְרְעָם,,,Jithream = «profit du peuple»,2,
H3508,יֹתֶ֫רֶת,,,"appendice, faire saillie, protubérance, le grand lobe du foie d’unanimal sacrifié",11,
H3509,יְתֵת,,,Jetheth = «un ongle»,2,
H3510,כָּאַב,,,"être en peine, avoir mal à, avoir de la peine, être affligé",8,
H3511,כְּאֵב,,,"peine (mentale et physique), douleur",6,
H3512,כָּאָה,,,"être triste, être découragé, être brisé",3,
H3513,כָּבֵד,,,"être lourd, être pesant, être douloureux, être dur, être riche, être honorable, être glorieux, être onéreux, être honoré",113,
H3514,כֹּ֫בֶד,,,"poids, lourdeur, masse, grand",4,
H3515,כָּבֵד,,,"lourd, grand",41,
H3516,כָּבֵד,,,le foie,14,
H3517,כְּבֵדֻת,,,"lourdeur, difficulté",1,
H3518,כָּבָה,,,"éteindre, enlever, supprimer, être éteint",24,
H3519,כָּבוֹד,,,"gloire, honneur, glorieux, abondance",200,
H3520,כְּבוּדָּ֯ה,,,"abondance, richesse, biens",3,
H3521,כָּבוּל,,,Cabul = «mis en gage»,2,
H3522,כַּבּוֹן,,,Cabbon = «le constructeur»,1,
H3523,כָּבִיר,,,"une chose tressée, une courtepointe, un filet, un oreiller",2,
H3524,כַּבִּיר,,,"puissant, grand, riche, beaucoup",10,
H3525,כֶּ֫בֶל,,,"les liens, les fers",2,
H3526,כָּבַס,,,"laver (en foulant), être lavé, réaliser le travail d’un foulon",51,
H3527,כָּבַר,,,"être beaucoup, nombreux, être dans l’abondance, entrelacer, multiplier",1,
H3528,כְּבָר,,,"déjà, depuis longtemps",9,
H3529,כְּבָר,,,Kebar = «lointain»,8,
H3530,כִּבְרָה,,,une distance (de longueur indéterminée),3,
H3531,כְּבָרָה,,,"un tamis, un crible",1,
H3532,כֶּ֫בֶשׂ,,,"agneau, brebis, jeune bélier",107,
H3533,כָּבַשׁ,,,"assujettir, subjuguer, forcer, garder sous, amener en servitude",14,
H3534,כֶּ֫בֶשׁ,,,marchepied,1,
H3535,כִּבְשָׂה,,,"brebis (d’un an), jeune brebis, agneau",8,
H3536,כִּבְשָׁן,,,"four (de potier ou de céramique), four de fusion, fournaise",4,
H3537,כַּד,,,"jarre, cruche, grande jarre (portable)",18,
H3538,כְּדַב,,,"faux, mensonge",1,
H3539,כַּדְכֹּד,,,"une pierre précieuse (peut-être rubis, agate)",2,
H3540,כְּדׇרְלָעֹמֶר,,,Kedorlaomer = «poignée de gerbes»,6,
H3541,כֹּה,,,"ainsi, ici, de cette manière",577,
H3542,כָּה,,,"jusqu’ici, ainsi, ici",1,
H3543,כָּהָה,,,"s’affaiblir, devenir terne, s’évanouir, hésiter, être faible,être obscurci, échouer",10,
H3544,כֵּהֶה,,,"terne, pâle, sans couleur, être sombre, faible",7,
H3545,כֵּהָה,,,"une extinction, un engourdissement, une diminution, une guérison, un soulagement",1,
H3546,כְּהַל,,,être capable,4,
H3547,כָּהַן,,,"agir comme un sacrificateur, remplir les fonctions du sacerdoce",23,
H3548,כֹּהֵן,,,"prêtre, sacrificateur",750,
H3549,כָּהֵן,,,sacrificateur,8,
H3550,כְּהֻנָּה,,,sacerdoce,14,
H3551,כַּוָּה,,,fenêtre,1,
H3552,כּוּב,,,Cub = «une horde»,1,
H3553,כּוֹבַע,,,casque,6,
H3554,כָּוָה,,,"brûler, roussir, stigmatiser, marquer au fer rouge",2,
H3555,כְּוִיָּה,,,"brûlure, marque, cicatrice de brûlure",2,
H3556,כּוֹכָב,,,étoile,37,
H3557,כּוּל,,,"(qal) mesurer • (piel) saisir, contenir ; soutenir ; régler ; nourrir • (pual) être nourri • (hif.) contenir ; soutenir",38,2025-10-31T09:57:57.367Z
H3558,כּוּמָז,,,"ornements, bijoux en or",2,
H3559,כּוּן,,,"être ferme, être stable, être établi",217,
H3560,כּוּן,,,Cun = « établi»,1,
H3561,כַּוָּן,,,"gâteau du sacrifice, gâteau",2,
H3562,כּוֹנַנְיָ֫הוּ,,,Conania = «l’Éternel a établi»,3,
H3563,כּוֹס,,,"coupe, calice",34,
H3564,כּוּר,,,"fourneau, forge, four pour fondre ou creuset",9,
H3565,בּוֹר עָשָׁן,,,Cor-Aschan = «fourneau fumant»,2,
H3566,כּ֫וֹרֶשׁ,,,Cyrus = «possède la fournaise»,15,
H3567,כּ֫וֹרֶשׁ,,,Cyrus,8,2024-11-01T08:15:49.825Z
H3568,כּוּשׁ,,,"Éthiopie (Cusch) = «noir, brûlé par le soleil»",30,
H3569,כּוּשִׁי,,,Cuschi ou éthiopien = voir Cuschan «leur noirceur»,26,
H3570,כּוּשִׁי,,,Cuschi = «leur noirceur»,1,
H3572,כּוּשָׁן,,,Éthiopie (ou Cuschan) = «leur noirceur»,1,
H3573,כּוּשַׁן רִשְׁעָתַ֫יִם,,,Cuschan-Rischeathaïm = «noirceur doublement méchante»,8,
H3574,כּוֹשָׁרָה,,,prospérité,1,
H3575,כּוּתָה,,,Cuth = «broyage»,2,
H3576,כָּזַב,,,"mentir, dire un mensonge, être un menteur, manquer",16,
H3577,כָּזָב,,,"un mensonge, contre vérité, fausseté, chose trompeuse",31,
H3578,כֹּֽזֵבָ֗א,,,"Cozéba = «mensonge, fourbe»",1,
H3579,כָּזְבִי,,,Cozbi = «mon mensonge»,2,
H3580,כְּזִיב,,,Czib = «fausse»,1,
H3581,כֹּחַ,,,"force, pouvoir, puissance",126,
H3582,כָּחַד,,,"cacher, dissimuler, détruire, rendre désolé, donner un coup de pied",32,
H3583,כָּחַל,,,"(qal) peindre (les yeux), orner de peinture, mettre du fard",1,
H3584,כָּחַשׁ,,,"tromper, mensonge, être désappointé, être faux, être insuffisant, être trouvé menteur, nier, renier, dissimuler, traiter faussement",22,
H3585,כַּ֫חַשׁ,,,"mensonge, tromperie, duperie",6,
H3586,כֶּחָשׁ,,,"trompeur, faux, décevant, menteur",1,
H3587,כִּי,,,"brûlure, stigmate",1,
H3588,כִּי,,,"que, pour, parce que, quand, quoique, comme, mais, alors, certainement, sauf, sûrement, puisque",4485,
H3589,כִּיד,,,"ruine, destruction",1,
H3590,כִּידוֹד,,,étincelle,1,
H3591,כִּידוֹן,,,"javelot, épée courte, un dard",9,
H3592,כִּידֹן,,,Kidon = «javelot»,1,
H3593,כִּידוֹר,,,"attaque, assaut, combat",1,
H3594,כִּיּוּן,,,"Kiyuwn? = «image, idole»",1,
H3595,כִּיֹּר,,,"pot, cuvette, cuve, casserole",23,
H3596,כִּילַי,,,"coquin, gredin, valet",2,
H3597,כֵּילַפּוֹת,,,"grande hache, marteau, hache",1,
H3598,כִּימָה,,,"Pléiades, une constellation de sept étoiles",3,
H3599,כִּיס,,,"sac, bourse",5,
H3600,כִּיר,,,"fourneau, foyer, four de cuisine",1,
H3601,כִּישׁוֹר,,,"fuseau, quenouille",1,
H3602,כָּ֫כָה,,,"comme ceci, ainsi",37,
H3603,כִּכָּר,,,rond,68,
H3604,כִּכֵּר,,,"talent, (pièce de monnaie)",1,
H3605,כֹּל,,,"tout, l’entier",5415,
H3606,כֹּל,,,"tout, l’entier, le tout",82,
H3607,כָּלָא,,,"renfermer, retenir, empêcher, fermer, refuser",17,
H3608,כֶּ֫לֶא,,,"emprisonnement, confinement, retenue",10,
H3609,כִּלְאָב,,,Kileab = «comme son père»,1,
H3610,כִּלְאַיִם,,,"deux sortes, mélange",4,
H3611,כֶּ֫לֶב,,,chien,32,
H3612,כָּלֵב,,,Caleb = «chien»,35,
H3613,כָּלֵב אֶפְרָתָה,,,Caleb-Éphratha = «chien fécond»,2,
H3614,כָּלִבִּי,,,un descendant de Caleb,1,
H3615,כָּלָה,,,"(qal) être fini, être achevé, être au bout, être dépensé ; (piel) terminer, accomplir, consumer, détruire ; (pual) être terminé",208,2025-02-11T10:29:40.000Z
H3616,כָּלֶה,,,"affaibli par le désir, désir ardent, languir",1,
H3617,כָּלָה,,,"achèvement, terminaison, fin entière, complète destruction, consommation, anéantissement",21,
H3618,כַּלָּה,,,"mariée, belle-fille",34,
H3619,כְּלוּב,,,"cage, corbeille, cage à chien",3,
H3620,כְּלוּב,,,"Kelub = «corbeille, cage à oiseau»",2,
H3621,כְּלוּבָ֑י,,,"Kelubaï = «celui qui est en cage, chien»",1,
H3622,כְּלוּהוּ,,,Keluhu = «mon accomplissement»,1,
H3623,כְּלוּלָה,,,"fiançailles, épousailles",1,
H3624,כֶּ֫לַח,,,"pleine force, vigueur, force rude ou ferme",2,
H3625,כֶּ֫לַח,,,Calach = «vigueur»,2,
H3626,כׇּל־חֹזֶה,,,Col-Hozé = «celui qui voit tout»,4,
H3627,כְּלִי,,,"article, vaisselle, outil, ustensile",325,
H3628,כְּלִיא,,,emprisonnement,2,
H3629,כִּלְיָה,,,rognons,31,
H3630,כִּלְיוֹן,,,Kiljon = «qui languit»,3,
H3631,כִּלָּיוֹן,,,"achèvement, destruction, consommation, anéantissement",2,
H3632,כָּלִיל,,,"entier, tout, parfait",15,
H3633,כַּלְכֹּל,,,"Calcol = «soutien, maintien»",2,
H3634,כָּלַל,,,"compléter, parfaire, rendre parfait",2,
H3635,כְּלַל,,,"finir, compléter",7,
H3636,כְּלָ֑ל,,,Kelal = «achèvement»,1,
H3637,כָּלַם,,,"insulter, honte, humilier, rougir, être honteux, être rendu honteux, recevoir des reproches, être humilié",38,
H3638,כִּלְמָד,,,Kilmad = «enclos»,1,
H3639,כְּלִמָּה,,,"disgrâce, reproche, honte, confusion, déshonneur, insulte, ignominie",30,
H3640,כְּלִמּוּת,,,"honte, disgrâce, ignominie",1,
H3641,כַּלְנֵ֑ה,,,une cité de Babylonie nommée parmi les cités de Nimrod,3,
H3642,כָּמַהּ,,,"(qal) soupirer après, faiblir, défaillir avec un désir ardent",1,
H3643,כִּמְהָם,,,Kimham = «leur désir ardent»,3,
H3644,כְּמוֹ,,,"comme, tel que, semblable",143,
H3645,כְּמוֹשׁ,,,"Kemosch = «subjugueur, qui asservit»",8,
H3646,כַּמֹּן,,,cumin,3,
H3647,כָּמַס,,,"emmagasiner, sauver",1,
H3648,כָּמַר,,,"soupirer, être brûlant, être noir (chaud), devenir chaud et tendre, devenir agité par l’émotion",4,
H3649,כֹּ֫מֶר,,,"prêtre, sacrificateur idolâtre",3,
H3650,כִּמְרִיר,,,"noirceur, obscurité, ténèbres",1,
H3651,כֵּן,,,"(adj) droit, loyal, sincère ; (adv) bien, ainsi, donc, de cette manière, autant, comme, de même que...",765,2025-05-23T11:16:09.000Z
H3652,כֵּן,,,"ainsi, de telle sorte, selon ce qui suit",8,
H3653,כֵּן,,,"base, support, piédestal, fonction, pied, endroit, état",17,
H3654,כֵּן,,,"moucheron, essaim de mouches, poux",7,
H3655,כָּנָה,,,"titrer, surnommer, être surnommé, donner un épithète ou surnom, donner un titre flatteur",4,
H3656,כַּנֶּה,,,Canné = «donner un titre flatteur»,1,
H3657,כַּנָּה,,,"vigne, racine, tronc (d’un arbre), tirer",1,
H3658,כִּנּוֹר,,,"lyre, harpe",42,
H3659,כׇּנְיָהוּ,,,Jeconia = «l’Éternel établira»,3,
H3660,כְּנֵ֫מָא,,,"ainsi, de sorte que, à l’avenant, comme suit",5,
H3662,כְּנָנִי,,,Kenani = «où je suis établi»,1,
H3663,כְּנַנְיָ֫הוּ,,,Kenania = «l’Éternel établit»,3,
H3664,כָּנַס,,,"rassembler, recueillir, rassembler, envelopper",11,
H3665,כָּנַע,,,"être humble, être humilié, être subjugué, être rabaissé, être emmené en soumission",36,
H3666,כִּנְעָה,,,"paquet, sac, ce qui est entassé",1,
H3667,כְּנַ֫עַן,,,Canaan = «terre basse»,94,
H3668,כְּנַעֲנָה,,,Kenaana = «commerçant»,5,
H3669,כְּנַעֲנִי,,,"Cananéen = voir Canaan «marchand, terre basse»",73,
H3670,כָּנַף,,,"être posé ou jeté dans un coin, être caché de la vue, être dans une encoignure, être mis de côté",1,
H3671,כָּנָף,,,"aile, extrémité, bord, bordure, coin, vêtement",109,
H3672,כִּנֶּ֫רֶת,,,Kinnéreth = «harpes»,7,
H3673,כְּנַשׁ,,,rassembler,3,
H3674,כְּנָת,,,"associé, collègue, compagnon",1,
H3675,כְּנָת,,,"compagnon, associé",7,
H3676,כֵּס,,,"siège (d’honneur), trône, siège, escabeau",1,
H3677,כֶּ֫סֶא,,,lune (pleine ou nouvelle),2,
H3678,כִּסֵּא,,,"siège (d’honneur), trône, siège, marche",135,
H3679,כַּשְׂדָּ֑י,,,"Chaldéen = voir Chaldée «briseur se motte de terre», «comme des démons»",1,
H3680,כָּסָה,,,"(qal) couvrir, cacher ; (piel) couvrir, pardonner, cacher ; (hitp.) se couvrir",152,2025-10-15T13:26:40.289Z
H3681,כָּסוּי,,,"enveloppe, couverture extérieure",2,
H3682,כְּסוּת,,,"couverture, vêtements",8,
H3683,כָּסַח,,,"découper, couper (de plantes)",2,
H3684,כְּסִיל,,,"sot, stupide, lourdaud, niais, insensé, arrogant",70,
H3685,כְּסִיל,,,"constellation, Orion, les astres",4,
H3686,כְּסִיל,,,"Kesil = «sot, fou»",1,
H3687,כְּסִילוּת,,,"folie, stupidité",1,
H3688,כָּסַל,,,"(qal) être fou, sot, stupide, insensé",1,
H3689,כֶּ֫סֶל,,,"reins, flanc",13,
H3690,כִּסְלָה,,,confiance,2,
H3691,כִּסְלֵו,,,Kisleu = «sa confiance»,2,
H3692,כִּסְלוֹן,,,"Kislon = «confiance, espoir»",1,
H3693,כְּסָלוֹן,,,Kesalon = «espérances»,1,
H3694,כְּסֻלּוֹת,,,"Kesulloth = «confiance, flancs»",1,
H3695,כַּסְלֻחִים,,,Casluhim = «fortifié»,2,
H3696,כִּסְלֹת תָּבֹר,,,Kisloth-Thabor = «les flancs du Thabor»,2,
H3697,כָּסַם,,,"(qal) couper, tailler, arranger, tondre",2,
H3698,כֻּסֶּ֫מֶת,,,épeautre – une plante semblable à du blé et récoltée au printemps,3,
H3699,כָּסַס,,,"(qal) estimer, compter, supputer, calculer",1,
H3700,כָּסַף,,,"se languir de, désirer, soupirer après",6,
H3701,כֶּ֫סֶף,,,"argent, monnaie",403,
H3702,כְּסַף,,,argent,13,
H3703,כָּסִפְיָא,,,Casiphia = «d’argent»,2,
H3704,כֶּ֫סֶת,,,"bande, filet, faux phylactères",2,
H3705,כְּעַן,,,"maintenant, à présent, jusqu’à maintenant",13,
H3706,כְּעֶ֫נֶת,,,"maintenant, et maintenant",4,
H3707,כָּעַס,,,"être fâché, être vexé, être indigné, être courroucé, provoquer la colère et le courroux",53,
H3708,כַּ֫עַס,,,"colère, vexations, provocation, chagrin",26,
H3709,כַּף,,,"palme, main, semelle, paume de la main, creux ou plat de la main",193,
H3710,כֵּף,,,"rocher, creux d’un rocher",2,
H3711,כָּפָה,,,"(qal) calmer, apaiser, pacifier, dompter",1,
H3712,כִּפָּה,,,"branche, feuille, fronde, branche de palmier",3,
H3713,כְּפוֹר,,,"bol, bassin, coupe",12,
H3714,כָּפִיס,,,"chevron, poutre, support (sens douteux)",1,
H3715,כְּפִיר,,,jeune lion,32,
H3716,כְּפִירָה,,,"Kephira = «lionne, village»",4,
H3717,כָּפַל,,,"doubler, plier en double, redoubler",5,
H3718,כֶּ֫פֶל,,,"double, un redoublement",3,
H3719,כָּפַן,,,"(qal) affamer, avoir faim, désir avide",1,
H3720,כָּפָן,,,"faim, famine, faim douloureuse",2,
H3721,כָּפַף,,,"plier, courber, se pencher, se courber, être courbé, plié",5,
H3722,כָּפַר,,,"couvrir, purger, faire une expiation, réconciliation, recouvrir de poix",102,
H3723,הָעַמּוֹנִי,,,village,3,
H3724,כֹּ֫פֶר,,,"prix d’une vie, rançon, un présent",17,
H3725,כִּפֻּרִים,,,expiation,8,
H3726,הָעַמּוֹנִי,,,Kephar-Ammonaï = «village des Ammonites»,1,
H3727,כַּפֹּרֶת,,,"siège de miséricorde, lieu de l’expiation, propitiatoire",27,
H3728,כָּפַשׁ,,,"(Hiphil) rendre courbé, presser ou plier ensemble",1,
H3729,כְּפַת,,,lier,4,
H3730,כַּפְתּוֹר,,,"bulbe, chapiteau, haut d’un pilier",18,
H3731,כַּפְתּוֹר,,,Caphtor = «une couronne»,3,
H3732,כַּפְתֹּרִי,,,Caphtorim = voir Caphtor «une couronne»,3,
H3733,כָּר,,,"palanquin, selle en panier",16,
H3734,כֹּר,,,"cor, une mesure (généralement de produit sec)",9,
H3735,כְּרָא,,,"(Ithp’el) être affligé, être chagriné",1,
H3736,כרבל,,,"mettre un manteau, être enveloppé, couvert",1,
H3737,כַּרְבְּלָא,,,"manteau, robe, bonnet, turban, casque",1,
H3738,כָּרָה,,,"creuser, faire une excavation, percer",14,
H3739,כָּרָה,,,"(qal) obtenir par commerce, acheter, traiter un marché",5,
H3740,כֵּרָה,,,festin,1,
H3741,כָּרָה,,,chaumière,1,
H3742,כְּרוּב,,,"chérubin, (pl) chérubins",91,
H3743,כְּרוּב,,,Kerub = «bénédiction»,2,
H3744,כָּרוֹז,,,un héraut,1,
H3745,כְּרַז,,,"(Aphel) publier par un héraut, proclamer, faire une proclamation",1,
H3746,כָּרִי,,,un groupe de soldats mercenaires étrangers servant comme gardes ducorps auprès du roi David ; également exécuteurs,2,
H3747,כְּרִית,,,"Kerith = «tranchée, gorge»",2,
H3748,כְּרִיתוּת,,,"divorce, renvoi, répudiation",4,
H3749,כַּרְכֹּב,,,"bord, jante, rebord",2,
H3750,כַּרְכֹּם,,,safran,1,
H3751,כַּרְכְּמִישׁ,,,Carkemisch = «forteresse de Kemosch»,3,
H3752,כַּרְכַּס,,,Carcas = «sévère»,1,
H3753,כִּרְכָּרָה,,,"dromadaire, chameau, bête docile",1,
H3754,כֶּרֶם,,,"vigne, vignoble",92,
H3755,כָּרַם,,,soigner ou s’occuper de la vigne ou du vin,5,
H3756,כַּרְמִי,,,Carmi = «vigneron»,8,
H3757,כַּרְמִי,,,Carmites = voir Carmi «ma vigne»,1,
H3758,כַּרְמִיל,,,"cramoisi, rouge, carmin",3,
H3759,כַּרְמֶל,,,"plantation, jardin, verger, jardin fruitier",17,
H3760,כַּרְמֶל,,,"Carmel = «campagne fertile, grand jardin»",22,
H3761,כַּרְמְלִי,,,De Carmel (un Carmélite?) = voir Carmel «terre à jardin»,7,
H3763,כְּרָ֑ן,,,"Karen, Keran = «lyre»",2,
H3764,כׇּרְסֵא,,,"trône, siège royal",3,
H3765,כִּרְסֵם,,,"(piel) déchirer, ravager, ronger, détruire",1,
H3766,כָּרַע,,,"plier, courber, s’agenouiller, s’humilier à genoux, s’agenouiller pour le repos (animaux), s’agenouiller en révérence",36,
H3767,כֶּ֫רַע,,,jambe,9,
H3768,כַּרְפַּס,,,coton ou linge fin,1,
H3769,כָּרַר,,,"(Pilpel) tourner sur soi, danser",2,
H3770,כְּרֵשׂ,,,ventre,1,
H3771,כַּרְשְׁנָא,,,Carschena = «illustre»,1,
H3772,כָּרַת,,,"couper, retrancher, découper, supprimer une partie du corps, éliminer, tuer, rompre un pacte, traiter une alliance",288,
H3773,כָּרֻתָה,,,"poutres, poutre taillée",3,
H3774,כְּרֵתִי,,,Kéréthiens = «exécuteurs»,10,
H3775,כֶּ֫שֶׂב,,,"agneau, jeune bélier, brebis",13,
H3776,כִּשְׂבָּה,,,"agnelle, agneau, brebis, mouton",1,
H3777,כֶּ֫שֶׂד,,,Késed = «augmentation»,1,
H3778,כַּשְׂדִּים,,,Chaldée ou Chaldéens = «briseurs de mottes»,80,
H3779,כַּשְׂדַּי,,,Chaldéen = «briseur de mottes»,8,
H3780,כָּשָׂה,,,"(qal) devenir rassasié, être gorgé de nourriture",1,
H3781,כַּשִּׁיל,,,hache,1,
H3782,כָּשַׁל,,,"trébucher, chanceler, vaciller",62,
H3783,כִּשָּׁלוֹן,,,"un vacillement, une chute, une calamité",1,
H3784,כָּשַׁף,,,(piel) pratiquer la sorcellerie ou la magie,6,2024-11-01T08:15:49.825Z
H3785,כֶּ֫שֶׁף,,,"sortilège, sorcellerie",6,
H3786,כַּשָּׁף,,,sorcier,1,
H3787,כָּשֵׁר,,,"réussir, plaire à, être convenable, propre à, avantageux",3,
H3788,כִּשְׁרוֹן,,,"succès, adresse, profit",3,
H3789,כָּתַב,,,"écrire, enregistrer, inscrire",224,
H3790,כְּתַב,,,écrire,8,
H3791,כְּתָב,,,"un écrit, document, édit",17,
H3792,כְּתָב,,,un écrit,12,
H3793,כְּתֹ֫בֶת,,,"impression, inscription, marque",1,
H3794,כִּתִּי,,,Kittim = «qui dominent»,8,
H3795,כָּתִית,,,"battu, pur, concassé, pulvérisé (dans un mortier), coûteux",5,
H3796,כֹּ֫תֶל,,,mur (d’une maison),1,
H3797,כְּתַל,,,un mur,2,
H3798,כִּתְלִישׁ,,,Kithlisch = «mur de l’homme»,1,
H3799,כָּתַם,,,"(nif.) être tâché, être souillé, être profondément marqué",1,2025-07-10T14:41:21.004Z
H3800,כֶּ֫תֶם,,,"or pur, or",9,
H3801,כֻּתֹּ֫נֶת,,,"tunique, vêtement de dessus",29,
H3802,כָּתֵף,,,"épaule, épaulette, côté, bord",67,
H3803,כָּתַר,,,entourer,6,
H3804,כֶּ֫תֶר,,,couronne,3,
H3805,כֹּתֶ֫רֶת,,,"couronne, chapiteau d’un pilier",24,
H3806,כָּתַשׁ,,,"(qal) broyer, mêler par broyage, piler",1,
H3807,כָּתַת,,,"battre, écraser par battage, tailler en pièces, broyer",17,
H3808,לֹא,,,"non, ne pas",5170,
H3809,לָא,,,"non, ne pas, rien",82,
H3810,לֹא דְבָר,,,Lodebar = «pas un pâturage»,8,
H3811,לָאָה,,,"être las, être impatient, être affligé, être offensé",19,
H3812,לֵאָה,,,Léa = «lasse»,34,
H3813,לָאַט,,,(qal) couvrir,1,
H3814,לָאט,,,"en secret, avec mystère",2,
H3815,לָאֵל,,,Laël = «appartenant à Dieu»,1,
H3816,לְאֹם,,,"un peuple, une nation",31,
H3817,לְאֻמִּ֑ים,,,"Leummim = «peuples, nations»",1,
H3818,לֹא עַמִּי,,,Lo-Ammi = «pas mon peuple»,2,
H3819,לֹא רֻחָ֫מָה,,,Lo-Ruchama = «celle dont on n’a pas pitié»,4,
H3820,לֵב,,,"l’homme intérieur, esprit, volonté, cœur, compréhension",595,
H3821,לֵב,,,"cœur, esprit",1,
H3822,לְבָאוֹת,,,Lebaoth = «lionnes»,1,
H3823,לִבֵּב,,,"ravir, avoir l’intelligence, obtenir de l’esprit",5,
H3824,לֵבָב,,,"homme intérieur, esprit, volonté, cœur, âme, compréhension",252,
H3825,לְבַב,,,"cœur, esprit",7,
H3826,לִבָּה,,,cœur,7,
H3827,לַבָּה,,,flamme,1,
H3828,לְבֹנָה,,,encens,21,
H3829,לְבוֹנָה,,,Lebona = «encens»,1,
H3830,לְבוּשׁ,,,"vêtement, habit, appareil",33,2024-11-01T08:15:49.825Z
H3831,לְבוּשׁ,,,"vêtement, habits",2,
H3832,לָבַט,,,"jeter à bas, jeté dehors, jeté au loin",3,
H3833,לָבִיא,,,lion,14,
H3834,לְבִבָה,,,"gâteaux, pain",3,
H3835,לָבַן,,,être blanc,8,
H3836,לָבָן,,,blanc,29,
H3837,לָבָן,,,Laban = «blanc»,55,
H3838,לְבָנָא,,,Lebana = «lune blanche»,2,
H3839,לִבְנֶה,,,"peuplier, peuplier blanc",2,
H3841,לִבְנָה,,,Libna = «blancheur»,18,
H3842,לְבָנָה,,,la lune (qui est blanche),3,
H3843,לְבֵנָה,,,"tuile, brique",12,
H3844,לְבָנוֹן,,,"Liban = «blanc, blancheur»",71,
H3845,לִבְנִי,,,Libni = «blanc»,5,
H3846,לִבְנִי,,,Libnites = voir Libni «blanc»,2,
H3847,לָבֵשׁ,,,"habiller, porter, vêtir, mettre des vêtements, être vêtu",110,
H3848,לְבֵשׁ,,,être vêtu,3,
H3849,לֹג,,,log,5,
H3850,לֹד,,,"Lod = «fissures, disputes»",4,
H3851,לַ֫הַב,,,"flamme, lame",12,
H3852,לֶהָבָה,,,flamme,19,
H3853,לְהָבִים,,,Lehabim = «flammes»,2,
H3854,לַ֫הַג,,,"étude, studieux, dévoué à l’étude",1,
H3855,לָ֑הַד,,,"Lahad = «triomphant, sombre»",1,
H3856,לָהַה,,,"(qal) languir, s’évanouir",2,
H3857,לָהַט,,,"(qal) brûler ; (piel) brûler, consummer",11,2024-11-01T08:15:49.825Z
H3858,לַ֫הַט,,,flamme (d’une épée angélique),1,
H3859,לָהַם,,,"gober, avaler avidement",2,
H3860,לָהֵן,,,"donc, dans ce but",2,
H3861,לָהֵן,,,"donc, c’est pourquoi",7,
H3862,לַהֲקָה,,,"compagnie, groupe, bande",1,
H3863,לוּ,,,"si, oh que!, si seulement!",22,
H3864,לוּב,,,Libyens = «au cœur vide (Daniel 11.43)»,4,
H3865,לוּד,,,Lud = «lutte»,5,
H3866,לוּדִי,,,"Ludim = «vers les tisons», «qui plient»",3,
H3867,לָוָה,,,"joindre, être joint",26,
H3868,לוּז,,,"s’en aller, tourner de côté",6,
H3869,לוּז,,,"amandier, bois d’amandier",1,
H3870,לוּז,,,Luz = «amandier»,8,
H3871,לוּחַ,,,"planche, plaque, tablette, tableau",43,
H3872,לוּחִית,,,Luchith = «tablettes»,2,
H3873,הַלּוֹחֵשׁ,,,"Hallochesch = «qui chuchote, enchanteur»",2,
H3874,לוּט,,,"envelopper étroitement ou serré, s’envelopper",3,
H3875,לוֹט,,,"couverture, enveloppe",1,
H3876,לוֹט,,,"Lot = «voile, couverture»",33,
H3877,לוֹטָן,,,Lothan = «couverture»,7,
H3878,לֵוִי,,,Lévi = «attachement»,59,
H3879,לֵוָי,,,Lévite = voir Lévi «joint à»,4,
H3880,לִוְיָה,,,couronne,2,
H3881,לֵוִי,,,lévite,291,
H3882,לִוְיָתָן,,,léviathan = «enroulé en spirale»,6,
H3883,לוּל,,,"escalier, puits ou espace clos avec des marches ou une échelle, escalier tournant",1,
H3884,לוּלֵא,,,"à moins que ne, si non, sauf",14,
H3885,לוּן,,,"loger, s’arrêter, passer la nuit, demeurer",84,
H3886,לוּעַ,,,"(qal) avaler, engloutir",2,
H3887,לִיץ,,,"mépriser, parler avec arrogance",28,
H3888,לוּשׁ,,,"(qal) pétrir, malaxer (de la pâte)",5,
H3890,לְוָת,,,"à, à côté de, près de, avec",1,
H3891,לָזוּת,,,"déviation, écart, perversité, façon tortueuse",1,
H3892,לַח,,,"mûr, frais, nouveau",6,
H3893,לֵחַ,,,"humidité, fraîcheur, vigueur, force naturelle",1,
H3894,לְחוּם,,,"intestins, boyaux",2,
H3895,לְחִי,,,"mâchoire, joue",21,
H3896,לֶחִי,,,"Léchi = «mâchoire, joue»",3,
H3897,לָחַךְ,,,"lécher, brouter",6,
H3898,לָחַם,,,"combattre, livrer bataille, faire la guerre",177,
H3899,לֶ֫חֶם,,,"pain, nourriture, grain",298,
H3900,לְחֵם,,,"festin, pain",1,
H3901,לָחֶם,,,guerre,1,
H3902,לַחְמִי,,,Lachmi = «mon pain»,1,
H3903,לַחְמָס,,,Lachmas = «provisions»,1,
H3904,לְחֵנָה,,,concubine,3,
H3905,לָחַץ,,,"serrer, presser, opprimer",19,
H3906,לַ֫חַץ,,,"oppression, détresse, pression",12,
H3907,לָחַשׁ,,,"chuchoter, charmer, conjurer",3,
H3908,לַ֫חַשׁ,,,"murmure, charme",5,
H3909,לָט,,,"secret, discrétion, mystère, enchantement",6,
H3910,לֹט,,,myrrhe,2,
H3911,לְטָאָה,,,un animal,1,
H3912,לְטוּשִׁם,,,Letuschim = «martelé»,1,
H3913,לָטַשׁ,,,"forger, marteler, aiguiser",5,
H3914,לֹיָה,,,"couronne, guirlande",3,
H3915,לַ֫יְלָה,,,nuit,233,
H3916,לֵילָא,,,nuit,5,
H3917,לִילִית,,,"Lilith"", nom d’une déesse de la nuit connue comme un démon nocturne qui hantait les lieux déserts d’Édom",1,
H3918,לַ֫יִשׁ,,,lion,3,
H3919,לַ֫יִשׁ,,,Laïs (Laïsch) = «lion»,7,
H3920,לָכַד,,,"capturer, prendre, saisir",121,
H3921,לֶ֫כֶד,,,"une prise, une capture",1,
H3922,לֵכָה,,,Léca = «voyage»,1,
H3923,לָכִישׁ,,,Lakis = «invincible»,24,
H3924,לוּלַי,,,boucle,13,
H3925,לָמַד,,,"apprendre, enseigner, exercer à",86,
H3926,לְמוֹ,,,"à, pour, en, de, par, en référence à",4,
H3927,לְמוּאֵל,,,Lemuel = «voué à Dieu»,2,
H3928,לִמֻּד,,,"enseigné, appris, traité en disciple",6,
H3929,לֶ֫מֶךְ,,,Lémec = «puissant»,11,
H3930,לֹעַ,,,gorge,1,
H3931,לָעַב,,,"plaisanter, railler",1,
H3932,לָעַג,,,"se moquer de, tourner en dérision, ridiculiser",18,
H3933,לַ֫עַג,,,"moquerie, dérision, bégaiement",7,
H3934,לָעֵג,,,moquerie,2,
H3935,לַעְדָּה,,,Laeda = «ordre»,1,
H3936,לַעְדָּן,,,Laedan = «posé en ordre»,7,
H3937,לָעַז,,,"(qal) parler indistinctement, parler d’une manière inintelligible, langage étrange",1,
H3938,לָעַט,,,"(Hiphil) avaler avidement, dévorer",1,
H3939,לַעֲנָה,,,absinthe,8,
H3940,לַפִּיד,,,torche,13,
H3941,לַפִּידוֹת,,,Lappidoth = «torches»,1,
H3943,לָפַת,,,"tordre, saisir, se retourner, saisir avec une notion de torsion",3,
H3944,לָצוֹן,,,"mépris, moquerie, vantardise",3,
H3946,לַקּוּם,,,"Lakkum = «fortification, obstruction»",1,
H3947,לָקַח,,,"prendre, recevoir, apporter, enlever, saisir, acquérir, acheter, apporter, épouser, prendre épouse, emmener au loin",966,
H3948,לֶ֫קַח,,,"instruction, enseignement, perspicacité",9,
H3949,לִקְחִי,,,"Likchi = «celui qui sait, érudition»",1,
H3950,לָקַט,,,"cueillir, rassembler, glaner, recueillir",37,
H3951,לֶ֫קֶט,,,glanage,2,
H3952,לָקַק,,,"laper, lécher",7,
H3953,לָקַשׁ,,,"glaner, recueillir, prendre les restes, prendre tout",1,
H3954,לֶ֫קֶשׁ,,,"seconde pousse, suites, récolte de printemps, dernière récolte",2,
H3955,לָשָׁד,,,"jus, morceau juteux, morceau délicat",2,
H3956,לָשׁוֹן,,,langue,117,
H3957,לִשְׁכָּה,,,"salle, chambre, vestibule, cellule",47,
H3958,לֶ֫שֶׁם,,,une pierre précieuse,2,
H3959,לֶ֫שֶׁם,,,Léschem = «pierre précieuse»,2,
H3960,לָשַׁן,,,"utiliser la langue, calomnier",2,
H3961,לִשָּׁן,,,"langue, langage",7,
H3962,לֶ֫שַׁע,,,"Léscha = «fente, fissure»",1,
H3963,לֶ֫תֶךְ,,,mesure d’orge,1,
H3964,מָא,,,"quel, quoi",1,
H3965,מַאֲבוּס,,,"magasin, entrepôt, grenier",1,
H3966,מְאֹד,,,"extrêmement, beaucoup",300,
H3967,מֵאָה,,,cent,581,
H3968,מֵאָה,,,Méa = «une centaine»,2,
H3969,מְאָה,,,"cent, une centaine",8,
H3970,מַאֲוַי,,,désir,1,
H3971,מוּם,,,"défaut, tache, défectuosité",21,
H3972,מְא֫וּמָה,,,"rien, aucun",32,2024-11-01T08:15:49.825Z
H3973,מָאוֹס,,,"rebut, fadaises",1,
H3974,מָאוֹר,,,"lumière, luminaire",19,
H3975,מְאוּרָה,,,"trou de lumière, antre, repaire",1,
H3976,מֹאזֵן,,,balance,15,
H3977,מֹאזֵנְיָא,,,balance,1,
H3978,מַאֲכָל,,,"nourriture, fruit, viande",30,
H3979,מַאֲכֶ֫לֶת,,,couteau,4,
H3980,מַאֲכֹ֫לֶת,,,combustible,2,
H3981,מַאֲמָץ,,,"force, puissance",1,
H3982,מַאֲמַר,,,"mot, commandement, ordre",3,
H3983,מֵאמַר,,,"mot, commandement, ordre",2,
H3984,מָאן,,,"vaisselle, vase, ustensile",7,
H3985,מָאֵן,,,(piel) refuser,41,
H3986,מָאֵן,,,"refus, non désireux d’obéir",4,
H3987,מֵאֵן,,,qui refuse,1,
H3988,מָאַס,,,"rejeter, mépriser, refuser",76,
H3989,מַאֲפֶה,,,"cuit, chose cuite",1,
H3990,מַאֲפֵל,,,"obscurité, ténèbres",1,
H3991,מַאְפֵּלְיָה,,,"profonde obscurité, épaisses ténèbres",1,
H3992,מָאַר,,,"(Hiphil) faire de la peine, piquer, irriter, être dans la peine",4,
H3993,מַאֲרָב,,,"embuscade, piège (de chasseur)",5,
H3994,מְאֵרָה,,,malédiction,5,
H3995,מִבְדָּלָה,,,endroit séparé,1,
H3996,מָבוֹא,,,"entrée, venue, coucher, couchant",22,2024-11-01T08:15:49.825Z
H3997,מְבוֹאָה,,,"entrée, une venue, en entrant",1,
H3998,מְבוּכָה,,,"confusion, perplexité, embarras",2,
H3999,מַבּוּל,,,"inondation, déluge",13,
H4001,מְבוּסָה,,,"fouler aux pieds, subjuguer",3,
H4002,מַבּוּעַ,,,source d’eau,3,
H4003,מְבוּקָה,,,"vide, nul",1,
H4004,מִבְחוֹר,,,choix,2,
H4005,מִבְחָר,,,"de choix, meilleur",12,
H4006,מִבְחָר,,,Mibchar = «choix»,1,
H4007,מַבָּט,,,"expectative, objet d’espoir ou de confiance",3,
H4008,מִבְטָא,,,"émission téméraire, vœu précipité",2,
H4009,מִבְטָח,,,"se confier à, confiance, refuge",15,
H4010,מַבְלִיגִית,,,"sourire, bonne humeur, source de gaieté ou d’éclat",1,
H4011,מִבְנֶה,,,"structure, construction",1,
H4012,מְבֻנַּי,,,Mebunnaï = «construction de l’Éternel»,1,
H4013,מִבְצָר,,,"fortification, forteresse, cité fortifiée, ville forte",37,
H4014,מִבְצָר,,,Mibtsar = «forteresse»,2,
H4015,מִבְרָח,,,"fugitif, celui qui fuit",1,
H4016,מָבוֹשׁ,,,"parties intimes, parties génitales",1,
H4017,מִבְשָׂם,,,Mibsam = «parfum suave»,3,
H4018,מְבַשְּׁלוֹת,,,endroits pour cuire,1,
H4019,מַגְבִּישׁ,,,"Magbisch = «rassemblement, fort, massif»",1,
H4020,מִגְבָּלֹת,,,"tressé, cordes, cordons",1,
H4021,מִגְבָּעוֹת,,,"turban, parure de tête",4,
H4022,מֶ֫גֶד,,,excellence,8,
H4023,מְגִדּוֹ,,,Meguiddo ou Meguiddon = «emplacement de troupes»,12,
H4024,מִגְדֹּל,,,Migdol = «tour»,7,
H4025,מַגְדִּיאֵל,,,Magdiel = «excellence de Dieu»,2,
H4026,מִגְדָּל,,,tour,48,
H4027,מִגְדַּל־אֵל,,,Migdal-El = «tour de Dieu»,2,
H4028,מִגְדַּל־גַּד,,,"Migdal-Gad = «tour de Gad, de prospérité»",2,
H4029,מִגְדַּל־עֵ֫דֶר,,,Migdal-Éder = «tour du troupeau»,4,
H4030,מִגְדָּנָה,,,"objet de choix, excellent chose",4,
H4031,מָגוֹג,,,"Magog = «territoire de montagne, qui domine»",4,
H4032,מָגוֹר,,,"crainte, terreur",8,
H4033,מָגוֹר,,,"lieu de séjour, demeure, séjourner",11,
H4034,מְגוֹרָה,,,"crainte, terreur",3,
H4035,מְגוּרָה,,,grenier à grain,1,2025-05-28T11:06:01.000Z
H4036,מָגוֹר מִסָּבִיב,,,Magor-Missabib = «terreur de chaque côté»,2,
H4037,מַגְזֵרָה,,,"hache, instrument coupant",1,
H4038,מַגָּל,,,faucille,2,
H4039,מְגִלָּה,,,"rouleau, livre, un écrit",21,
H4040,מְגִלָּה,,,"rouleau, enrouler, livre",1,
H4041,מְגַמָּה,,,"sens incertain ; peut-être hordes, accumulation, assemblage, empressement (de Babyloniens)",1,
H4042,מָגַן,,,"(piel) livrer à, donner",3,
H4043,מָגֵן,,,bouclier,63,
H4044,מְגִנָּה,,,"couverture, enveloppe",1,
H4045,מִגְעֶ֫רֶת,,,"réprimande, reproche, menace",1,
H4046,מַגֵּפָה,,,"coup, massacre, fléau, pestilence, frapper",26,
H4047,מַגְפִּיעָשׁ,,,Magpiasch = «tueur de mites»,1,
H4048,מָגַר,,,jeter,2,
H4049,מְגַר,,,(Pael) renverser,1,
H4050,מְגֵרָה,,,scie (pour couper les pierres),4,
H4051,מִגְרוֹן,,,Migron = «précipice»,2,
H4052,מִגְרָעָה,,,"recoin, bord, réduction",1,
H4053,מֶגְרָפָה,,,pelle,1,
H4054,מִגְרָשׁ,,,"commun, terre commune, territoire ouvert, faubourg",119,
H4055,מַד,,,"mesure, étoffe de vêtement",11,
H4056,מַדְבַּח,,,autel,1,
H4057,מִדְבָּר,,,désert,271,
H4058,מָדַד,,,"mesurer, étendre",51,
H4060,מִדָּה,,,"mesurer, mesure, stature, taille, vêtement",55,
H4061,מִנְדָּה,,,tribut,4,
H4062,מַדְהֵבָה,,,"bruyant, furieux, apparence, d’apparence turbulente",1,
H4063,מָ֫דוּ,,,vêtement,2,
H4064,מַדְוֶה,,,"maladie, des maux",2,
H4065,מַדּוּחַ,,,"séduction, appât, une chose qui détourne",1,
H4066,מָדוֹן,,,"lutte, dispute",10,
H4067,מָדוֹן,,,"stature, taille, grandeur",1,
H4068,מָדוֹן,,,"Madon = «lutte, querelle»",2,
H4069,מַדּוּעַ,,,"pourquoi?, pour quelle raison?",72,2025-07-10T13:18:12.000Z
H4070,מְדָר,,,lieu d’habitation,4,
H4071,מְדוּרָה,,,"tas (de combustible), bûcher, pile (de bois)",2,
H4072,מִדְחֶה,,,"occasion de trébucher, moy.s de faux-pas",1,
H4073,מַדְחֵפָה,,,"poussée, pousser",1,
H4074,מָדַי,,,Médie ou Mèdes ou Madaï = «terre du milieu»,16,
H4075,"מָדִי, מָדָאָה",,,Mède = «terre du milieu»,1,
H4076,מָדַי,,,"Mèdes, Médie = «terre du milieu»",5,
H4077,מָדָאָה,,,Mède = «terre du milieu»,1,
H4079,מִדְיָן,,,"lutte, dispute",10,
H4080,מִדְיָן,,,"Madian ou Madianite = «lutte, dispute»",59,
H4081,מִדִּין,,,Middin = «mesures»,1,
H4082,מְדִינָה,,,"province, district",53,
H4083,מְדִינָה,,,"district, province",11,
H4084,מִדְיָנִי,,,Madianite = voir Madian «lutte»,7,
H4085,מְדֹכָה,,,mortier,1,
H4086,מַדְמֵן,,,Madmen = «tas de fumier»,1,
H4087,מַדְמֵנָה,,,"tas de fumier, fosse à purin, tas d’immondices",1,
H4088,מַדְמֵנָה,,,Madména = «tas de fumier»,1,
H4089,מַדְמַנָּה,,,Madmanna = «tas de fumier»,2,
H4090,מְדָן,,,"lutte, dispute",2,
H4091,מְדָן,,,Medan = «dispute»,2,
H4092,מְדָנִי,,,Madianite = voir Madian «lutte»,1,
H4093,מַדָּע,,,"connaissance, le savoir, la pensée",6,
H4094,מַדְקָרָה,,,"pousser, poignarder, percer",1,
H4095,מַדְרֵגָה,,,"endroit raide, escarpé",2,
H4096,מִדְרָךְ,,,"endroit pour marcher, largeur",1,
H4097,מִדְרָשׁ,,,"étude, exposition, enregistrement, histoire",2,
H4098,מְדֻשָֿׁה,,,ce qui est battu comme du grain,1,
H4099,הַמְּדָתָא,,,Hammedatha = «double»,5,
H4100,מָה,,,"qu’est-ce qui, quoi, comment, de quelle sorte",753,
H4101,מָה,,,"ce que, quoi qui",13,
H4102,מָהַהּ,,,"(Hithpalpel) s’attarder, tarder, attendre, retarder",9,
H4103,מְהוּמָה,,,"tumulte, confusion, inquiétude, déroute, destruction, trouble, contrariété",12,
H4104,מְהוּמָן,,,Mehuman = «fidèle»,1,
H4105,מְהֵיטַבְאֵל,,,Mehétabeel = «favori de Dieu»,3,
H4106,מָהִיר,,,"rapide, vif, prompt, habile, prêt",4,
H4107,מָהַל,,,"circoncire, affaiblir, coupé",1,
H4109,מַהֲלָךְ,,,"promenade, une marche, voyage, endroit pour marcher",5,
H4110,מַהֲלָל,,,"éloge, louange, se glorifier",1,
H4111,מַהֲלַלְאֵל,,,Mahalaleel = «louange de Dieu»,7,
H4112,מַהֲלֻמֿוֹת,,,coups,2,
H4113,מַהֲמֹרָה,,,"une inondation, une fosse d’eau",1,
H4114,מַהְפֵּכָה,,,"renverser, destruction",6,
H4115,מַהְפֶּ֫כֶת,,,aux fers,4,
H4116,מָהַר,,,(qal) se hâter,68,
H4117,מָהַר,,,"obtenir ou acquérir en payant un prix d’achat, donner une dot",2,
H4118,מַהֵר,,,"en hâte, avec vitesse, rapide, hâtif",14,
H4119,מֹ֫הַר,,,"prix d’achat d’une épouse, argent de noces",3,
H4120,מְהֵרָה,,,"hâte, vitesse",20,
H4121,מַהֲרַי,,,Maharaï = «impétueux»,3,
H4122,מַהֵר שָׁלָל חָשׁ בַּז,,,"Maher-Schalal-Chasch-Baz = «rapide au butin, rapide sur la proie»",8,
H4123,מַֽהֲתַלּוֹת,,,"déceptions, illusions",1,
H4124,מוֹאָב,,,Moab = «issu d’un père»,181,
H4125,מוֹאָבִי,,,Moabite = «du père  quel père?»,16,
H4126,מוֹבָא,,,"entrée, action d’entrer, venue",2,
H4127,מוּג,,,"fondre, faire fondre",17,
H4128,מוד,,,"(Polel) secouer, trembler",1,
H4129,מוֹדַע,,,"parent, relation",2,
H4130,מֹדַ֫עַת,,,"parenté, affinité",1,
H4131,מוֹט,,,"chanceler, secouer, glisser",38,
H4132,מוֹט,,,"tremblement, vacillement, perche, barre de joug",6,
H4133,מוֹטָה,,,"perche, barre de joug",12,
H4134,מוּךְ,,,"(qal) être bas, devenir pauvre, être déprimé, être pauvre",5,
H4135,מוּל,,,"circoncire, se laisser circoncire, couper, être taillé",37,
H4136,מוּל,,,devant,36,
H4137,מוֹלָדָה,,,Molada = «naissance»,4,
H4138,מוֹלֶ֫דֶת,,,"parenté, naissance, descendance, race",22,
H4139,מוּלָה,,,circoncision,1,
H4140,מוֹלִיד,,,Molid = «celui qui engendre»,1,
H4141,מוּסָב,,,"entourage, qui entoure, tourner autour",1,
H4143,מוּסָד,,,"fondation, pose d’un fondement",2,
H4144,מוֹסָד,,,"fondation, fondement",8,
H4145,מוּסָדָה,,,"fondation, nomination",2,
H4146,מוֹסָדָה,,,"fondation, fondement",5,
H4147,מוֹסֵר,,,"une bande, un lien",11,
H4148,מוּסָר,,,"discipline, châtiment, correction",50,
H4149,מֹסֵרוֹת,,,"Moséra ou Moséroth = «lien, entrave»",3,
H4150,מוֹעֵד,,,"endroit convenu, temps fixé, réunion",223,
H4151,מוֹעָד,,,endroit déterminé (dans l’ armée),1,
H4152,מוּעָדָה,,,"cités fixées, déterminées (de refuge)",1,
H4153,מוֹעַדְיָה,,,Moadia = «le temps fixé de l’Éternel»,1,
H4155,מוּעָף,,,"ténèbres, obscurité",1,
H4156,מוֹעֵצָה,,,"conseil, plan, principal, projet, dessein",7,
H4157,מוּעָקָה,,,"compression, détresse, pression, affliction",1,
H4158,מֵיפַ֫עַת,,,"Méphaath = «splendeur, beauté»",4,
H4159,מוֹפֵת,,,"miracle, merveille, signe, présage",36,
H4160,מֵץ,,,"(qal) celui qui opprime, oppresseur, qui extorque",1,
H4161,מוֹצָא,,,"action ou lieu pour sortir, issue, exportation, source, jaillir",27,
H4162,מוֹצָא,,,"Motsa = «source, issue»",5,
H4163,מוֹצָאָה,,,"origine, lieu de provenance",2,
H4164,מוּצָק,,,"contrainte, détresse",3,
H4165,מוּצָק,,,"fonte, moulage",4,
H4166,מוּצֶ֫קֶת,,,tuyau,2,
H4167,מוּק,,,"(Hiphil) se moquer, tourner en dérision, raillerie",1,
H4168,מוֹקֵד,,,"une masse qui brûle, foyer",2,
H4169,מוֹקְדָה,,,foyer,1,
H4170,מוֹקֵשׁ,,,"appât, leurre, piège",27,
H4171,מוּר,,,"changer, échanger",14,
H4172,מוֹרָא,,,"crainte, révérence, terreur",12,
H4173,מוֹרַג,,,instrument pour battre,3,
H4174,מוֹרָד,,,"descente, pente, lieu escarpé, ouvrage suspendu, en biseau",6,
H4175,מוֹרֶה,,,(première) pluie,7,
H4176,מוֹרֶה,,,Moré = «professeur»,3,
H4177,מוֹרָה,,,rasoir,3,
H4179,מֹרִיָּה,,,Morija = «choisi par l’Éternel»,2,
H4180,מוֹרָשׁ,,,possession,3,
H4181,מוֹרָשָׁה,,,une possession,9,
H4182,מוֹרֶ֫שֶׁת גַּת,,,Moréscheth-Gath = «possession de Gath»,2,
H4183,מוֹרַשְׁתִּי,,,De Moréscheth voir Moréscheth-Gath = «possession de Gath»,2,
H4184,מוּשׁ,,,tâter,3,
H4185,מוּשׁ,,,"s’en aller, enlever",20,
H4186,מוֹשָׁב,,,"siège, assemblée, demeure, habitation habiter",44,
H4187,מוּשִׁי,,,"Muschi = «accommodant, soumis»",8,
H4188,מוּשִׁי,,,"Muschite = voir Muschi «accommodant, soumis»",2,
H4189,מֹשֶׁכֶת,,,corde,1,
H4190,מוֹשָׁעָה,,,"action de sauver, délivrance",1,
H4191,מוּת,,,"mourir, tuer, être exécuté",840,
H4192,לַבֵּן,,,"Muth-Labben (version Darby)  meurs pour le fils, Début du Psaume 9",1,
H4193,מוֹת,,,mort,1,
H4194,מָ֫וֶת,,,"la mort, séjour des mort",155,2025-06-26T13:56:58.000Z
H4195,מוֹתָר,,,"pré éminence, abondance, profit, supériorité",3,
H4196,מִזְבֵּחַ,,,autel,401,
H4197,מֶ֫זֶג,,,"mélange, vin mêlé, liqueur",1,
H4198,מָזֶה,,,"desséché, vide, épuisé",1,
H4199,מִזָּה,,,Mizza = «crainte»,3,
H4200,מָ֫זוּ,,,"grenier, mettre en grenier",1,
H4201,מְזוּזָה,,,"montant de porte, poteau",19,
H4202,מָזוֹן,,,"nourriture, entretien",2,
H4203,מָזוֹן,,,"nourriture, ce qui nourrit",2,
H4204,מָזוֹר,,,"filet, piège, trappe",1,
H4205,מָזוֹר,,,blessure,3,
H4206,מְזִיחַ,,,ceinture,3,
H4207,מִזְלָגָה,,,"fourche à trois dents, fourchette",7,
H4208,מַזָּלוֹת,,,constellations,1,
H4209,מְזִמָּה,,,"but, discrétion, dessein, complot",19,
H4210,מִזְמוֹר,,,"mélodie, psaume",57,
H4211,מַזְמֵרָה,,,couteau à élaguer,4,
H4212,מְזַמֶּרֶת,,,mouchettes (ustensile du temple),5,
H4213,מִזְעָר,,,"très peu, un peu",4,
H4214,מִזְרֶה,,,"van, instrument pour vanner",2,
H4215,מְזָרֶה,,,celui qui éparpille,1,
H4216,מַזָּרוֹת,,,"constellations, astres, planètes (sens incertain)",1,2025-10-03T10:45:24.785Z
H4217,מִזְרָח,,,"côté du lever du soleil, l’est",74,
H4218,מִזְרָע,,,"terre de semence, lieu de semailles",1,
H4219,מִזְרָק,,,"coupe, bassin, cuvette",32,
H4220,מֵחַ,,,"engraissement, qui est gras",2,
H4221,מֹחַ,,,"moelle, sève",1,
H4222,מָחָא,,,"frapper, taper (des mains)",3,
H4223,מְחָא,,,"assener, frapper, tuer",4,
H4224,מַחֲבֹא,,,cachette,2,
H4225,מַחְבֶּ֫רֶת,,,"choses jointes, joint, couture, jointure",8,
H4226,מְחַבְּרָה,,,"relieur, attache, crampon, joint",2,
H4227,מַחֲבַת,,,"plaque plate, poêle, gril",5,
H4228,מַחֲגֹ֫רֶת,,,"qui couvre, qui ceint, ceinture",1,
H4229,מָחָה,,,"essuyer, s’essuyer",36,
H4230,מְחוּגָה,,,"instrument pour tracer un cercle, compas",1,
H4231,מָחוֹז,,,"cité, havre, refuge",1,
H4232,מְחוּיָאֵל,,,Mehujaël = «frappé par Dieu»,2,
H4233,מַחֲוִים,,,Machavim = «propagateurs»,1,
H4234,מָחוֹל,,,"danse, manifestation de joie",6,
H4235,מָחוֹל,,,Machol = «danse»,1,
H4236,מַחֲזֶה,,,vision (dans un sens d’extase),4,
H4237,מֶחֱזָה,,,"fenêtres, ouvertures, endroit pour voir",4,
H4238,מַחֲזִיאֹת,,,Machazioth = «visions»,2,
H4239,מְחִי,,,coup (de bélier),1,
H4240,מְחִידָא,,,Mehida = «célèbre»,2,
H4241,מִחְיָה,,,"préservation de la vie, entretien",8,
H4242,מְחִיר,,,"prix, gages",15,
H4243,מְחִיר,,,Mechir = «prix»,1,
H4244,מַחְלָה,,,Machla = «maladie»,5,
H4245,מַחֲלָה,,,maladie,6,
H4246,מְחוֹלָה,,,"danse, danser",8,
H4247,מְחִלָּה,,,"trou, caverne",1,
H4248,מַחְלוֹן,,,"Machlon = «malade, maladif»",4,
H4249,מַחְלִי,,,"Machli = «malade, faible»",12,
H4250,מַחְלִי,,,"De Machli, Machlites = voir Machli «ma maladie»",2,
H4251,מַחֲלוּי,,,"maladie, souffrance",1,
H4252,מַחֲלָף,,,couteau,1,
H4253,מַחֲלָפָה,,,"tresse, mèche, natte",3,
H4254,מַחֲלָצָה,,,robe ou habit précieux,2,
H4255,מַחְלְקָה,,,"classe, division, rang",1,
H4256,מַחֲלֹ֫קֶת,,,"division, portion, classe, part, partage, lot",42,
H4257,מַחֲלַת,,,trouvé dans l’en-tête des Psaume  et Psaume 81,2,
H4258,מַחֲלַת,,,"Mahalath = «flûte, harpe, instrument à cordes, doux...»",2,
H4259,מְחֹלָתִי,,,De Mehola (Meholathite?) = voir Mehola  «de la danse»,2,
H4260,מַחֲמָאֹת,,,"comme le lait caillé, lisse, onctueux, hypocrite",1,
H4261,מַחְמָד,,,"délices, chose désirable, plaisante",13,
H4262,מַחְמֹד,,,"désirable, chose précieuse",1,
H4263,מַחְמָל,,,"objet de compassion ou de pitié, chose dont on a pitié",1,
H4264,מַחֲנֶה,,,"campement, camp",215,
H4265,מַחֲנֵה־דָ֑ן,,,Machané-Dan = «camp de Dan»,4,
H4266,מַחֲנַיִם,,,Mahanaïm = «deux camps»,13,
H4267,מַחֲנָק,,,"étranglement, strangulation, suffocation, étouffement",1,
H4268,מַחְסֶּה,,,"refuge, abri",20,
H4269,מַחְסוֹם,,,"muselière, bride",1,
H4270,מַחְסוֹר,,,"besoin, pauvreté, chose qui manque",13,
H4271,מַחְסֵיָה,,,Maaséja = «l’Éternel est un abri»,2,
H4272,מָחַץ,,,"frapper à travers, briser, blesser sévèrement",14,
H4273,מַ֫חַץ,,,"sévère blessure, contusion, coup",1,
H4274,מַחְצֵב,,,"de taille, taillée",3,
H4275,מֶחֱצָה,,,moitié,2,
H4276,מַחֲצִית,,,"moitié, milieu",16,
H4277,מָחַק,,,"(qal) détruire entièrement, anéantir",1,
H4278,מֶחְקָר,,,"étendue, espace, champ",1,
H4279,מָחָר,,,"demain, dans le temps à venir, dans le futur",52,
H4281,מַחֲרֵשָׁה,,,"bêche, pioche",3,
H4283,מׇחֳרָת,,,"le lendemain, le jour après",32,
H4284,מַחֲשָׁבָה,,,"pensée, dessein, projet",56,
H4285,מַחְשָׁךְ,,,"lieu sombre, ténèbres, secret",7,
H4286,מַחְשֹׂף,,,"un dépouillement, une mise à nu",1,
H4287,מַ֫חַת,,,"Machath = «cupide, qui saisit»",3,
H4288,מְחִתָּה,,,"destruction, ruine, terreur, une rupture",11,
H4289,מַחְתָּה,,,"brasier, encensoir, cendrier, baquet",22,
H4290,מַחְתֶּ֫רֶת,,,"une effraction, un vol",2,
H4291,מְטָא,,,"arriver à, parvenir, atteindre",8,
H4292,מַטְאֲטֵא,,,"balai, genêt",1,
H4293,מַטְבֵּחַ,,,"lieu d’abattage, massacrer, abattre",1,
H4294,מַטֶּה,,,"bâton, branche, tribu",252,
H4295,מַ֫טָּה,,,"en descendant, en bas, au dessous de",19,
H4296,מִטָּה,,,"couche, lit, civière",29,
H4297,מֻטֶּה,,,"une perversion, ce qui est perverti ou détourné",1,
H4298,מֻטָּה,,,"étendue, déploiement, ce qui s’étend",1,
H4299,מַטְוֶה,,,"ce qui est filé, fil",1,
H4300,מְטִיל,,,"barres martelées, barres de fer travaillées, pièces de métal façonnées",1,
H4301,מַטְמוֹן,,,"trésor caché, trésor",5,
H4302,מַטָּע,,,"lieu où l’on plante, action de planter, plantation",6,
H4303,מַטְעָם,,,"nourriture de choix ou savoureuse, chose délectable, friandise",8,
H4304,מִטְפַּ֫חַת,,,manteau,2,
H4305,מָטַר,,,pleuvoir,17,
H4306,מָטַר,,,pluie,38,
H4307,מַטָּרָה,,,"garde, salle de garde, prison, but, cible",16,
H4308,מַטְרֵד,,,Mathred = «qui s’avance»,2,
H4309,מַטְרִי,,,Matri = «pluie de l’Éternel»,1,
H4310,מִי,,,"qui?, de qui?, lequel?",424,
H4311,מֵידְבָא,,,Médeba = «eau du repos»,5,
H4312,מֵידָד,,,Médad = «amour»,2,
H4313,מֵי הַיַּרְקוֹן,,,Mé-Jarkon = «eaux de couleur jaune»,2,
H4314,מֵי זָהָב,,,Mézahab = «eau d’or»,4,
H4315,מֵיטָב,,,le meilleur,6,
H4316,מִיכָא,,,"Michée, Mica = «qui est semblable à Dieu?»",4,
H4317,מִיכָאֵל,,,Micaël = «qui est semblable à Dieu?»,13,
H4318,מִיכָה,,,"Mica, Michée = «qui est semblable à Dieu  ?»",33,
H4320,מִיכָיָה,,,Michée = «qui est semblable à Dieu  ?»,3,
H4321,מִיכָֽיְהוּ,,,"Michée, Mica = «qui est comme Dieu  ?»",21,
H4322,מִיכָיָ֫הוּ,,,"Micaja, Michée = «qui est semblable à Dieu?»",2,
H4323,מִיכָל,,,"ruisseau, courant",1,
H4324,מִיכַל,,,Mical = «qui est semblable à Dieu?»,18,
H4325,מַי,,,"eau, eaux",581,
H4326,מִיָּמִן,,,Mijamin = «de la main droite»,4,
H4327,מִין,,,"sorte, espèce",31,2025-10-21T12:26:35.670Z
H4329,מוּסָךְ,,,"structure couverte, couverture",1,
H4330,מִיץ,,,"serrage, pression, torsion",3,
H4331,מֵישָׁא,,,Méscha = «liberté»,1,
H4332,מִישָׁאֵל,,,Mischaël = «qui est ce que Dieu est?»,7,
H4333,מִישָׁאֵל,,,Mischaël = «qui est ce que Dieu est?»,1,
H4334,מִישׁוֹר,,,plaine ; droiture,23,2024-11-01T08:15:49.825Z
H4335,מֵישַׁךְ,,,Méschac = «invité du roi»,1,
H4336,מֵישַׁךְ,,,Méschac = «invité du roi»,14,
H4337,מֵישָׁע,,,Méscha = «délivrance»,2,
H4338,מֵישַׁע,,,Méscha = «délivrance»,1,
H4339,מֵישָׁר,,,"égalité, droiture, d’une façon droite, équité",19,
H4340,מֵיתָר,,,"corde, cordage, ficelle",9,
H4341,מַכְאוֹב,,,"douleur, souffrance",16,
H4342,מַכְבִּיר,,,(Hiphil) être dans l’abondance,1,
H4343,מַכְבֵּנָה,,,Macbéna = «lien»,1,
H4344,מַכְבַּנַּי,,,Macbannaï = «lien du Seigneur»,1,
H4345,מִכְבָּר,,,"grille, ouvrage en treillis",6,
H4346,מַכְבֵּר,,,étoffe tissée ou couvre-pied,1,
H4347,מַכָּה,,,"coup, blessure, abattre",48,
H4348,מִכְוָה,,,"tache brûlée, cicatrice de brûlure",5,
H4349,מָכוֹן,,,"lieu fixé ou établi, fondement",17,
H4350,מְכוֹנָה,,,"endroit fixé pour reposer, base, piédestal",24,
H4351,מְכֹרָה,,,origine,3,
H4352,מָכִי,,,"Maki = «diminution, décroissance»",1,
H4353,מָכִיר,,,Makir = «vendu»,22,
H4354,מָכִירִי,,,Makirite = «un vendeur»,1,
H4355,מָכַךְ,,,"être rabaissé, être humilié",3,
H4356,מִכְלָה,,,"parc à moutons, enclos",3,
H4357,מִכְלָה,,,"état complet, perfection",1,
H4358,מִכְלוֹל,,,"perfection, costume splendide",2,
H4359,מִכְלָל,,,"état complet, perfection",1,
H4360,מַכְלֻל,,,"une chose rendue parfaite, vêtement ou étoffe splendide",1,
H4361,מַכֹּ֫לֶת,,,"nourriture, produits d’entretien",1,
H4362,מִכְמָן,,,"entrepôts cachés, trésor caché",1,
H4363,"מִכְמָס, מִכְמָשׂ",,,"Micmasch, Micmas = «caché»",11,
H4364,מַכְמֹר,,,"filet, piège",2,
H4365,מִכְמֹ֫רֶת,,,"filet pour pêcher, filet",3,
H4366,מִכְמְתָת,,,Micmethath = «lieu caché»,2,
H4367,מַכְנַדְבַי,,,Macnadbaï = «qui est généreux comme Lui?»,1,
H4368,מְכֹנָה,,,Mecona = «fondation»,1,
H4369,מְכֻנָה,,,"lieu de repos, base",1,
H4370,מִכְנָס,,,"vêtements de dessous, caleçons, pantalons",5,
H4371,מֶ֫כֶס,,,"calcul, proportion qui doit être payée, tribut, taxe",6,
H4372,מִכְסֶה,,,couverture,16,
H4373,מִכְסָה,,,estimation,2,
H4374,מְכַסֶּה,,,"couverture, ce qui couvre",4,
H4375,מַכְפֵּלָה,,,Macpéla = «double»,6,
H4376,מָכַר,,,vendre,80,
H4377,מֶ֫כֶר,,,"marchandise, valeur, prix",3,
H4378,מַכָּר,,,"connaissance, ami",2,
H4379,מִכְרֶה,,,"fosse, mine de sel",1,
H4380,מְכֵרָה,,,"épées, armes, desseins",1,
H4381,מִכְרִי,,,Micri = «digne de prix»,1,
H4382,מְכֵרָתִי,,,De Mekéra = «celui de l’abri-caverne»,1,
H4383,מִכְשׁוֹל,,,"trébucher, moy.s ou occasion de trébucher, pierre d’achoppement",14,
H4384,מַכְשֵׁלָה,,,"masses renversées, pierres d’achoppement, quelque chose de renversé, décadence, ruine",2,
H4385,מִכְתָּב,,,"écriture, chose écrite",9,
H4386,מְכִתָּה,,,fragments broyés ou pulvérisés,1,
H4387,מִכְתָּם,,,"hymne, «michtam»",6,
H4388,מַכְתֵּשׁ,,,mortier,2,
H4389,מַכְתֵּשׁ,,,Macthesch = «un mortier» ou «creux profond»,1,
H4390,מָלֵא,,,"(qal) être plein, remplir, être accompli ; (nif.) être plein ; (piel) remplir, achever, accomplir ; (pual) être plein ; (hitp.) s'amasser, s'assembler",247,2025-02-11T10:43:09.000Z
H4391,מְלָא,,,remplir,2,
H4392,מָלֵא,,,"(qal) être plein, remplir, être accompli ; (nif.) être plein ; (piel) remplir, achever, accomplir ; (pual) être plein ; (hitp.) s'amasser, s'assembler",66,2024-11-01T08:15:49.825Z
H4393,מְלֹא,,,"plénitude, ce qui remplit",38,
H4394,מִלֻּא,,,"garniture, installation",15,
H4395,מְלֵאָה,,,"plénitude, tout le produit",3,
H4396,מִלֻּאָה,,,garniture (de bijoux),3,
H4397,מַלְאָךְ,,,"messager, envoyé",214,
H4398,מַלְאַךְ,,,ange,2,
H4399,מְלָאכָה,,,"occupation, travail, affaires",167,
H4400,מַלְאָכוּת,,,"message, mission",1,2024-12-06T09:30:33.000Z
H4401,מַלְאָכִי,,,Malachie = «Mon messager»,1,
H4402,מִלֵּאת,,,"plénitude, garniture, frontière, bord",1,
H4403,מַלְבּוּשׁ,,,"vêtements, habillement, habit, costume, accoutrement",8,
H4404,מַלְבֵּן,,,"moule à brique, four ou séchoir à briques",3,
H4405,מִלָּה,,,"parole, discours, expression",38,
H4406,מִלָּה,,,"parole, mot, chose",24,
H4407,מִלּוֹא,,,"Millo = «rempart, citadelle»",6,
H4408,מַלּוּחַ,,,plante (mauve),1,
H4409,מַלּוּךְ,,,Malluc ou Meluki = «conseiller»,7,
H4410,מְלוּכָה,,,"royaume, royauté, fonction royale",24,
H4411,מָלוֹן,,,"lieu de logement, auberge, abri",8,
H4412,מְלוּנָה,,,"lieu où se loger, hutte",2,
H4413,מַלּוֹתִי,,,Mallothi = «j’ai prononcé»,2,
H4414,מָלַח,,,"s’en aller, s’évanouir, se dissiper",5,
H4415,מְלַח,,,(P’al) manger du sel,1,
H4416,מְלַח,,,sel,3,
H4417,מֶ֫לַח,,,sel,28,
H4418,מֶ֫לַח,,,chiffon,2,
H4419,מַלָּח,,,"marinier, marin, homme de mer",4,
H4420,מְלֵחָה,,,"salé, saumâtre, stérilité",3,
H4421,מִלְחָמָה,,,"bataille, guerre",320,2024-11-01T08:15:49.825Z
H4422,מָלַט,,,"s’enfuir, s’échapper, délivrer, sauver, être délivré",95,
H4423,מֶ֫לֶט,,,"mortier, ciment, argile (pour le sol)",1,
H4424,מְלַטְיָה,,,Melatia = «l’Éternel a délivré»,1,
H4425,מְלִילָה,,,épi (de blé),1,
H4426,מְלִיצָה,,,"satire, poème ou chant moqueur, insulte, figure, énigme",2,
H4427,מָלַךְ,,,"être ou devenir roi ou reine, régner",348,
H4428,מֶ֫לֶךְ,,,roi,2526,2025-02-26T09:49:09.000Z
H4429,מֶ֫לֶךְ,,,Mélec = «roi»,2,
H4430,מֶ֫לֶךְ,,,roi,180,
H4431,מְלֵךְ,,,"conseil, avis",1,
H4432,מֹ֫לֶךְ,,,"Moloc = «roi, conseiller»",8,
H4433,מַלְכָּה,,,reine,2,
H4434,מַלְכֹּ֫דֶת,,,"un instrument pour attraper, piège, trappe",1,
H4435,מִלְכָּה,,,Milca = «reine»,11,
H4436,מַלְכָּה,,,reine,35,
H4437,מַלְכוּ,,,"royauté, règne, royaume",57,
H4438,מַלְכוּת,,,"royauté, pouvoir royal, règne, royaume, pouvoir souverain",91,
H4439,מַלְכִּיאֵל,,,Malkiel = «mon roi est Dieu»,3,
H4440,מַלְכִּיאֵלִי,,,Malkiélites = voir Malkiel «mon roi est Dieu»,1,
H4441,מַלְכִּיָּהוּ,,,Malkija = «mon roi est l’Éternel»,16,
H4442,מַלְכִּי־צֶ֫דֶק,,,Melchisédek = «mon roi est Sédek»,4,
H4443,מַלְכִּירָם,,,Malkiram = «mon roi (Dieu) est exalté»,1,
H4444,מַלְכִּישׁוּעַ,,,"Malkischua = «mon roi (Dieu) est richesse, salut»",10,
H4445,מִלכֹּם,,,"Milcom, Malcam = «grand roi, leur roi»",4,
H4446,מְלֶ֫כֶת,,,reine,5,
H4447,הַמֹּלֶכֶת,,,Hammoléketh = «la reine»,1,
H4448,מָלַל,,,"parler, prononcer, dire",5,
H4449,מְלַל,,,"(Pael) parler, dire",5,
H4450,מִֽלֲלַי,,,Milalaï = « éloquent»,1,
H4451,מַלְמֵד,,,aiguillon à bœuf,1,
H4452,מָלַץ,,,"être lisse, être glissant",1,
H4453,מֶלְצָר,,,"gardien, un fonctionnaire de la cour",2,
H4454,מָלַק,,,"(qal) pincer, couper, ouvrir (la tête d’un oiseau)",2,
H4455,מַלְקוֹחַ,,,"butin, proie",8,
H4456,מַלְקוֹשׁ,,,"pluie de printemps, dernière pluie",8,
H4457,מֶלְקָחַ֫יִם,,,"mouchettes, pincettes",6,
H4458,מֶלְתָּחָה,,,"garde-robe, appareil pour porter les vêtements",1,
H4459,מַלְתָּעָה,,,"dent, grande dent",1,
H4460,מַמְּגֻרוֹת,,,"grenier, entrepôt",1,
H4461,מֵמַד,,,"mesurage, arpentage, dimensions",1,
H4462,מְמוּכָן,,,"Memucan = «plein de dignité, solennel»",3,
H4463,מָמוֹת,,,"mort, maladie mortelle",2,
H4464,מַמְזֵר,,,"bâtard, enfant de l’inceste, enfant illégitime",2,
H4465,מִמְכָּר,,,"vente, marchandises, chose vendue",10,
H4466,מִמְכֶּ֫רֶת,,,vente,1,
H4467,מַמְלָכָה,,,"royaume, domination, règne, souveraineté",117,
H4468,מַמְלָכוּת,,,"royaume, domination, règne, souveraineté",9,
H4469,מִמְסָךְ,,,"mélange de boissons, vin mêlé, libation",2,
H4470,מֶ֫מֶר,,,amertume,1,
H4471,מַמְרֵא,,,"Mamré = «force, vigueur»",10,
H4472,מַמְרוֹר,,,"chose amère, amertume",1,
H4473,מִמְשַׁח,,,"oint, expansion",1,
H4474,מִמְשָׁל,,,"domination, règle",3,
H4475,מֶמְשָׁלָה,,,"autorité, domination, royaume",17,
H4476,מִמְשָׁק,,,"possession, lieu possédé",1,
H4477,מַמְתַֿקִּים,,,"douceur, chose douce",2,
H4478,מָן,,,manne,14,
H4479,מָן,,,"qui?, qu’est-ce que c’est?, qui que, quoi?",10,
H4480,מִן־,,,"de, depuis, à côté de, puisque, au-dessus, que, plus que",1190,
H4481,מִן־,,,"de, depuis, par, en raison de, plus que",109,
H4482,מֵן,,,corde (de harpe),2,
H4483,מְנָה,,,"dénombrer, compter",5,
H4484,מְנֵא,,,(P’al) mine,3,
H4485,מַנְגִּינָה,,,chant de moquerie ou de dérision,1,
H4486,מַנְדַּע,,,"connaissance, savoir, pouvoir du savoir",4,
H4487,מָנָה,,,"compter, calculer, dénombrer, assigner, dire, désigner, préparer",28,
H4488,מָנֶה,,,"mine, une livre",5,
H4489,מֹנֶה,,,"quelque chose de pesé, nombre compté, fois",2,
H4490,מָנָה,,,"part, portion",13,
H4491,מִנְהָג,,,"conduite, manière de mener un char",2,
H4492,מִנְהָרָה,,,"crevasses, ravins, fissures de montagne, repaire, abri, caverne",1,
H4493,מָנוֹד,,,"secouer, agiter, hocher la tête",1,
H4494,מָנוֹחַ,,,"lieu de repos, état ou condition de repos, placer, poser",6,
H4495,מָנוֹחַ,,,Manoach = «repos»,18,
H4496,מְנוּחָה,,,"repos, lieu de repos",22,
H4497,מָנוֹן,,,"chagrin, progéniture, ingrat",1,
H4498,מָנוֹס,,,"fuite, refuge, lieu où s’échapper",8,
H4499,מְנוּסָה,,,"fuite, retraite",2,
H4500,מָנוֹר,,,une poutre,4,
H4501,מְנוֹרָה,,,support de lampe,42,
H4502,מִנְזָר,,,"princes, ceux qui sont oints, les consacrés",1,
H4503,מִנְחָה,,,"don, tribut, offrande, présent, oblation, sacrifice",211,
H4504,מִנְחָה,,,"don, offrande",2,
H4505,מְנַחֵם,,,Menahem = «consolateur»,8,
H4506,מָנַ֫חַת,,,Manahath = «repos»,5,
H4507,מְנִי,,,"Meni = «destin, sort»",1,
H4508,מִנִּי,,,Minni = «division»,1,
H4509,מִנְיָמִין,,,Minjamin = «de la main droite»,3,
H4510,מִנְיָן,,,nombre,1,
H4511,מִנִּית,,,Minnith = «distribution»,2,
H4512,מִנְלֶה,,,"gain, richesse, acquisition",1,
H4513,מָנַע,,,"refuser, retenir, garder, se retenir, contenir, cacher",29,
H4514,מַנְעוּל,,,un verrou,6,
H4515,מִנְעָל,,,soulier,1,
H4516,מַנְעַמִּים,,,"délicatesses, friandises",1,
H4517,מְנַעֲנֵעַ,,,une sorte de hochet,1,
H4518,מְנַקִּיָּה,,,coupe sacrificielle ou tasse,4,
H4519,מְנַשֶּׁה,,,Manassé = «oublieux»,146,
H4520,מְנַשִּׁי,,,Manassites = de Manassé = «qui fait oublier»,4,
H4521,מְנָת,,,portion,8,
H4522,מַס,,,"le groupe, le corps des travailleurs de force, des gens de corvée, des asservis, des tributaires, des gens réduits à la servitude, le tribut, la corvée, les impôts",23,
H4523,מָס,,,qui désespère,1,
H4524,מֵסַב,,,"chose ronde, entourant, pourtour ; ce qui entoure, ce qui est rond",5,
H4525,מַסְגֵּר,,,"serrurier, forgeron, cachot, enclos, constructeur de rempart",7,
H4526,מִסְגֶּ֫רֶת,,,"bord bordure, forteresse",17,
H4527,מַסַּד,,,"fondation, fondement",1,
H4528,מִסְדְּרוֹן,,,"porche, portique, colonnade",1,
H4529,מָסָה,,,"fondre, dissoudre, être liquéfié",4,
H4530,מִסַּת,,,"suffisant, suffisance, aisance",1,
H4531,מַסָּה,,,"désespoir, test",4,
H4532,מַסָּה,,,"Massa = « épreuve, tentation»",5,
H4533,מַסְוֶה,,,un voile,3,
H4534,מְסוּכָה,,,une haie,1,
H4535,מַסָּח,,,sens incertain – peut-être,1,
H4536,מִסְחָר,,,marchandise,1,
H4537,מָסַךְ,,,"mêler, mélanger, produire par mixage",5,
H4538,מֶ֫סֶךְ,,,mélange,1,
H4539,מָסָךְ,,,"couverture, chiffon, écran",25,
H4540,מְסֻכָֿה,,,couverture,1,
H4541,מַסֵּכָה,,,"un versement, une libation, du métal fondu, image en fonte, offrande de boisson",28,
H4542,מִסְכֵּן,,,"pauvre, homme pauvre",4,
H4543,מִסְכְּנוֹת,,,"approvisionnement, emmagasinage, entrepôt, magasin",7,
H4544,מִסְכֵּנֻת,,,"pauvreté, disette, abondance",1,
H4545,מַסֶּ֫כֶת,,,tissu,3,
H4546,מְסִלָּה,,,"grande route, une voie, un chemin public",27,
H4547,מַסְלוּל,,,grande route,1,
H4548,מַסְמֵר,,,un clou,4,
H4549,מָסַס,,,"dissoudre, fondre",21,
H4550,מַסַּע,,,"retirer (des pieux), rompre le camp, partir, voyager",12,
H4551,מַסָּע,,,"carrière, casser ou tailler (des pierres)",2,
H4552,מִסְעָד,,,"support, pilier",1,
H4553,מִסְפֵּד,,,gémissement,16,
H4554,מִסְפּוֹא,,,"fourrage, nourriture",5,
H4555,מִסְפָּחָה,,,"long voile, un voile (qui est étendu)",2,
H4556,מִסְפַּ֫חַת,,,"éruption, croûte, gale, dartre",3,
H4557,מִסְפָּר,,,"nombre, un récit",134,
H4558,מִסְפָּר,,,Mispar = «nombre»,1,
H4559,מִסְפֶּרֶת,,,Mispéreth = «nombre»,1,
H4560,מָסַר,,,"mettre à part, délivrer, offrir",2,
H4561,מֹסָר,,,"discipline, correction",1,
H4562,מָסֹ֫רֶת,,,le lien (de l’alliance),1,
H4563,מִסְתּוֹר,,,lieu d’abri,1,
H4564,מַסְתֵּר,,,"(hif.) cacher, action de cacher, celui qui fait que le peuple secache",1,
H4565,מִסְתָּר,,,"lieu secret, lieu de cachette",10,
H4566,מַעְבָּד,,,"œuvre, travail, ouvrage",1,
H4567,מַעֲבַד,,,"œuvre, travail, ouvrage",1,
H4568,מַעֲבֶה,,,"épaisseur, compacité",1,
H4569,מַעֲבָר,,,"un gué, un col, une passe, un passage",11,
H4570,מַעְגָּל,,,"retranchement, piste, voie",16,
H4571,מָעַד,,,"glisser, chanceler, vaciller, secouer",7,
H4572,מַעֲדַי,,,Maadaï = «orné ou embelli de l’Éternel»,1,
H4573,מַעֲדְיָה,,,Maadia = «ornement reçu de l’Éternel»,1,
H4574,מַעֲדָן,,,"délicat (nourriture), délices",3,
H4575,מַעֲדַנּוֹת,,,"les liens, les bandes",2,
H4576,מַעְדֵּר,,,la houe,1,
H4577,מְעָא,,,"le ventre externe, l’abdomen",1,
H4578,מֵעֶה,,,"entrailles, ventre, sein, cœur",32,2025-06-04T10:28:28.000Z
H4579,מָעָה,,,un grain (de sable),1,
H4580,מָעוֹג,,,gâteau,2,
H4581,מָעוֹז,,,"lieu ou moy.s de sécurité, protection, refuge, forteresse",36,
H4582,מָעוֹךְ,,,Maoc = «oppression»,1,
H4583,מָעוֹן,,,"demeure, habitation, refuge",18,
H4584,מָעוֹן,,,Maon = «habitation»,8,
H4585,מְעֹנָה,,,"demeure, habitation, refuge",9,
H4586,מְעוּנִים,,,"Mehunim ou Maonites = «habitations, demeure»",4,
H4587,מְעוֹנֹתַי,,,Meonothaï = «mes habitations»,2,
H4588,מָעוּף,,,ténèbres,1,
H4589,מָעוֹר,,,nudité,1,
H4590,מַעַזְיָהוּ,,,Maazia = «l’Éternel est un refuge»,2,
H4591,מָעַט,,,"être ou devenir petit, être peu de, être diminué",22,
H4592,מְעַט,,,"petitesse, peu, peu de, en petit nombre",101,
H4593,מָעֹט,,,"enveloppé, enroulé, saisi, diminué, aiguisé",1,
H4594,מַעֲטֶה,,,"une enveloppe, un manteau",1,
H4595,מַעֲטָפָה,,,"une sur-tunique, un manteau",1,
H4596,מְעִי,,,"une ruine, un tas",1,
H4597,מָעַי,,,Maaï = «compassion de l’Éternel»,1,
H4598,מְעִיל,,,robe,28,
H4599,מַעְיָן,,,"source, fontaine",23,
H4600,מָעַךְ,,,"presser, serrer",3,
H4601,מַעֲכָה,,,Maaca = «oppression»,23,
H4602,מַעֲכָתִי,,,Maacathiens = «pression (littéralement  elle a pressé»,8,
H4603,מָעַל,,,"agir d’une manière infidèle, agir traîtreusement, transgresser, commettre un péché, une violation, un délit",35,
H4604,מַ֫עַל,,,"infidélité, fausseté",29,2024-11-01T08:15:49.825Z
H4605,מַ֫עַל,,,"au-dessus, en haut",140,2024-11-01T08:15:49.825Z
H4606,מֶעָל,,,aller,1,
H4607,מֹ֫עַל,,,"lever, élévation",1,
H4608,מַעֲלֶה,,,"une montée, une pente",18,
H4609,מַעֲלָה,,,"ce qui va vers le haut, des pensées",47,
H4610,עַקְרַבִּים,,,Akrabbim = «les scorpions»,4,
H4611,מַעֲלָל,,,"action, pratique",41,
H4612,מַעֲמָד,,,"un service, un office, une fonction, un rôle",5,
H4613,מׇעֳמָ֑ד,,,"point d’appui, tenir au sol",1,
H4614,מַעֲמָסָה,,,"une charge, un fardeau",1,
H4615,מַעֲמַקִּים,,,profondeurs,5,
H4616,מַ֫עַן,,,"but, intention",272,
H4617,מַעֲנֶה,,,"répondre, réponse",7,
H4618,מַעֲנָה,,,"sol labouré, l’endroit pour une tâche",2,
H4619,מַ֫עַץ,,,"Maats = «courroux, colère»",1,
H4620,מַעֲצֵבָה,,,"lieu de peine, endroit de chagrin",1,
H4621,מַעֲצָד,,,hache,2,
H4622,מַעְצוֹר,,,"contraindre, restreindre, empêchement, obstacle",1,
H4623,מַעְצָר,,,"contrainte, autorité",1,
H4624,מַעֲקֶה,,,parapet,1,
H4625,מַעֲקָשׁ,,,"lieux tortueux, tordus, choses crochues",1,
H4626,מַעַר,,,"à découvert, endroits nus, nudité",1,
H4627,מַעֲרָב,,,"marchandises, articles d’échange",9,
H4628,מַעֲרָב,,,"endroit du coucher de soleil, ouest, vers l’ouest, occident",14,
H4629,מַעֲרֶה,,,"espace nu, lieu dénudé, plaine ouverte, prairie",2,
H4631,מְעָרָה,,,"caverne, antre, repaire, trou",39,
H4632,מְעָרָה,,,Meara = «caverne»,1,
H4633,מַעֲרָךְ,,,"arrangement, plan, préparation, projet",1,
H4634,מַעֲרָכָה,,,"rangée, rang, ligne de bataille",19,
H4635,מַעֲרֶ֫כֶת,,,"rangées, lignes",10,
H4636,מַעֲרֹם,,,"choses nues, nudité",1,
H4637,מַעֲרָצָה,,,"choc terrible, fracas, terreur",1,
H4638,מַעֲרָת,,,"Maarath = «nudité, privé d’arbres»",1,
H4639,מַעֲשֶׂה,,,"action, travail",236,
H4640,מַעֲשַׂי,,,Maesaï = «œuvre du Seigneur»,1,
H4641,מַעֲשֵׂיָהוּ,,,Maaséja = «œuvre de l’Éternel»,23,
H4642,מַעֲשַׁקָּה,,,"action d’extorquer, d’opprimer",2,
H4643,מַעֲשֵׂר,,,"dîme, dixième partie",32,
H4644,מֹף,,,Moph (Memphis) = «havre de celui qui est bon»,1,
H4645,מִפְגָּע,,,"chose frappée, marquée, cible, objet d’un assaut",1,
H4646,מַפָּח,,,"sans respiration, expirant, exhaler (la vie)",1,
H4647,מַפֻּחַ,,,soufflet,1,
H4648,מְפִיבֹשֶׁת,,,"fils de Saül et de Ritspa la fille d’Ajja, concubine de Saül ; exécuté à la demande des Gabaonites contre une famine",18,
H4649,מֻפִּים,,,Muppim = «serpent»,1,
H4650,מֵפִיץ,,,"qui éparpille, un assommoir, une massue",1,
H4651,מַפָּל,,,"le rebut, ce qui pend",2,
H4652,מִפְלָאָה,,,œuvres merveilleuses,1,
H4653,מִפְלַגָּה,,,"une division, une classe (de sacrificateurs pour le service)",1,
H4654,מַפָּלָה,,,une ruine,3,
H4655,מִפְלָט,,,"fuite, lieu où s’échapper",1,
H4656,מִפְלֶ֫צֶת,,,"chose affreuse, chose horrible",4,
H4657,מִפְלָשׂ,,,"oscillation, équilibre, balancement",1,
H4658,מַפֶּ֫לֶת,,,"carcasse, ruine, ce qui est renversé",8,
H4659,מִפְעָלָה,,,"un travail, une œuvre, un ouvrage, la chose faite",3,
H4660,מַפָּץ,,,"fracassant, mettant en pièces (d’un type d’armes)",1,
H4661,מַפֵּץ,,,"massue de guerre, massue, hache de bataille, marteau",1,
H4662,מִפְקָד,,,"rassemblement, rendez-vous, lieu désigné",5,
H4664,מִפְרָץ,,,lieu de débarquement,1,
H4665,מַפְרֶקֶת,,,le cou,1,
H4666,מִפְרָשׂ,,,"un étalement, une chose étendue",2,
H4667,מִפְשָׂעָה,,,"hanche, fesse, haut des jambes",1,
H4668,מַפְתֵּחַ,,,"clef, instrument d’ouverture",3,
H4669,מִפְתָּח,,,"ouverture, émission",1,
H4670,מִפְתָּן,,,seuil,8,
H4671,מוֹץ,,,"menue paille, balle",8,
H4672,מָצָא,,,"Trouver, atteindre",455,
H4673,מַצָּב,,,"station, garnison, lieu de repos",10,
H4674,מֻצָּב,,,"retranchement, ouvrage de siège, palissade, poste",1,
H4675,מִצָּבָה,,,"une garde, une veille, une armée",2,
H4676,מַצֵּבָה,,,"pilier, souche",32,
H4677,מְצֹבָיָה,,,Metsobaja = «congrégation de l’Éternel»,1,
H4678,מַצֶּבֶת,,,"pilier, souche",6,
H4679,מְצָד,,,"un fort, une forteresse, une fortification",11,
H4680,מָצָה,,,"drainer, s’écouler",7,
H4681,מֹצָה,,,Motsa = «fontaine»,1,
H4682,מַצָּה,,,"non levé (pain, gâteau), sans levain",53,
H4683,מַצָּה,,,"lutte, dispute, querelle",3,
H4684,מַצְהָלָה,,,"hennissement, action de hennir",2,
H4685,מָצוֹד,,,"ouvrages de siège, rempart",7,
H4686,מְצוּדָה,,,"filet, proie, piège pour une proie",21,
H4687,מִצְוָה,,,commandement,182,
H4688,מְצוֹלָה,,,"fond, profondeur",11,2025-06-04T10:29:38.000Z
H4689,מָצוֹק,,,"gène, détresse, tension, angoisse",6,
H4690,מָצוּק,,,"support fondu, pilier, colonne",2,
H4691,מְצוּקָה,,,"gène, tension, angoisse, détresse",7,
H4692,מָצוֹר,,,"état de siège, retranchement, ouvrages de siège",25,
H4693,מָצוֹר,,,un nom pour l’Égypte,5,
H4694,מְצוּרָה,,,"retranchement, forteresse, rempart",8,
H4695,מַצּוּת,,,"lutte, dispute, querelle",1,
H4696,מֵ֫צַח,,,"sourcil, front",13,
H4697,מִצְחָה,,,"jambières, armure des jambes",1,
H4698,מְצִלָּה,,,"sonnette, clochette",1,
H4699,מְצֻלָה,,,"ravin, cuvette, bassin, creux",1,
H4700,מְצִלְתַּיִם,,,cymbales,13,
H4701,מִצְנֶ֫פֶת,,,"tiare, mitre, diadème, turban (du souverain sacrificateur)",12,
H4702,מַצָּע,,,"la couche, le lit",1,
H4703,מִצְעָד,,,des pas,3,
H4705,מִצְעָר,,,une petite chose,5,
H4706,מִצְעָר,,,Mitsear = «petit»,1,
H4707,מִצְפֶּה,,,"tour de garde, point de vue",2,
H4708,מִצְפֶּה,,,"Mitspé, Mitspa = «tour de gué»",6,
H4709,מִצְפָּה,,,"Mitspa = «tour de gué, d’observation»",40,
H4710,מַצְפּוֹן,,,"choses cachées, trésor",1,
H4711,מָצַץ,,,"faire couler, sucer",1,
H4712,מֵצַר,,,"oppression, détresse, tension, gène",3,
H4713,מִצְרִי,,,Égyptien  (voir Égypte) «doublement oppresseur»,70,
H4714,מִצְרַ֫יִם,,,Égypte = «territoire des Coptes»,641,
H4715,מַצְרֵף,,,"creuset, pot pour affinage",2,
H4716,מַק,,,"décadence, délabrement, pourriture",2,
H4717,מַקָּבָה,,,marteau,3,
H4718,מַקֶּ֫בֶת,,,"trou, excavation, perforation",2,
H4719,מַקֵּדָה,,,Makkéda = «endroit des bergers»,9,
H4720,מִקְדָּשׁ,,,"lieu sacré, sanctuaire, lieu saint",75,
H4721,מַקְהֵל,,,"assemblée, chœur, congrégation",2,
H4722,מַקְהֵלֹת,,,Makhéloth = «lieu de l’assemblée»,2,
H4723,מִקְוֶה,,,"espérance, ressource ; assemblage, amas",12,2025-10-23T12:59:33.827Z
H4724,מִקְוָה,,,"réservoir, fossé",1,
H4725,מָקוֹם,,,"lieu, endroit, espace, position",401,2024-11-01T08:15:49.825Z
H4726,מָקוֹר,,,"source, fontaine",18,
H4727,מִקָּח,,,"prise, acceptation, réception (d’un présent corrompu)",1,
H4728,מַקָּחָה,,,marchandises,1,
H4729,מִקְטָר,,,"l’endroit de la fumée sacrificielle, autel, foyer, encens",1,
H4730,מִקְטֶ֫רֶת,,,encensoir,2,
H4731,מַקֵּל,,,"verge, bâton",18,
H4732,מִקְלוֹת,,,Mikloth = «verges»,4,
H4733,מִקְלָט,,,"refuge, asile",20,
H4734,מִקְלַ֫עַת,,,"découpage, sculpture",4,
H4735,מִקְנֶה,,,"possession, biens, troupeau",76,2025-06-11T09:49:19.000Z
H4736,מִקְנָה,,,acheter,15,
H4737,מִקְנֵיָ֫הוּ,,,Miknéja = «possession de l’Éternel»,2,
H4738,מִקְסָם,,,"divination, oracle",2,
H4739,מָקַץ,,,"Makats = «fin, limite»",1,
H4740,מִקְצֹעַ,,,"coin dans une structure, contrefort, coin intérieur",12,
H4741,מַקְצֻעָה,,,outil à gratter (utilisé dans la fabrication des idoles),1,
H4742,מְקֻצְעָה,,,"angle dans une structure, coin de contrefort",2,
H4743,מָקַק,,,"décadence, délabrement, avoir de la langueur, pourrir, suppurer",10,
H4744,מִקְרָא,,,"convocation, lecture, être appelés tous ensemble",23,
H4745,מִקְרֶה,,,"rencontre ou événement non prévu, accident, un fait, une chance, la fortune",10,
H4746,מְקָרֶה,,,la poutre maîtresse,1,
H4747,מְקֵרָה,,,"fraîcheur, rafraîchissant",2,
H4748,מִקְשֶׁה,,,"ouvrage tourné, chevelure bien arrangée, bien coiffée, bien enroulée",1,
H4749,מִקְשָׁה,,,"ouvrage martelé, objets d’or ou d’argent finement décorés",9,
H4750,מִקְשָׁה,,,lieu ou champ de concombres,2,
H4751,מַר,,,"amer, amertume",39,
H4752,מַר,,,"une goutte, ce qui coule",1,
H4753,מֹר,,,myrrhe,12,
H4754,מָרָא,,,"(hif.) battre (l’air), battre (des ailes)",2,
H4755,מָרָא,,,Mara = «amertume»,1,
H4756,מָרֵא,,,seigneur,4,
H4757,מְרֹדַךְ בַּלְאֲדָן,,,Merodac-Baladan = «Marduk a donné un fils»,2,
H4758,מַרְאֶה,,,"vue, apparence, vision",103,
H4759,מַרְאָה,,,vision,12,
H4760,מֻרְאָה,,,"jabot (d’un oiseau), canal alimentaire (d’un oiseau)",1,
H4761,מְרַאֲשָׁוֹת,,,"endroit à la tête, primauté",1,
H4762,מָרֵשָׁה,,,Maréscha = « à la tête»,7,
H4763,מְרַאֲשָׁוֹת,,,"à la tête, qui domine, qui a la primauté",8,
H4764,מֵרָב,,,"Mérab = «augmentation, accroissement»",3,
H4765,מַרְבָד,,,couverture,2,2024-11-01T08:15:49.825Z
H4766,מַרְבֶה,,,"abondance, augmentation, accroissement",2,
H4767,מִרְבָּה,,,beaucoup,1,
H4768,מַרְבִּית,,,"accroissement, grand nombre, multitude, grandeur",5,
H4769,מַרְבֵּץ,,,endroit de repos ou de demeure,2,
H4770,מַרְבֵּק,,,étable,4,
H4771,מַרְגּוֹעַ,,,repos,1,
H4772,מַרְגְּלוֹת,,,"pieds, à ses pieds",5,
H4773,מַרְגֵּמָה,,,fronde,1,
H4774,מַרְגֵּעָה,,,"repos, lieu de repos",1,
H4775,מָרַד,,,"se rebeller, se révolter, être rebelle",25,
H4776,מְרַד,,,rébellion,1,
H4777,מֶ֫רֶד,,,"rébellion, révolte",1,
H4778,מֶ֫רֶד,,,Méred = «rébellion»,2,
H4779,מָרָד,,,rebelle,2,
H4780,מַרְדּוּת,,,"rébellion, d’une manière rebelle",1,
H4781,מְרֹדָךְ,,,Merodac = «rébellion»,1,
H4782,מׇרְדֳּכַי,,,Mardochée = «petit homme»,60,
H4783,מֻרְדָּף,,,persécution,1,
H4784,מָרָה,,,"être querelleur, être rebelle, être réfractaire, être désobéissant, se révolter contre",45,
H4785,מָרָה,,,"Mara = «amer, amertume»",5,
H4786,מֹרָה,,,"amertume, chagrin",1,
H4787,מׇרָּה,,,amertume,1,
H4788,מָרוֹד,,,"inquiétude, agitation, égarement, vagabond, réfugié",3,
H4789,מֵרוֹז,,,Méroz = «refuge»,1,
H4790,מְרוֹחַ,,,"meurtri, écrasé, frotté",1,
H4791,מָרוֹם,,,"hauteur, le haut, lieu élevé, ce qui est haut",54,2025-03-04T10:28:16.000Z
H4792,מֵרוֹם,,,Mérom = «lieu élevé»,2,
H4793,מֵרוֹץ,,,"course, lutter à la course",1,
H4794,מְרוּצָה,,,"course, le cours (de la vie)",4,
H4795,מָרוּק,,,"grattage, frottement",1,
H4796,מָרוֹת,,,Maroth = «amertume»,1,
H4797,מִרְזַח,,,"un cri, un cri de joie, une bacchanale",1,
H4798,מַרְזֵחַ,,,"un cri, un cri de joie",1,
H4799,מָרַח,,,(qal) frotter,1,
H4800,מֶרְחָב,,,"endroit large ou spacieux, vaste, des étendues",6,
H4801,מֶרְחָק,,,"lieu distant, distance, contrée lointaine",18,
H4802,מַרְחֶ֫שֶׁת,,,"casserole à sauce, à ragoût, un gril",2,
H4803,מָרַט,,,"découvrir, polir, rendre lisse ou chauve ou mettre à nu",14,
H4804,מְרַט,,,"arracher, retirer",1,
H4805,מְרִי,,,rébellion,23,
H4806,מְרִיא,,,"bien nourri, bête grasse",8,
H4807,מְרִיב בַּ֫עַל,,,Merib-Baal = «Baal est mon avocat»,6,
H4808,מְרִיבָה,,,"lutte, dispute, querelle",2,
H4809,מְרִיבָה,,,"Meriba = «contestation, querelle»",11,
H4810,מְרִי בַעַל,,,Merib-Baal = «Baal est mon avocat»,2,
H4811,מְרָיָה,,,Meraja = «rébellion»,1,
H4812,מְרָיוֹת,,,Merajoth = «rebelle»,7,
H4813,מִרְיָם,,,"Marie = «rébellion, obstination»",15,
H4814,מְרִירוּת,,,amertume,1,
H4815,מְרִירִי,,,amer,1,
H4816,מֹ֫רֶךְ,,,faiblesse,1,
H4817,מֶרְכָּב,,,"char, chariot, lieu pour aller à cheval, siège",3,
H4818,מֶרְכָּבָה,,,char,44,
H4819,מַרְכֹּ֫לֶת,,,"place de marché, lieu de commerce",1,
H4820,מִרְמָה,,,"tromperie, trahison, perfidie",39,
H4821,מִרְמָה,,,"Mirma = «fraude, tromperie»",1,
H4822,מְרֵמוֹת,,,Merémoth = « élévations»,6,
H4823,מִרְמָס,,,"piétiner, fouler aux pieds, le lieu où l’on foule",7,
H4824,מֵרֹנֹתִי,,,Méronothite = «joyeux crieur»,2,
H4825,מֶ֫רֶס,,,"Mérès = « élevé, hautain»",1,
H4826,מַרְסְנָא,,,Marsena = «digne»,1,
H4827,מֵרַע,,,"(hif.) mal faire, mal, méchanceté",1,
H4828,מֵרֵעַ,,,"compagnon, ami, ami intime",7,
H4829,מִרְעֶה,,,"pâture, pâturage",13,
H4830,מַרְעִית,,,"pâturage, élevage de bétail",10,
H4831,מַרְעֲלָה,,,Mareala = «tremblant»,1,
H4832,מַרְפֵּא,,,"santé, guérison, remède",16,
H4833,מַרְפֵּשׂ,,,"avoir foulé, la chose qui est foulée",1,
H4834,מָרַץ,,,être ou rendre malade,4,
H4835,מְרוּצָה,,,"broyage, écrasement, oppression",1,
H4836,מַרְצֵעַ,,,"alêne, instrument de perçage",2,
H4837,מַרְצֶ֫פֶת,,,pavé,1,2024-11-01T08:15:49.825Z
H4838,מָרַק,,,"nettoyer, polir",3,
H4839,מָרָק,,,"bouillon, jus provenant de la viande",3,
H4840,מֶרְקָח,,,"épice, parfum, épices aromatiques",1,
H4841,מֶרְקָחָה,,,"un assaisonnement, une composition, des épices",2,
H4842,מִרְקַ֫חַת,,,"onguent, mélange de parfums",3,
H4843,מָרַר,,,être amer,14,
H4844,מָרֹר,,,"chose amère, herbe amère, amertume",3,
H4845,מְרֵרָה,,,"fiel, bile",1,
H4846,מְרֹרָה,,,"chose amère, fiel, bile, poison",4,
H4847,מְרָרִי,,,"Merari = «amer, triste»",36,
H4848,מְרָרִי,,,Merarites = voir Merari «amer»,4,
H4849,מִרְשַׁ֫עַת,,,méchanceté,1,
H4850,מְרָתַיִם,,,Merathaïm = «double rébellion»,1,
H4851,מַשׁ,,,Masch = « étiré»,1,
H4852,מֵשָׁא,,,Méscha = «liberté»,1,
H4853,מַשָּׂא,,,"charge, maintien, tribut, fardeau, élévation",66,
H4854,מַשָּׂא,,,Massa = «fardeau»,2,
H4855,מַשָּׁא,,,"prêt sur intérêt, usure",3,
H4856,מַשֹּׂא,,,une élévation,1,
H4857,מַשְׁאָב,,,"lieu où l’on tire de l’eau, abreuvoirs",1,
H4858,מַשָּׂאָה,,,qui s’élève,1,
H4859,מַשָּׁאָה,,,prêt,2,
H4860,מַשָּׁאוֹן,,,"artifice, dissimulation, tromperie",1,
H4861,מִשְׁאָל,,,Mischeal = «instance»,2,
H4862,מִשְׁאָלָה,,,"requête, pétition, désir",2,
H4863,מִשְׁאֶ֫רֶת,,,"auge ou cuve de pétrissage, de malaxage",4,
H4864,מַשְׂאֵת,,,"élévation, émission, fardeau, portion",15,
H4865,מִשְׁבְּצוֹת,,,"ouvrage tressé ou marqueté, un filigrane, monture de pierres précieuses",9,
H4866,מַשְׁבֵּר,,,"endroit d’une brèche, ouverture",3,
H4867,מִשְׁבָּר,,,"flot, vague",5,2025-06-05T10:44:44.000Z
H4868,מִשְׁבָּת,,,"cessation, suspension, anéantissement",1,
H4869,מִשְׂגָּב,,,Misgab = «hauteur»,17,
H4870,מִשְׁגֶּה,,,"erreur, faute",1,
H4871,מָשָׁה,,,"retirer, tirer, arracher, puiser",3,
H4872,מֹשֶׁה,,,Moïse = «tiré de»,766,
H4873,מֹשֶׁה,,,Moïse = «tiré de»,1,
H4874,מַשֶּׁה,,,"prêt, emprunt",1,
H4875,מְשׁוֹאָה,,,"désolation, ruine",3,
H4876,מַשּׁוּאָה,,,"désolation, ruine",2,
H4877,מְשׁוֹבָב,,,Meschobab = «restauré»,1,
H4878,מְשׁוּבָה,,,"se détourner, apostasie, récidive",12,
H4879,מְשׁוּגָה,,,erreur,1,
H4880,מִשּׁוֹט,,,rame,2,
H4881,מְשֻכָֿה,,,haie,2,
H4883,מַשּׂוֹר,,,une scie,1,
H4884,מְשׂוּרָה,,,mesure,4,
H4885,מָשׂוֹשׂ,,,"joie, exulter, réjouissance",17,
H4886,מָשַׁח,,,"salir, tacher, oindre, étendre un liquide",70,
H4887,מְשַׁח,,,huile,2,
H4888,מִשְׁחָה,,,"portion consacrée, huile d’onction, onguent, oindre",26,
H4889,מַשְׁחִית,,,"ruine, destruction",12,
H4890,מִשְׂחַק,,,"objet de dérision, mépris",1,
H4891,מִשְׁחָר,,,"aube, aurore",1,
H4892,מַשְׁחֵת,,,"ruine, destruction",1,
H4893,מָשְׁחָת,,,"défiguration (du visage), corruption",2,
H4894,מִשְׁטָח,,,endroit qui s’étend,3,
H4895,מַשְׂטֵמָה,,,"animosité, inimitié",2,
H4896,מִשְׁטָר,,,"règle, autorité",1,
H4897,מֶ֫שִׁי,,,une matière coûteuse pour la fabrication des vêtements,2,
H4898,מְשֵׁיזַבְאֵל,,,Meschézabeel = «Dieu libère»,3,
H4899,מָשִׁיחַ,,,"oint, celui qui est l’oint",39,
H4900,מָשַׁךְ,,,"tirer, traîner, saisir",36,
H4901,מֶ֫שֶׁךְ,,,"un alignement, tracer une piste",2,
H4902,מֶ֫שֶׁךְ,,,Méschec = « étiré»,9,
H4903,מִשְׁכַּב,,,"une couche, un lit",6,
H4904,מִשְׁכָּב,,,"une couche, une civière, action de s’étendre",46,
H4905,מַשְׂכִּיל,,,"(hif.) poésie, chant ou poème de contemplation",14,
H4906,מַשְׂכִּית,,,"figure, imagination, image, idole, tableau",6,
H4907,מִשְׁכַּן,,,"demeure, habitation (de Dieu)",1,
H4908,מִשְׁכָּן,,,"lieu d’habitation, tabernacle",139,
H4909,מַשְׂכֹּ֫רֶת,,,"gages, salaire",4,
H4910,מָשַׁל,,,"gouverner, avoir la domination, l’autorité, régner",81,
H4911,מָשַׁל,,,"représenter, comparer, être semblable",16,
H4912,מָשָׁל,,,"proverbe, parabole",39,
H4913,מָשָׁל,,,Maschal = «instance»,1,
H4914,מְשֹׁל,,,"proverbe, fable",1,
H4915,מֹ֫שֶׁל,,,domination,3,
H4916,מִשְׁלַח,,,"envoyer, échanger",10,
H4917,מִשְׁלַ֫חַת,,,"décharger, envoyer, renvoyer au loin, députation",2,
H4918,מְשֻׁלָּם,,,Meschullam = «ami»,25,
H4919,מְשִׁלֵּמוֹת,,,"Ephraïmite, un des chefs de tribu sous le règne du roi Pékach d’Israël",2,
H4920,מְשֶׁלֶמְיָהוּ,,,Meschélémia = «celui que l’Éternel rembourse»,4,
H4921,מְשִׁלֵּמִית,,,Meschillémith = «récompense»,1,
H4922,מְשֻׁלֶּ֫מֶת,,,Meschullémeth = «amie»,1,
H4923,מְשַׁמָּה,,,"dévastation, horreur",7,
H4924,שָׁמָן,,,"embonpoint, morceau gras, lieu fertile, nourriture richement préparée",7,
H4925,מִשְׁמַנָּה,,,Mischmanna = «embonpoint»,1,
H4926,מִשְׁמָע,,,"une chose entendue, rumeur",1,
H4927,מִשְׁמָע,,,Mischma = «qui écoute»,4,
H4928,מִשְׁמַ֫עַת,,,"sujets, garde du corps, auditeurs, obéissants",4,
H4929,מִשְׁמָר,,,"lieu de confinement, prison, garde, geôle, poste de garde, veille, observation",22,
H4930,מַשְׂמְרָה,,,clou,1,
H4931,מִשְׁמֶ֫רֶת,,,"garde, charge, fonction, obligation, service, veille",78,
H4932,מִשְׁנֶה,,,"double, copie, second, répétition",35,
H4933,מְשִׁסָּה,,,"butin, piller, dépouiller",6,
H4934,מִשְׁעוֹל,,,"chemin creux, dentier étroit",1,
H4935,מִשְׁעִי,,,purification,1,
H4936,מִשְׁעָם,,,Mischeam = «purification»,1,
H4937,מִשְׁעָן,,,"support, bâton",5,
H4938,מִשְׁעֶ֫נֶת,,,"support (de toute sorte), bâton",12,
H4939,מִשְׂפָּח,,,"effusion, versement (de sang)",1,
H4940,מִשְׁפָּחָה,,,"clan, famille",303,
H4941,מִשְׁפָּט,,,"jugement, justice, ordonnance",422,
H4942,מִשְׁפְּתַ֫יִם,,,"endroits en feu, tas de cendre",2,
H4943,מֶ֫שֶׁק,,,"acquisition, possession, fils de celui qui possède, héritier",1,
H4944,מַשָּׁק,,,"courir, se ruer, se précipiter ici et là",1,
H4945,מַשְׁקֶה,,,"irrigation, boisson",19,
H4946,מִשְׁקוֹל,,,"lourdeur, poids",1,
H4947,מַשְׁקוֹף,,,linteau (d’une porte),3,
H4948,מִשְׁקָל,,,"lourdeur, poids",49,
H4949,מִשְׁקֶ֫לֶת,,,"niveau, outil ou instrument pour niveler, fil à plomb",2,
H4950,מִשְׁקָע,,,"ce qui est décidé ou clarifié, clair",1,
H4951,מִשְׂרָה,,,"autorité, domination, gouvernement",2,
H4952,מִשְׁרָה,,,jus,1,
H4953,מַשְׁרוֹקִי,,,"pipeau, flûte",4,
H4954,מִשְׁרָעִי,,,Mischraïens = «touchant le mal»,1,
H4955,מִשְׂרָפָה,,,une combustion,2,
H4956,מִשְׂרְפוֹת מַיִם,,,Misrephoth-Maïm = «sources chaudes»,4,
H4957,מַשְׂרֵקָה,,,Masréka = «vignoble de noble vigne»,2,
H4958,מַשְׂרֵת,,,"une casserole, un plat",1,
H4959,מָשַׁשׁ,,,"tâter, tâtonner",9,
H4960,מִשְׁתֶּה,,,"festin, fête, boisson, banquet, boire",46,
H4961,מִשְׁתֶּה,,,"festin, banquet",1,
H4962,מַת,,,"mâle, homme",22,
H4963,מַתְבֵּן,,,tas de paille,1,
H4964,מֶ֫תֶג,,,bride,4,
H4965,מֶתֶג הָאַמָּה,,,"ville que David enleva aux Philistins, sans doute Gath et sesenvirons",2,
H4966,מָתוֹק,,,"doux, douce, sucré",12,
H4967,מְתוּשָׁאֵל,,,Metuschaël = «homme de Dieu»,2,
H4968,מְתוּשֶׁ֫לַח,,,Metuschélah = «homme du javelot»,6,
H4969,מָתַח,,,"(qal) étendre, étaler",1,
H4970,מָתַי,,,quand?,43,
H4971,מַתְכֹ֫נֶת,,,"mensuration, proportion, numéro",5,
H4973,מְתַלְּעוֹת,,,"dents, crocs, incisives",3,
H4974,מְתֹם,,,"solidité, ce qui est sain, totalité, entier",4,
H4975,מׇתְנַ֫יִם,,,"reins, hanches",47,
H4976,מַתָּן,,,"dons, offrandes, présents",5,
H4977,מַתָּן,,,Matthan = «un don»,3,
H4978,מַתְּנָא,,,don,3,
H4979,מַתָּנָה,,,don,17,
H4980,מַתָּנָה,,,Matthana = «don de l’Éternel»,2,
H4981,מִתְנִי,,,De Mithni = «athlète»,1,
H4982,מַתְּנַי,,,Matthnaï = «don de l’Éternel»,3,
H4983,מַתַּנְיָ֫הוּ,,,Matthania = «don de l’Éternel»,16,
H4985,מָתֹק,,,être ou devenir doux ou aimable,6,
H4986,מֶ֫תֶק,,,douceur,2,
H4987,מֹ֫תֶק,,,douceur,1,
H4989,מִתְקָה,,,Mithka = «douceur»,2,
H4990,מִתְרְדָת,,,Mithredath = «donné par Mithra»,2,
H4991,מַתַּת,,,"don, récompense",6,
H4992,מַתַּתָּה,,,Matthattha = «don de l’Éternel»,1,
H4993,מַתִּתְיָ֫הוּ,,,Matthithia = «don de l’Éternel»,8,
H4994,נָא,,,"Je (te) prie, maintenant, voici, s’il vous plaît",405,
H4995,נָא,,,cru,1,
H4996,נֹא,,,No = «éclatement»,5,
H4997,נֹאד,,,"peau, outre, récipient en peau",6,
H4998,נָאָה,,,"être avenant, être beau, belle, être convenable",3,
H4999,נָוָה,,,"pâturage, demeure, maison de berger, habitation, pré, prairie",12,
H5000,נָאוֶה,,,"avenant, beau, belle, bienséant",10,
H5001,נָאַם,,,"prophétiser, prononcer une prophétie, parler comme prophète, dire",1,
H5002,נְאֻם,,,"parole, déclaration",376,2024-11-01T08:15:49.825Z
H5003,נָאַף,,,commettre l’adultère,31,2025-02-12T10:33:23.000Z
H5004,נִאֻף,,,adultère,2,
H5005,נַאֲפוּף,,,adultère,1,
H5006,נָאַץ,,,"repousser, mépriser, rejeter, détester",25,
H5007,נְאָצָה,,,"mépris, insulte",5,
H5008,נָאַק,,,(qal) gémir,2,
H5009,נְאָקָה,,,gémissement,4,
H5010,נָאַר,,,"(piel) abhorrer, avoir en horreur, repousser",2,
H5011,נֹב,,,Nob = «haut lieu»,6,
H5012,נָבָא,,,Prophétiser,115,
H5013,נבא,,,(CLBL),1,
H5014,נָבַב,,,(qal) creuser,4,
H5015,נְבוֹ,,,Nebo = «prophète»,13,
H5016,נְבוּאָה,,,prophétie,3,
H5017,נְבוּאָה,,,action de prophétiser,1,
H5018,נְבוּזַרְאֲדָן,,,Nebuzaradan = «Nebo a donné une descendance»,16,
H5019,"נְבוּכַדְרֶאצַּר, נְבוּכַדְנֶצַּר",,,"Nebucadnetsar = «que Nebo protège la couronne, les frontières»",60,
H5020,"נְבוּכַדְרֶאצַּר, נְבוּכַדְנֶצַּר",,,Nebucadnetsar = «que Nebo protège la couronne»,31,
H5021,נְבוּשַׁזְבָּן,,,"Nebuschazban = «Nebo, sauve-moi!»",1,
H5022,נָבוֹת,,,Naboth = «fruits»,22,
H5023,נְבִזְבָּה,,,récompense,2,
H5024,נָבַח,,,(qal) aboyer,1,
H5025,נֹ֫בַח,,,Nobach = «aboyant»,3,
H5026,נִבְחַז,,,Nibchaz = «celui qui aboie»,1,
H5027,נָבַט,,,"regarder, voir",69,
H5028,נְבָט,,,Nebath = «Il (Dieu) regarde»,25,
H5029,נְבִיא,,,prophète,4,
H5030,נָבִיא,,,"l’homme qui parle, un prophète",315,
H5031,נְבִיאָה,,,"prophétesse, femme prophète",6,
H5032,נְבָיוֹת,,,Nebajoth = «hauteurs»,5,
H5033,נֵ֫בֶךְ,,,source jaillissante,1,
H5034,נָבֵל,,,"(qal) flétrir, faner, s'épuiser, se fatiguer, perdre courage ; (piel) mépriser",25,2025-10-03T11:05:17.585Z
H5035,נֵ֫בֶל,,,"un sac en peau, une jarre, une cruche",38,
H5036,נָבָל,,,"sot, imbécile, insensé, bouffon",18,
H5037,נָבָל,,,"Nabal = «sot, insensé, rustre»",22,
H5038,נְבֵלָה,,,"carcasse, cadavre",48,
H5039,נְבָלָה,,,"être insensé, folie",13,
H5040,נַבְלוּת,,,"immodestie, impudence, impudicité, nudité (de la femme)",1,
H5041,נְבַלָּ֑ט,,,Neballath = «folie cachée»,1,
H5042,נָבַע,,,"couler, verser, jaillir, bouillonner, fermenter",11,
H5043,נֶבְרַשְׁתָּא,,,"support de lampe, chandelier",1,
H5044,נִבְשָׁן,,,Nibschan = «doux terroir»,1,
H5045,נֶ֫גֶב,,,"région du sud, le Nékeb",112,
H5046,נָגַד,,,"(hif.) déclarer, raconter, annoncer • (hof.) être raconté, être dit, être rapporté",371,2026-02-27T14:14:48.850Z
H5047,נְגַד,,,"(Pael) un courant, couler",1,
H5048,נֶ֫גֶד,,,devant,151,2025-10-20T11:59:33.515Z
H5049,נֶ֫גֶד,,,"en face de, faisant face à",1,
H5050,נָגַהּ,,,briller,6,
H5051,נֹ֫גַהּ,,,"éclat, brillance",19,
H5052,נֹ֫גַהּ,,,"Noga = « éclat, splendeur»",2,
H5053,נֹ֫גַהּ,,,"éclat, lumière du jour",1,
H5054,נְגֹהָה,,,"éclat, brillance",1,
H5055,נָגַח,,,"pousser, souffleter",11,
H5056,נַגָּח,,,"personne adonnée à frapper, sujet à percer",2,
H5057,נָגִיד,,,"chef, meneur, capitaine, prince",45,
H5058,נְגִינָה,,,"musique, chant, chant de reproche",14,
H5059,נָגַן,,,"jouer ou frapper des cordes, jouer d’un instrument à cordes",15,
H5060,נָגַע,,,"toucher, atteindre, frapper",150,
H5061,נֶ֫גַע,,,"coup, fléau, maladie, marque, plaie",78,
H5062,נָגַף,,,"frapper, battre",49,
H5063,נֶ֫גֶף,,,"coup, une frappe, une plaie",7,
H5064,נָגַר,,,"verser, couler, répandre",10,
H5065,נָגַשׂ,,,"presser, pousser, opprimer, pratiquer l’exaction, exercer une pression démesurée",23,
H5066,נָגַשׁ,,,"conduire vers, approcher de",125,
H5067,נֵד,,,un tas,6,
H5068,נָדַב,,,"inciter, forcer, rendre bien disposé",17,
H5069,נְדַב,,,"s’engager, offrir librement",4,
H5070,נָדָב,,,Nadab = «généreux»,20,
H5071,נְדָבָה,,,"volontairement, offrande volontaire",26,
H5072,נְדַבְיָה,,,Nedabia = «celui que l’Éternel force»,1,
H5073,נִדְבָּךְ,,,"rangée, couche, route (de pierres)",2,
H5074,נָדַד,,,"se retirer, s’enfuir, s’en aller, déménager, errer à l’étranger,être égaré, voltiger (pour des oiseaux)",28,
H5075,נְדַד,,,(P’al) s’enfuir,1,
H5076,נְדוּד,,,ballottement (d’assoupissement),1,
H5077,נָדָה,,,"(hif.) exclure, repousser, pousser de côté",2,
H5078,נֶ֑דֶה,,,don,1,
H5079,נִדָּה,,,"impureté, ordurier, immonde, menstruation",29,
H5080,נָדַח,,,"forcer, pousser, conduire au loin, bannir",55,
H5081,נָדִיב,,,"de bonne volonté, bien disposé, noble, généreux",28,
H5082,נְדִיבָה,,,"noblesse, noblement, actions nobles",1,
H5083,נָדָן,,,"don, cadeau",1,
H5084,נָדָן,,,étui,1,
H5085,נִדְנֵ֑ה,,,"étui, corps",1,
H5086,נָדַף,,,"conduire, pousser au loin, mettre en morceaux, dissiper",9,
H5087,נָדַר,,,"vouer, faire un vœu",31,
H5088,נֶ֫דֶר,,,"vœu, offrande votive",60,
H5089,נֹהַּ,,,distinction,1,
H5090,נָהַג,,,"conduire, mener, guider, emmener",31,
H5091,נָהָה,,,"gémir, se lamenter",3,
H5092,נְהִי,,,"gémissement, lamentation, chant de deuil",7,
H5094,נְהִיר,,,lumière,3,
H5095,נָהַל,,,"mener, donner du repos, conduire avec soin, guider vers un abreuvoir diriger vers un lieu de repos, rafraîchir",10,
H5096,נַהֲלֹל,,,Nahalal (Nahalol) = «pâturage»,3,
H5097,נַהֲלֹל,,,"pâturage, lieu pour abreuver, point d’eau",1,
H5098,נָהַם,,,"grogner, gémir",5,
H5099,נַ֫הַם,,,"grognement, rugissement",2,
H5100,נְהָמָה,,,"grognement, gémissement",2,
H5101,נָהַק,,,"(qal) braire, crier, hurler",2,
H5102,נָהַר,,,"briller, rayonner, allumer, brûler",6,
H5103,נְהַר,,,fleuve,15,
H5104,נָהָר,,,"courant, rivière, fleuve",119,
H5105,נְהָרָה,,,"lumière, lumière du jour",1,
H5106,נוּא,,,"empêcher, retenir, défendre, désapprouver, contenir, faire échouer",8,
H5107,נוּב,,,porter du fruit,4,
H5108,נִיב,,,fruit,2,2024-11-01T08:15:49.825Z
H5109,נוֹבָ֑י,,,Nébaï = «fructueux»,1,
H5110,נוּד,,,"secouer, vaciller, errer, aller çà et là, s’agiter, montrer du chagrin, avoir compassion de",24,
H5111,נוּד,,,(P’al) s’enfuir,1,
H5112,נוֹד,,,"l’errance, le vagabondage (du fugitif sans but)",1,
H5113,נוֹד,,,"Nod = «exil, fuite»",1,
H5114,נוֹדָ֑ב,,,Nodab = «noblesse»,1,
H5115,נָוָה,,,embellir,2,
H5116,נָוֶה,,,"demeure, habitation, maison de bergers ou troupeaux, pâturage",35,
H5117,נוּחַ,,,se reposer,142,
H5118,נוּחַ,,,lieu de repos,2,
H5119,נוֹחָה,,,Nocha = «repos»,1,
H5120,נוּט,,,"(qal) trembler, secouer, pendiller, tourner (autour)",1,
H5121,נָוִית,,,Najoth = «habitations»,6,
H5122,נְוָלוּ,,,"tas de déchets, tas de fumier",3,
H5123,נוּם,,,"être somnolent, sommeiller, s’endormir",6,
H5124,נוּמָה,,,"somnolence, assoupissement, indolence (figuré)",1,
H5125,נוּן,,,"continuer, augmenter, se propager",1,
H5126,נוּן,,,Nun = «poisson»,30,
H5127,נוּס,,,"s’enfuir, s’échapper",159,
H5128,נוּעַ,,,"trembloter, chanceler, secouer, trembler, errer, remuer, faire bouger, agiter",40,
H5129,נוֹעַדְיָה,,,Noadia = «rencontre avec l’Éternel»,2,
H5130,נוּף,,,"remuer çà et là, agiter",37,
H5131,נוֹף,,,"élévation, hauteur",1,
H5132,נָצַץ,,,"(qal) voler, s’enfuir",3,
H5133,נוֹצָה,,,"plumage, plumes",4,
H5134,נוּק,,,"(hif.) allaiter, nourrir un bébé",1,
H5135,נוּר,,,feu,17,
H5136,נוּשׁ,,,(qal) être malade,1,
H5137,נָזָה,,,"jaillir, éclabousser, asperger",24,
H5138,נָזִיד,,,"nourriture bouillie, soupe, potage",6,2026-02-20T14:18:08.575Z
H5139,נָזִיר,,,"consacré ou voué, Nazaréen, Naziréen",16,
H5140,נָזַל,,,"Couler, distiller, ruisseler, tomber",16,
H5141,נֶ֫זֶם,,,"anneau, anneau de nez, boucle d’oreille",17,
H5142,נְזַק,,,souffrir d’un préjudice,4,
H5143,נֶ֫זֶק,,,"préjudice, dommage",1,
H5144,נָזַר,,,"dédier, consacrer, séparer",10,
H5145,נָסָה,,,"consécration, couronne, séparation, Naziréat",25,
H5146,נֹחַ,,,"Noé = «repos, tranquillité»",46,
H5147,נַחְבִּי,,,Nachbi = «caché»,1,
H5148,נָחָה,,,"conduire, guider",39,
H5149,נְחוּם,,,Nehum = «consolation»,1,
H5150,נִחוּם,,,"consolation, consoler, compassion",3,
H5151,נַחוּם,,,"Nahum = «consolation, qui a compassion»",1,
H5152,נָחוֹר,,,"Nachor = «qui halète, qui renâcle»",18,
H5153,נָחוּשׁ,,,bronze,1,
H5154,נְחוּשָׁה,,,"cuivre, bronze",10,
H5155,נְחִילָה,,,sens incertain,1,
H5156,נָחִיר,,,narine,1,
H5157,נָחַל,,,"obtenir en possession, acquérir, hériter, posséder",59,
H5158,נַ֫חַל,,,"torrent, vallée, vallée de torrent",141,
H5159,נַחֲלָה,,,"possession, propriété, héritage",222,
H5160,נַחֲלִיאֵל,,,"Nahaliel = «vallée, torrent de Dieu»",2,
H5161,נֶחֱלָמִי,,,Néchélamite = «celui du songe»,3,
H5162,נָחַם,,,"(nif.) se repentir, avoir pitié, être consolé",108,
H5163,נַ֫חַם,,,Nacham = «consolation»,1,
H5164,נֹ֫חַם,,,"repentance, douleur",1,
H5165,נֶחָמָה,,,"consolation, réconfort",2,
H5166,נְחֶמְיָה,,,Néhémie = «l’Éternel a consolé»,8,
H5167,נַחֲמָנִי,,,"Nachamani = «miséricordieux, compatissant»",1,
H5168,נַ֫חְנוּ,,,nous,5,
H5169,נָחַץ,,,(qal) presser,1,
H5170,נַ֫חַר,,,action de renâcler,2,
H5171,נַחֲרַי,,,"Naharaï (Nachraï) = «renâclant, qui henni»",2,
H5172,נָחַשׁ,,,"pratiquer la divination, deviner, observer les signes, apprendrepar expérience, observer attentivement, dire la bonne aventure, prendre en présage",11,
H5173,נַ֫חַשׁ,,,"divination, enchantement",2,
H5174,נְחָשׁ,,,"cuivre, bronze",9,
H5175,נָחָשׁ,,,"serpent, reptile",31,
H5176,נָחָשׁ,,,Nachasch = «serpent»,10,
H5177,נַחְשׁוֹן,,,Nachschon = «serpent»,10,
H5178,נְחֹ֫שֶׁת,,,"cuivre, bronze",140,
H5179,נְחֻשְׁתָּא,,,"Nehuschtha = «cuivre, bronze»",1,
H5180,נְחֻשְׁתָּן,,,Nehuschtan = «un morceau d’airain»,1,
H5181,נָחֵת,,,descendre,11,
H5182,נְחֵת,,,descendre,6,
H5183,נַ֫חַת,,,"repos, tranquillité",7,
H5184,נַ֫חַת,,,"Nahath (Nachath) = «repos, tranquillité»",5,
H5185,נָחֵת,,,qui descend,1,
H5186,נָטָה,,,"étendre, étirer, lancer, tourner, détourner, pervertir, incliner, plier, courber",214,
H5187,נָטִיל,,,chargé,1,
H5188,נְטִיפָה,,,une goutte,2,
H5189,נְטִישָׁה,,,"brindille, vrille, rameaux d’une vigne (qui s’étendent)",3,
H5190,נָטַל,,,"lever, supporter, soutenir",4,
H5191,נְטַל,,,lever,2,
H5192,נֵ֫טֶל,,,"fardeau, poids, pesant",1,
H5193,נָטַע,,,"planter, attacher, fixer, établir",58,
H5194,נֶ֫טַע,,,"plantation, un plant, une plante",4,
H5195,נָטִיעַ,,,plante (figuré de fils vigoureux),1,
H5196,נְטָעִים,,,un lieu en Palestine,1,
H5197,נָטַף,,,"tomber (en gouttes), dégoutter, distiller, prophétiser, prêcher, discourir",18,
H5198,נָטָף,,,goutte,2,
H5199,נְטֹפָה,,,Nethopha = «tombant goutte à goutte»,2,
H5200,נְטֹפָתִי,,,Nethophatien = voir Nethopha «tombant goutte à goutte»,11,
H5201,נָטַר,,,"garder, tenir en garde, réserver, maintenir",9,
H5202,נְטַר,,,(P’al) continuer à,1,
H5203,נָטַשׁ,,,"laisser, permettre, abandonner, jeter au loin, rejeter, souffrir, joindre, être perdu, cesser, abandonner, quitter,",40,
H5204,נִי,,,gémissement,1,
H5205,נִיד,,,tremblotement (mouvement) de lèvres,1,
H5206,נִידָה,,,"impur, sale, immonde, impureté",1,
H5207,נִיחֹחַ,,,"calmant, agréable, tranquillisant",43,
H5208,נִיחוֹחַ,,,"calmant, tranquillisant",2,
H5209,נִין,,,"descendance, postérité",3,
H5210,נִינְוֵה,,,Ninive = «habitation de Ninus»,17,
H5212,נִיסָן,,,Nisan = «commencement»,2,
H5213,נִיצוֹץ,,,étincelle,1,
H5214,נִיר,,,"(qal) briser, labour ou culture récente",2,
H5215,נִיר,,,"sol labourable ou sans sillon, en jachère",3,
H5216,נֵר,,,lampe,49,
H5217,נָכָא,,,"(nif.) frapper, châtier, battre",1,2025-07-10T14:41:21.004Z
H5218,נָכֵא,,,frappé,4,
H5219,נְכֹאת,,,une épice,2,
H5220,נֶ֫כֶד,,,"progéniture, postérité",3,
H5221,נָכָה,,,"(nif.) être battu, être frappé ; (pual) être frappé ; (hif.) battre, frapper, vaincre, heurter",500,2026-02-20T14:21:45.998Z
H5222,נֵכֶה,,,"frappé, battu",1,
H5223,נָכֵה,,,"frappé, battu, abattu",3,
H5224,נְכוֹ,,,Néco = «boiteux»,8,
H5225,נָכוֹן,,,Nacon = «préparé»,1,
H5227,נֹ֫כַח,,,être en face de,25,
H5228,נָכֹחַ,,,"droit, juste, droiture, être en face de",4,
H5229,נְכֹחָה,,,"être en face de, droit, juste, droiture",4,
H5230,נָכַל,,,"(qal) tricher ; (piel) tromper, duper ; (hitp.) intriguer",4,2024-11-01T08:15:49.825Z
H5231,נֵ֫כֶל,,,"ruse, charme, habileté, friponnerie",1,
H5232,נְכַס,,,"richesse, propriété",2,
H5233,נֶ֫כֶס,,,"richesse, trésors",5,
H5234,נָכַר,,,"reconnaître, avoir connaissance de, respecter, discerner, égard",49,
H5235,נֶ֫כֶר,,,"calamité, désastre, malheur",2,
H5236,נֵכָר,,,"étranger, ce qui est étranger",36,
H5237,נׇכְרִי,,,étranger,45,2024-12-06T09:43:36.000Z
H5238,נְכֹת,,,trésor,2,
H5239,נָלָה,,,"(hif.) compléter, amener à une fin",1,
H5240,נְמִבְזֶה,,,"vil, méprisé, dédaigné, tenu dans le mépris",1,
H5241,נְמוּאֵל,,,Nemuel = «jour de Dieu»,3,
H5242,נְמוּאֵלִי,,,Nemuélites = voir Nemuel «jour de Dieu»,1,
H5243,מָלַל,,,"(qal) circoncire, devenir coupé, être circoncis, être fauché",4,
H5244,נְמָלָה,,,fourmi,2,
H5245,נְמַר,,,léopard,1,
H5246,נָמֵר,,,léopard,6,
H5247,נִמְרָה,,,Nimra = «limpide»,1,
H5248,נִמְרֹד,,,Nimrod = «rebelle»,4,
H5249,נִמְרִים,,,Nimrim = «limpide»,2,
H5250,נִמְשִׁי,,,Nimschi = «délivré»,5,
H5251,נֵס,,,"quelque chose de levé, étendard, signal, perche pour signal, enseigne, bannière, voile",21,
H5252,נְסִבָּה,,,tournure d’affaires,1,
H5253,נָסַג,,,"déplacer, apostasier, aller, revenir en arrière, être rétrograde",9,
H5254,נָסָה,,,"essayer, éprouver, tenter, passer au contrôle",36,
H5255,נָסַח,,,retirer ou déchirer,4,
H5256,נְסַח,,,tirer ou arracher,1,
H5257,נָסִיךְ,,,"déversé, libation, image moulée, celui qui est oint",6,
H5258,נָסַךְ,,,"verser, répandre, offrir, fondre",25,
H5259,נָסַךְ,,,(qal) tisser,1,
H5260,נְסַךְ,,,"verser, répandre, offre un sacrifice",1,
H5261,נְסַךְ,,,"quelque chose de versé, libation, offrande de boisson, offrande delibation",1,
H5262,נֶ֫סֶךְ,,,"offrande de boisson, libation, idole en métal fondu, quelque chose de versé ou répandu",64,
H5263,נָסַס,,,(qal) être malade,1,
H5264,נָסַס,,,être levé (sens douteux),2,
H5265,נָסַע,,,"retirer, extraire, voyager, déplacer, quitter",146,
H5266,סָלֵק,,,(qal) monter,1,
H5267,נְסַק,,,"monter, revenir",1,
H5268,נִסְרֹךְ,,,Nisroc = «le grand aigle»,2,
H5269,נֵעָה,,,Néa = «qui secoue»,1,
H5270,נֹעָה,,,Noa = «mouvement»,4,
H5271,נְעוּרִים,,,"jeunesse, la première vie",47,
H5272,נְעִיאֵל,,,Neïel = «mis en agitation par Dieu»,1,
H5273,נָעִים,,,"plaisant, agréable, charmant, doux, charmant",13,
H5274,נָעַל,,,"barrer, fermer à clef, verrouiller",8,
H5275,נַ֫עַל,,,"sandale, chaussure, soulier",22,
H5276,נָעֵם,,,"(qal) être plaisant, être beau, être doux, être charmant, être adorable",8,
H5277,נָ֑עַם,,,"Naam = «agréable, douceur, charme»",1,
H5278,נֹ֫עַם,,,"bonté, gentillesse, charme, beauté, faveur",7,
H5279,נַעֲמָה,,,"Naama = «douce, enjouée, charmante»",5,
H5280,נַעֲמִי,,,"Naamanites = voir Naama «beauté, charme»",1,
H5281,נׇעֳמִי,,,Naomi = «ma gracieuse»,21,
H5282,נַעֲמָן,,,"attrait, agrément",1,
H5283,נַעֲמָן,,,Naaman = «agréable»,16,
H5284,נַעֲמָתִי,,,De Naama = voir Naama «agréable»,4,
H5285,נַעֲצוּץ,,,buisson d’épines,2,
H5286,נָעַר,,,(qal) grogner,1,
H5287,נָעַר,,,"secouer, déployer, bien secouer, se débarrasser",11,
H5288,נַ֫עַר,,,"garçon, jeune homme ; serviteur, jeune guerrier",239,2025-07-17T13:20:01.017Z
H5289,נַ֫עַר,,,"un déploiement, une dispersion",1,
H5290,נֹ֫עַר,,,"jeunesse, première jeunesse, première vie",4,
H5291,נַעֲרָה,,,"jeune fille, demoiselle, servante",63,
H5292,נַעֲרָה,,,Naara (ou Naaratha) = «jeune fille»,4,
H5293,נַעֲרַי,,,"Naaraï = «serviteur, agréable à l’Éternel»",1,
H5294,נְעַרְיָה,,,Nearia = «serviteur de l’Éternel»,3,
H5295,נַעֲרָן,,,Naaran = «juvénile»,1,
H5296,נְעֹ֫רֶת,,,"un toron de lin, étoupe (provenant de lin battu)",2,
H5297,"נֹף, מֹף",,,Noph = «porte du béni»,7,
H5298,נֶ֫פֶג,,,"Népheg = «pousse, rejeton»",4,
H5299,נָפָה,,,"un endroit élevé, une hauteur",2,
H5300,"נְפִישְׁסִים, נפיסים",,,Nephischsim ou Nephusim = «rafraîchi d’épices»,1,
H5301,נָפַח,,,"(qal) souffler, haleter ; (pual) être attisé ; (hif.) faire rendre l'âme, souffler en signe de mépris",12,2024-11-01T08:15:49.825Z
H5302,נֹ֫פַח,,,Nophach = «enflammé»,1,
H5303,נְפִלִים,,,"géants, les «Nephilim»",3,
H5304,נְפִיסִים,,,"Nephusim, Nephischsim = « épices éparpillées»",1,
H5305,נָפִישׁ,,,Naphisch = «rafraîchissement»,3,
H5306,נֹ֫פֶךְ,,,une pierre précieuse du pectoral du souverain sacrificateur,4,
H5307,נָפַל,,,"(qal) tomber, être couché, être jeté à bas, échouer",435,
H5308,נְפַל,,,tomber,11,
H5309,נֵ֫פֶל,,,"naissance prématurée, avortement, fausse couche",3,
H5310,נָפַץ,,,"briser, rompre, détruire, mettre en morceaux",22,
H5311,נֶ֫פֶץ,,,orage qui emporte tout,1,
H5312,נְפַק,,,"venir ou sortir de, être apporté",11,
H5313,נִפְקָא,,,"un débours, une dépense, des frais",2,
H5314,נָפַשׁ,,,"(nif.) reprendre son souffle, se rafraîchir",3,
H5315,נֶ֫פֶשׁ,,,"âme, une personne, la vie, créature, appétit, esprit, être vivant, désir, émotion, passion",754,
H5316,נֶ֫פֶת,,,hauteur,3,
H5317,נֹ֫פֶת,,,"miel qui coule, rayon de miel",5,
H5318,נֶפְתּוֹחַ,,,Nephthoach = «ouverture»,2,
H5319,נַפְתּוּלִים,,,luttes,1,
H5320,נַפְתֻּחִים,,,Naphtuhim = «ouvertures»,2,
H5321,נַפְתָּלִי,,,"Nephtali = «lutte, mon combat»",51,
H5322,נֵץ,,,fleur,4,
H5323,נָצָא,,,(qal) voler,1,
H5324,נָצַב,,,"se tenir, tenir droit, être fixé, établir",75,
H5325,נִצָּב,,,"manche, poignée, garde (de l’épée)",1,
H5326,נִצְבָּה,,,fermeté,1,
H5327,נָצָה,,,(qal) voler,11,
H5328,נִצָּה,,,fleur,2,
H5329,נָצַח,,,"(nif.) être opiniâtre, persister ; (piel) surveiller, inspecter, chef? (suscription de Ps., sens inc.)",65,2025-03-05T10:08:34.000Z
H5330,נְצַח,,,"(Itpael) exceller, se distinguer",1,
H5331,נֵ֫צַח,,,"éminence, perpétuité, force, victoire, durable, éternité",43,
H5332,נֵ֫צַח,,,jus,2,
H5333,נְצִיב,,,"mis au-dessus, quelque chose de placé, un pilier, un préfet, unegarnison, un poste",11,
H5334,נְצִיב,,,Netsib = «garnison»,1,
H5335,נְצִיחַ,,,Netsiach = «illustre»,2,
H5337,נָצַל,,,"(piel) arracher, dépouiller, piller, (nif.) être délivré, se délivrer, (hif.) délivrer, sauver",213,2025-03-28T09:22:39.000Z
H5338,נְצַל,,,"(Afel) récupérer, dégager, retirer, délivrer",3,
H5339,נִצָּן,,,fleur,1,
H5340,נָצַץ,,,"(qal) briller, étinceler",1,
H5341,נָצַר,,,"garder, veiller, surveiller, garder",63,
H5342,נֵ֫צֶר,,,"pousse, rejeton, branche (toujours au figuré)",4,
H5343,נְקֵא,,,"propre, pur",1,
H5344,נָקַב,,,"percer, perforer, forer, désigner, fixer, nommer",19,
H5345,נֶ֫קֶב,,,"rainure, douille, trou, cavité, garnitures",1,
H5346,הַנֶּ֫קֶב,,,"Nékeb = «caverne, creux, passage étroit»",1,
H5347,נְקֵבָה,,,femelle,22,
H5348,נָקֹד,,,"tacheté, marqué de points",9,
H5349,נֹקֵד,,,"éleveur de brebis, vendeur de brebis, berger",2,
H5350,נִקּוּד,,,"chose qui s’émiette facilement, miettes",3,
H5351,נְקֻדָּה,,,"point, goutte",1,
H5352,נָקָה,,,"être vide, être clair, être pur, être libre, être innocent, être dégagé, être retranché",44,
H5353,נְקוֹדָא,,,"Nekoda = «qui se distingue, moucheté»",4,
H5354,נָקַט,,,"détester, être chagriné, ressentir un dégoût",1,
H5355,נָקִי,,,"pur, innocent ; dégagé, exempté, dispensé",43,2025-07-16T13:10:00.000Z
H5356,נִקָּיוֹן,,,innocence,5,
H5357,נָקִיק,,,fente (d’un rocher),3,
H5358,נָקַם,,,"venger, tirer vengeance, se venger, être vengé, être puni",35,
H5359,נָקָם,,,vengeance,17,
H5360,נְקָמָה,,,vengeance,27,
H5361,נָקַע,,,"(qal) être étranger, être aliéné",3,
H5362,נָקַף,,,frapper,19,
H5363,נֹ֫קֶף,,,"frapper, remuer",2,
H5364,נִקְפָּה,,,"longe, attache, corde, corde qui entoure",1,
H5365,נָקַר,,,"forer, cueillir, creuser, retirer",6,
H5366,נְקָרָה,,,"trou, crevasse",2,
H5367,נָקַשׁ,,,"frapper, battre, mettre à terre",5,
H5368,נְקַשׁ,,,cogner (des genoux),1,
H5369,נֵר,,,Ner = «lampe»,17,
H5370,נֵרְגָּ֑ל,,,Nergal = «héros»,1,
H5371,נֵרְגַּל שַׁרְאֶ֫צֶר,,,Nergal-Scharetser = «prince de feu»,9,
H5373,נֵרְדְּ,,,"roseau aromatique, nard",3,
H5374,נֵרִיָהוּ,,,Nérija = «lampe de l’Éternel»,10,
H5375,נָשָׂא,,,"lever, porter, supporter, transporter, prendre",656,
H5376,נְשָׂא,,,"lever, porter, prendre, transporter",3,
H5377,נָשָׁא,,,"tromper, séduire, décevoir",16,
H5378,נָשָׁא,,,"prêter avec intérêt ou usure, être un créancier",3,
H5379,נִשֵּׂאת,,,"don, présent, portion (comme quelque chose de pris)",1,
H5380,נָשַׁב,,,souffler,3,
H5381,נָשַׂג,,,"(hif.) atteindre, rattraper, avoir la main sur",50,2024-11-01T08:15:49.825Z
H5382,נָשָׁה,,,"oublier, priver",6,
H5383,נָשָׁה,,,"prêter, être un créancier",12,
H5384,נָשֶׁה,,,"veine, nerf, tendon (dans la cuisse)",2,
H5385,נְשׂוּאָה,,,"ce qui est porté ou transporté, une charge",1,
H5386,נְשִׁי,,,dette,1,
H5387,נָשִׂיא,,,"quelqu’un d’élevé, un chef, un prince, un capitaine",134,
H5388,נְשִׁיָּה,,,oubli,1,
H5389,נְשִׁין,,,épouses,1,
H5390,נְשִׁיקָה,,,baiser,2,
H5391,נָשַׁךְ,,,"mordre, faire une morsure",16,
H5392,נֶ֫שֶׁךְ,,,"intérêt, usure",12,
H5393,נִשְׁכָּה,,,"chambre, pièce, cellule",3,
H5394,נָשַׁל,,,"glisser, tomber, chasser, renvoyer",7,
H5395,נָשַׁם,,,haleter,1,
H5396,נִשְׁמָא,,,"souffle, esprit",1,
H5397,נְשָׁמָה,,,"souffle, esprit",24,
H5398,נָשַׁף,,,(qal) souffler,2,
H5399,נֶ֫שֶׁף,,,crépuscule,12,
H5400,שָׂלַק,,,"allumer, brûler",3,
H5401,נָשַׁק,,,"mettre ensemble, embrasser",35,
H5402,נֶ֫שֶׁק,,,"équipement, armes, arsenal, salle d’armes",10,
H5403,נְשַׁר,,,"aigle, vautour",2,
H5404,נֶשֶׁר,,,"aigle, vautour",26,
H5405,נָשַׁת,,,"être sec, être desséché",3,
H5406,נִשְׁתְּוָן,,,lettre,2,
H5407,נִשְׁתְּוָן,,,lettre,3,
H5408,נָתַח,,,"couper, découper, couper en morceaux, diviser, partager",9,
H5409,נֵ֫תַח,,,"morceau, un morceau de chair ou de viande",13,
H5410,נְתִיבָה,,,"foulé avec les pieds, sentier, chemin",26,
H5411,נְתִינִים,,,Néthiniens= «les donnés»,17,
H5412,נְתִין,,,Néthiniens,1,
H5413,נָתַךְ,,,"verser, répandre, tomber (ou pleuvoir), être versé, être répandu,être fondu",21,
H5414,נָתַן,,,"donner, mettre, poser",2011,
H5415,נְתַן,,,donner,7,
H5416,נָתָן,,,Nathan = «il (Dieu) a donné»,42,
H5417,נְתַנְאֵל,,,Nethaneel = «don de Dieu»,14,
H5418,נְתַנְיָ֫הוּ,,,Nethania = «don de l’Éternel»,20,
H5419,נְתַן־מֶ֫לֶךְ,,,Nethan-Mélec = «le don du (divin) roi»,2,
H5420,נָתַס,,,"déchirer, briser",1,
H5421,נָתַע,,,"rompre, briser, casser",1,
H5422,נָתַץ,,,"renverser, briser, jeter à bas, abattre, détruire, vaincre, arracher (des dents)",42,
H5423,נָתַק,,,"tirer ou déchirer ou retirer ou mettre à part, extraire, arracher, briser, enlever, déraciner",27,
H5424,נֶ֫תֶק,,,"croûte, gale, éruption sur la peau, écaille (de lèpre)",14,
H5425,נָתַר,,,"tressaillir, trembler, secouer, jaillir",8,
H5426,נְתַר,,,"dépouiller, dénuder",1,
H5427,נֶ֫תֶר,,,"nitrate, nitre, soude, carbonate de soude",2,
H5428,נָתַשׁ,,,"retirer, expulser, déraciner, arracher",21,
H5429,סְאָה,,,un type de mesure de produits secs (farine ou grain),9,
H5430,סְאוֹן,,,"sandale, bottine (de soldat)",1,
H5431,סָאַן,,,"(qal) marcher, cheminer",1,
H5432,סֵאסֵא,,,mesure,1,
H5433,סָבָא,,,"boire amplement ou grandement, absorber",5,
H5434,סְבָא,,,"Saba = «homme, boisson»",4,
H5435,סֹ֫בֶא,,,"boisson, liqueur, vin",3,
H5436,סְבָאִים,,,Sabéens = «ivrognes»,2,
H5437,סָבַב,,,"Tourner, tourner autour, faire le tour ; entourer, environner ; occasionner",161,2025-07-10T14:29:53.365Z
H5438,סִבָּה,,,"tournure d’événements, d’affaires",1,
H5439,סָבִיב,,,"lieux qui sont autour, les environs",336,
H5440,סָבַךְ,,,entrelacer,2,
H5441,סְבֹךְ,,,fourré,1,
H5442,סְבַךְ,,,un fourré,4,
H5443,שַׂבְּכָא,,,instrument de musique,4,
H5444,סִבְּכַי,,,Sibbecaï = «tisserand»,4,
H5445,סָבַל,,,"porter, supporter une charge, se traîner le long",9,
H5446,סְבַל,,,porter une charge,1,
H5447,סֵ֫בֶל,,,"charge, fardeau",3,
H5448,סֹ֫בֶל,,,"fardeau, charge",3,
H5449,סַבָּל,,,porteurs de fardeaux,5,
H5450,סִבְלָה,,,"fardeau, travail forcé, service obligatoire, port de charges",6,
H5451,סִבֹּלֶת,,,an épi de grain ou blé,1,
H5452,סְבַר,,,"penser, avoir l’intention de, destiner à",1,
H5453,סִבְרַ֫יִם,,,Sibraïm = «double espérance»,1,
H5454,סַבְתָּה,,,"Sabta = «frappant, qui fait une brèche»",2,
H5455,סַבְתְּכָא,,,"Sabteca = «frappant, qui bat»",2,
H5456,סָגַד,,,(qal) se prosterner (en adoration),5,
H5457,סְגִ֑ד,,,"se prosterner, rendre hommage, adorer",12,
H5458,סְגוֹר,,,"enclos, enveloppe, or fin",2,
H5459,סְגֻלָּה,,,"possession, propriété",8,
H5460,סְגַן,,,"préfet, gouverneur",5,
H5461,סָגָן,,,"souverain, préfet, gouverneur, un dirigeant subordonné",17,
H5462,סָגַר,,,"fermer, clore",91,
H5463,סְגַר,,,fermer,1,
H5464,סַגְרִיר,,,pluie soutenue ou persistante,1,
H5465,סַד,,,"fers, entraves (pour les pieds)",2,
H5466,סָדִין,,,enveloppe de toile,4,
H5467,סְדֹם,,,Sodome = «qui brûle»,39,
H5468,סֵ֫דֶר,,,"arrangement, ordre",1,
H5469,סַ֫הַר,,,rondeur,1,
H5470,סֹ֫הַר,,,"maison de rondeur, dunette, prison",8,
H5471,סוֹא,,,So = «caché»,1,
H5472,סוּג,,,"bouger, aller, retourner, revenir sur ses pas",14,
H5473,סוּג,,,clôturer,1,
H5474,סוּגַר,,,"cage, prison",1,
H5475,סוֹד,,,"conseil, assemblée",21,
H5476,סוֹדִי,,,Sodi = «mon conseil secret (est l’Éternel)»,1,
H5477,סוּחַ,,,Suach = «balayures»,1,
H5478,סוּחָה,,,déchets,1,
H5479,סוֹטַי,,,Sothaï = «l’Éternel s’en détourne»,2,
H5480,סוּךְ,,,"oindre, verser avec une onction",9,
H5481,סוּמְפּוֹנְיָה,,,"un instrument de musique, instrument à vent, cornemuse",3,
H5482,סְוֵנֵה,,,Syène = «ouverture»,2,
H5483,סוּס,,,"cheval, coursier ; hirondelle ou grue",140,2025-03-06T10:14:20.000Z
H5484,סוּסָה,,,jument,1,
H5485,סוּסִי,,,Susi = «cavalier»,1,
H5486,סוּף,,,"cesser, arriver à une fin",7,
H5487,סוּף,,,"être accompli, être complet, arriver au but",2,
H5488,סוּף,,,"roseau, jonc, plante aquatique, algue",28,
H5489,סוּף,,,"Suph = «mauvaise herbe de la mer, algue»",1,
H5490,סוֹף,,,"fin, conclusion",5,
H5491,סוֹף,,,"fin, conclusion",5,
H5492,סוּפָה,,,"Supha = «rayon de miel», «débordement»",16,
H5493,סוּר,,,"détourner, partir, s’en aller",300,
H5494,סוּר,,,dégénérer,2,
H5495,סוּר,,,"Sur = «tournant de côté, dégénérant»",1,
H5496,סוּת,,,"inciter, instiguer, séduire, attirer",18,
H5497,סוּת,,,vêtement,1,
H5498,סָחַב,,,(qal) traîner,5,
H5499,סְחָבָה,,,"chiffon, torchon (étoffe qui est traînée)",2,
H5500,סָחָה,,,râcler,1,
H5501,סְחִי,,,mépris,1,
H5502,סָחַף,,,"prostré, abattu",2,
H5503,סָחַר,,,"parcourir, aller, voyager, aller faire du commerce",21,
H5504,סַחַר,,,"négoce, gain, profit, gain provenant de vente de marchandises",7,
H5506,סְחֹרָה,,,"marchandise, produits de commerce",1,
H5507,סֹחֵרָה,,,bouclier,1,
H5508,סֹחֶ֫רֶת,,,une pierre utilisée pour le pavage (avec le marbre),1,
H5509,סִיג,,,déplacement en arrière ou au loin,8,
H5510,סִיוָן,,,Sivan = «leur couverture»,1,
H5511,סִיחוֹן,,,Sihon = «guerrier»,37,
H5512,סִין,,,Sin = « épine»,6,
H5513,סִינִי,,,"Siniens = voir Sin « épine» ou «argile», «falaise»",2,
H5514,סִינַי,,,Sinaï = « épineux»,35,
H5515,סִינִים,,,"Sinim = « épines», «qui habite les marais»",1,
H5516,סִיסְרָא,,,"Sisera = «déploiement, champ de bataille»",21,
H5517,סִיעָא,,,Sia ou Siaha = «assemblée»,2,
H5518,סִיר,,,pot,34,
H5519,סַךְ,,,"foule, multitude, attroupement",1,
H5520,סֹךְ,,,"fourré, tanière, repaire, cabane",4,
H5521,סֻכָּה,,,"cabane, abri, tente",31,2025-07-01T11:55:35.000Z
H5522,סִכּוּת,,,Sikkuth = «tente»,1,
H5523,סֻכּוֹת,,,"Succoth = «baraques, cabanes, huttes»",18,
H5524,סֻכּוֹת בְּנוֹת,,,Succoth-Benoth = «l’abri pour les filles»,2,
H5525,סֻכִּיִּים,,,Sukkiens = «qui demeurent dans des cabanes»,1,
H5526,סָכַךְ,,,"(qal) clore d’une haie, enclore, enfermer",24,
H5527,סְכָכָה,,,"Secaca = «haie, enclos»",1,
H5528,סָכַל,,,"être sot, insensé, bouffon",8,
H5529,סֶ֫כֶל,,,folie,1,
H5530,סָכָל,,,"insensé, sot",7,
H5531,שִׂכְלוּת,,,"folie, stupidité",7,
H5532,סָכַן,,,être utile ou profitable,12,
H5533,סָכַן,,,courir un danger,2,
H5534,סָכַר,,,"fermer, arrêter",3,
H5535,סָכַת,,,être silencieux,1,
H5536,סַל,,,"corbeille, panier",15,
H5537,סָלָא,,,"peser, comparer",1,
H5538,סִלָּא,,,Silla = «une grande route»,1,
H5539,סָלַד,,,"(piel) sauter, bondir, jaillir, sauter de joie",1,
H5540,סֶ֫לֶד,,,"Séled = «exultation, triomphe»",2,
H5541,סָלָה,,,"faire la lumière sur, jeter de côté",4,
H5542,סֶ֫לָה,,,"élever, exalter",74,
H5543,סַלוּא,,,Sallu ou Salu ou Sallaï = «pesé»,6,
H5544,סַלּוֹן,,,"ronces, épine",2,
H5545,סָלַח,,,"pardonner, donner le pardon",46,
H5546,סַלָּח,,,"prêt à pardonner, qui pardonne",1,
H5547,סְלִיחָה,,,le pardon,3,
H5548,סַלְכָה,,,Salca = «migration»,4,
H5549,סָלַל,,,"élever, exalter, frayer",12,
H5550,סֹלְלָה,,,tertre,11,
H5551,סֻלָּם,,,échelle,1,
H5552,סַלְסִלָּה,,,panier,1,
H5553,סֶ֫לַע,,,rocher,58,2024-12-05T11:09:58.000Z
H5554,סֶ֫לַע,,,Séla = «le rocher»,4,
H5555,סֶלַע הַמַּחְלְקוֹת,,,Séla-Hammachlekoth = «le rocher de l’évasion»,2,
H5556,סׇלְעָם,,,sauterelle,1,
H5557,סָלַף,,,"tordre, pervertir, déformer, renverser, ruiner",7,
H5558,סֶ֫לֶף,,,"tortuosité, perversité, action tordue",2,
H5559,סְלֵק,,,"monter, venir",7,
H5560,סֹ֫לֶת,,,"farine fine, fleur de farine",53,
H5561,סַם,,,épice,16,
H5562,סַמְגַּר נְבוֹ,,,Samgar-Nebu = « épée de Nebo»,2,
H5563,סְמַדֵר,,,"fleur de la vigne, bourgeon du raisin",3,
H5564,סָמַךְ,,,"s’appuyer sur, poser, se reposer, soutenir, mettre, appuyer sur",48,
H5565,סְמַכְיָהוּ,,,Semaeja = «l’Éternel a soutenu»,1,
H5566,סֶ֫מֶל,,,"image, statue, idole",5,
H5567,סָמַן,,,marquer,1,
H5568,סָמַר,,,"se hérisser, frissonner",2,
H5569,סָמָר,,,"hérissé, avoir le poil raide, rude",1,
H5570,סְנָאָה,,,"Senaa = « épineux, piquant»",4,
H5571,סַנְבַלַּט,,,Sanballat = «Sin (dieu lunaire) a donné la vie»,10,
H5572,סְנֶה,,,"un buisson, un fourré épineux, piquant",6,
H5573,סֶ֑נֶּה,,,Séné = « épineux»,1,
H5574,סְנוּאָה,,,"Senua, Assenua = «hérissé»",1,
H5575,סַנְוֵרִים,,,cécité soudaine,3,
H5576,סַנְחֵרִיב,,,Sanchérib = «Sin (dieu lunaire) a multiplié les frères»,13,
H5577,סַנְסִנִּים,,,"branche, tige (de palmier dattier)",1,
H5578,סַנְסַנָּה,,,Sansanna = «branche de palmier»,1,
H5579,סְנַפִּיר,,,nageoire,5,
H5580,סָ֑ס,,,"une mite, la teigne des étoffes (tinea), gerce",1,
H5581,סִסְמַי,,,Sismaï = «l’Éternel est distingué»,2,
H5582,סָעַד,,,"supporter, soutenir, rester, établir, fortifier, consoler",12,
H5583,סְעַד,,,"(Afel) supporter, soutenir",1,
H5584,סָעָה,,,"(qal) ruée, coup (de vent d’orage)",1,
H5585,סָעִיף,,,"fente, branche",6,
H5586,סָעַף,,,"(piel) couper, briser, diviser",1,
H5587,סְעִפָּה,,,"ambivalence, division, opinion divisée",3,
H5588,סֵעֵף,,,"ambivalent, divisé, au cœur partagé",1,
H5589,סְעַפָּה,,,"rameau, branche",2,
H5590,סָעַר,,,"tempêter, faire rage",7,
H5591,סְעָרָה,,,"tempête, orage, tourbillon",24,
H5592,סַף,,,"bassin, gobelet, coupe",32,
H5593,סַף,,,Saph = «grand»,1,
H5594,סָפַד,,,"gémir, se lamenter, pleurer",30,
H5595,סָפָה,,,"balayer ou jeter au loin, attraper, détruire, consumer",19,
H5596,סָפַח,,,"joindre, attacher à, se joindre ensemble",6,
H5597,סַפַּ֫חַת,,,"éruption, croûte, lésion",2,
H5598,סִפַּי,,,Sippaï = «seuil»,1,
H5599,סָפִיחַ,,,effusion,5,
H5600,סְפִינָה,,,"navire, vaisseau",1,
H5601,סַפִּיר,,,"saphir, lapis lazuli",11,
H5602,סֵ֫פֶל,,,"coupe, cuvette, bassin",2,
H5603,סָפַן,,,"couvrir, recouvrir de planches, lambrisser ; réserver",6,2024-12-06T09:28:32.000Z
H5604,סִפֻּן,,,"couvrir, recouvrir, lambrisser",1,
H5605,סָפַף,,,(Hitpoel) se tenir sur le seuil ou garder la porte,1,
H5606,סָפַק,,,"applaudir, claquer",10,
H5607,שֵׂ֫פֶק,,,"frapper dans ses mains, se moquer, moquerie, mépriser",2,
H5608,סָפַר,,,"compter, dénombrer, relater",159,
H5609,סְפַר,,,livre,5,
H5610,סְפָר,,,"recensement, énumération, comptage",1,
H5611,סְפָר,,,Sephar = «qui dénombre»,1,
H5612,סֵ֫פֶר,,,livre,186,
H5613,סָפִר,,,"scribe, secrétaire",8,
H5614,סְפָרַ֑ד,,,"Sepharad = «séparé, démembré»",1,
H5615,סְפֹרָה,,,"nombre, numéro",1,
H5616,סְפַרְוִי,,,De Sepharvaïm = «énumération»,1,
H5617,סְפַרְוַ֫יִם,,,Sepharvaïm = «les deux séparés»,6,
H5618,סֹפֶ֫רֶת,,,"Sophéreth = «un écrit, enseignement»",2,
H5619,סָקַל,,,"lapider (à mort), mettre à mort par jet de pierres",22,
H5620,סַר,,,"opiniâtre, implacable, rebelle, rancunier, maussade, renfrogné",3,
H5621,סָרָב,,,"ronces, rebelle",1,
H5622,סַרְבָּל,,,"manteau, pardessus",2,
H5623,סַרְגוֹן,,,Sargon = «prince du soleil»,1,
H5624,סֶ֫רֶד,,,Séred = «crainte»,2,
H5625,סַרְדִּי,,,"Sardites = voir Séred «effroi, crainte»",1,
H5626,סִּרָה,,,Sira = «qui se détourne»,1,
H5627,סָרָה,,,"apostasie, défection, retournement, retrait",8,
H5628,סָרַח,,,"Aller librement, ne pas être restreint, excéder, faire saillie, aller vers la volupté",7,
H5629,סֶ֫רַח,,,"excès, surplus, excédent",1,
H5630,סִרְיֹן,,,armure,2,
H5631,סָרִיס,,,eunuque,42,
H5632,סָרֵךְ,,,"chef, préposé, surveillant",5,
H5633,סֶ֫רֶן,,,"seigneur, souverain, tyran",22,
H5634,סַרְעַפָּה,,,"branche, rameau",1,
H5635,סָרַף,,,(piel) brûler,1,
H5636,סִרְפָּד,,,une plante du désert non identifiée,1,
H5637,סָרַר,,,"se rebeller, être obstiné, être rebelle, être réfractaire",17,
H5638,סְתָיו,,,"hiver, saison pluvieuse",1,
H5639,סְתוּר,,,Sethur = «caché»,1,
H5640,סָתַם,,,"arrêter, fermer, tenir fermé",14,
H5641,סָתַר,,,"cacher, dissimuler",81,
H5642,סְתַר,,,"(Pael) cacher, dissimuler à la vue",2,
H5643,סֵ֫תֶר,,,"couverture, abri, lieu caché, discrétion",36,
H5644,סִתְרִי,,,Sithri = «la protection est l’Éternel»,1,
H5645,עָב,,,"obscurité, nuage, fourré",31,
H5646,עָב,,,un terme d’architecture,3,
H5647,עָבַד,,,"travailler, servir",288,
H5648,עֲבַד,,,"faire, fabriquer",28,
H5649,עֲבַד,,,"serviteur, esclave",7,
H5650,עֶ֫בֶד,,,"esclave, serviteur",801,
H5651,עֶ֫בֶד,,,Ébed = «serviteur»,6,
H5652,עֲבָד,,,travail,1,
H5653,עַבְדָּא,,,Abda = «serviteur de Dieu»,2,
H5654,עֹבֵד אֱדוֹם,,,"Lévite, qui garda l’arche après qu’Uzza fut tué par Dieu",40,
H5655,עַבְדְּאֵל,,,Abdeel = «serviteur de Dieu»,1,
H5656,עֲבֹדָה,,,"travail, service",145,
H5657,עֲבֻדָּה,,,"service, les serviteurs d’une maison",2,
H5658,עַבְדּוֹן,,,Abdon = «servile»,8,
H5659,עַבְדוּת,,,"servitude, esclavage",3,
H5660,עַבְדִּי,,,"Abdi = «mon serviteur, ou abréviation de serviteur de Dieu»",3,
H5661,עַבְדִּיאֵל,,,Abdiel = «serviteur de Dieu»,1,
H5662,עֹבַדְיָ֫הוּ,,,"Abdias = «adorateur, ou serviteur de l’Éternel»",20,
H5663,עֶ֫בֶד מֶ֫לֶךְ,,,Ébed-Mélec = «esclave du roi»,12,
H5664,עֲבֵד נְגוֹ,,,Abed-Nego = «serviteur de Nego»,2,
H5665,עֲבֵד נְגוֹ,,,Abed-Nego,28,2024-11-01T08:15:49.825Z
H5666,עָבָה,,,"être épais, être gras, être gros",3,
H5667,עֲבוֹט,,,"gage, une chose donnée en garantie, un article gagé pour garantirune dette",4,
H5668,עָבוּר,,,"pour l’amour de, à cause de, dans le but de",49,
H5669,עָבוּר,,,"produire, fournir",2,
H5670,עָבַט,,,"prendre un gage, donner un gage (pour une dette)",6,
H5671,עַבְטִיט,,,"le poids des gages, lourdes dettes",1,
H5672,עֲבִי,,,épaisseur,5,
H5673,עֲבִידָה,,,"travail, service, rituel, culte",6,
H5674,עָבַר,,,"passer par-dessus ou à travers, apporter, transporter, transgresser",556,
H5675,עֲבַר,,,région au-delà ou de l’autre côté de,14,
H5676,עֵ֫בֶר,,,"région au-delà ou de l’autre côté de, côté",90,
H5677,עֵ֫בֶר,,,"Éber ou Héber ou hébreu = «l’autre côté, la région au-delà»",15,
H5678,עֶבְרָה,,,"effusion, débordement, excès, furie, courroux, colère, arrogance",34,
H5679,עֲבָרָה,,,"gué, traverser à gué",1,
H5680,עִבְרִי,,,"Hébreu = «qui provient de l’autre côté, qui traverse»",34,
H5681,עִבְרִי,,,Ibri = «un Hébreu»,1,
H5682,עֲבָרִים,,,Abarim = «ceux qui sont au-delà»,5,
H5683,עֶבְרֹן,,,Hébron = «alliance»,1,
H5684,עַבְרֹנָה,,,"Abrona = «passage, chemin, endroit vis-à-vis»",2,
H5685,עָבַשׁ,,,"(qal) se ratatiner, être gaspillé",1,
H5686,עָבַת,,,"(piel) s’enrouler, tisser, tresser ensemble",1,
H5687,עָבוֹת,,,"ayant un feuillage entrelacé, un feuillage dense, touffu",4,
H5688,עֲבֹת,,,"corde, cordage, feuillage, branches épaisses, feuillage touffu",24,
H5689,עָגַב,,,"(qal) avoir une affection désordonnée, luxure",7,
H5690,עָגָב,,,amour (sensuel),2,
H5691,עֲגָבָה,,,"qui est lascif, sensualité",1,
H5692,עֻגָה,,,galette ou gâteau (de pain),7,
H5693,עָגוּר,,,nom d’un oiseau,2,
H5694,עָגִיל,,,"cercle, anneau, boucle d’oreille",2,
H5695,עֵ֫גֶל,,,"veau, jeune taureau",35,
H5696,עָגֹל,,,rond,6,
H5697,עֶגְלָה,,,"génisse, jeune vache",14,
H5698,עֶגְלָה,,,Égla = «une génisse»,2,
H5699,עֲגָלָה,,,"charrette, chariot",25,
H5700,עֶגְלוֹן,,,Églon = «jeune taureau»,13,
H5701,עָגַם,,,"(qal) être affligé, chagriné",1,
H5702,עָגַן,,,(nif.) se renfermer,1,
H5703,עַד,,,"perpétuité, pour toujours, continuant dans le futur",48,
H5704,עַד,,,"aussi loin que, jusqu’à, tandis que",1261,
H5705,עַד,,,"pendant, jusqu’à, durant",35,
H5706,עַד,,,"butin, proie",2,
H5707,עֵד,,,témoin,70,
H5708,עִדָּה,,,menstruation,1,
H5709,עֲדָה,,,"passer dessus, passer au loin",9,
H5710,עָדָה,,,"passer sur, avancer, aller, déplacer",10,
H5711,עָדָה,,,"La première des deux femmes de Lémec, mère de Jabal et Jubal",8,
H5712,עֵדָה,,,"assemblée, rassemblement",149,
H5713,עֵדָה,,,"témoignage, témoin",26,
H5714,עִדּוֹ,,,"Iddo = «Son témoin, favori, opportun»",10,
H5715,עֵדוּת,,,témoignage,61,
H5716,עֲדִי,,,ornements,14,
H5717,עֲדִיאֵל,,,Adiel = «ornement de Dieu»,3,
H5718,עֲדָיָ֫הוּ,,,Adaja = «l’Éternel a orné»,9,
H5719,עָדִין,,,voluptueux,1,
H5720,עָדִין,,,"Adin = «doux, délicat»",4,
H5721,עֲדִינָא,,,"Adina = «délicat, mince»",1,
H5722,עֲדִינוֹ,,,Adino = «son ornement»,1,
H5723,עֲדִיתַ֫יִם,,,Adithaïm = «deux passages»,1,
H5724,עַדְלָ֑י,,,Adlaï = «justice»,1,
H5725,עֲדֻלָּם,,,Adullam = «justice du peuple»,8,
H5726,עֲדֻלָּמִי,,,Adullamite = voir Adullam «justice du peuple»,3,
H5727,עָדַן,,,"(hitp.) vivre dans l’abondance, faire ses délices de",1,
H5728,עֲדֶן,,,"jusqu’ici, encore, néanmoins, cependant",2,
H5729,עֶ֫דֶן,,,Eden = «plaisir»,3,
H5730,עֶדְנָה,,,"luxe, délicat, délices, parure",4,
H5731,עֵ֫דֶן,,,"Éden= «plaisir, délices»",16,
H5732,עִדָּן,,,temps,13,
H5733,עַדְנָא,,,Adna = «repos»,2,
H5734,עַדְנָה,,,Adnach ou Adna = «plaisir»,2,
H5735,עֲדְעָדָה,,,"Adada = «vacances, fête»",1,
H5736,עָדַף,,,"Rester en trop, être en excès",9,
H5737,עָדַר,,,(qal) aider,11,
H5738,עֶ֫דֶר,,,Éder = «troupeau»,1,
H5739,עֵ֫דֶר,,,"troupeau, bétail",38,
H5740,עֵ֫דֶר,,,Éder = «un troupeau»,3,
H5741,עַדְרִיאֵל,,,Adriel = «troupeau de Dieu»,2,
H5742,עֲדָשָׁה,,,lentilles,4,
H5743,עוּב,,,"nuageux, couvert",1,
H5744,עוֹבֵד,,,Obed = «servant (Dieu)»,10,
H5745,עוֹבָל,,,"Obal = «dépouillé, nu, aride»",1,
H5746,עוּג,,,"(qal) faire cuire au four, cuire un gâteau",1,
H5747,עוֹג,,,Og = «au long cou»,22,
H5748,עוּגָב,,,un instrument de musique,4,
H5749,עוּד,,,"(piel) étreindre, ligoter ; (poal) soutenir, aider ; (hitpo.) s'entraider ; (hif.) prendre à temoin, témoigner, avertir, exhorter ; (hof.) être averti",44,2024-11-01T08:15:49.825Z
H5750,עוֹד,,,encore,490,2025-02-14T09:55:56.000Z
H5751,עוֹד,,,"encore, pendant que, tandis que, néanmoins",1,
H5752,עֹדֵד,,,Oded = «qui restaure»,3,
H5753,עָוָה,,,"plier, tordre, déformer",17,
H5754,עַוָּה,,,"altération, déformation, ruine",3,
H5755,עַוָּה,,,Avva ou Ivva = «ruine»,4,
H5756,עוּז,,,"(hif.) chercher refuge, mettre à l’abri",5,
H5758,עֲוָיָה,,,"perversité, iniquité",1,
H5759,עֲוִיל,,,jeune homme ou jeune garçon,2,
H5760,עֲוִיל,,,"quelqu’un de pervers, un injuste",1,
H5761,עַוִּים,,,Avvim = «ruines»,4,
H5762,עֲוִית,,,Avith = «ruines»,2,
H5763,עוּל,,,"donner à téter, allaiter, nourrir",5,
H5764,עוּל,,,"nourrisson, enfant en bas âge",2,
H5765,עָוַל,,,"agir faussement ou injustement, dévier",2,
H5766,עָ֫וֶל,,,"injustice, ce qui n’est pas droit, mal",54,
H5767,עַוָּל,,,"quelqu’un d’injuste, de pervers, d’injuste",5,
H5768,עוֹלֵל,,,"enfant, garçon",20,
H5769,עוֹלָם,,,"longue durée, éternité, antiquité, le futur, pour toujours",438,2024-11-01T08:15:49.825Z
H5770,עִין,,,"examiner, regarder",1,
H5771,עָוֺן,,,"iniquité, culpabilité, châtiment de l’iniquité",233,2024-11-01T08:15:49.825Z
H5772,עֹנָה,,,"cohabitation, droits conjugaux",1,
H5773,עִוְעִים,,,"déformant, qui pervertit, qui détourne",1,
H5774,עוּף,,,"voler, s’envoler",26,
H5775,עוֹף,,,"créatures volantes, volaille, insectes, oiseaux",71,
H5776,עוֹף,,,volaille,2,
H5777,עֹפֶרֶת,,,plomb,9,
H5778,עוֹפַי,,,Ephaï = «sombre»,1,
H5779,עוּץ,,,"(qal) conseiller, prendre conseil, faire le plan de",2,
H5780,עוּץ,,,Uts = «qui consulte»,8,
H5781,עוּק,,,"(hif.) chanceler, vaciller, écraser",2,
H5782,עוּר,,,"se réveiller, éveiller, être éveillé, inciter",80,
H5783,עוּר,,,"(nif.) être exposé, être dénudé, être mis à nu",1,
H5784,עוּר,,,"menue paille, balle",1,
H5785,עוֹר,,,"peau, enveloppe",99,
H5786,עָוַר,,,"(piel) aveugler, rendre aveugle, crever les yeux",5,
H5787,עִוֵּר,,,aveugle,26,
H5788,עַוֶּ֫רֶת,,,"cécité, aveuglement",3,
H5789,עוּשׁ,,,"(qal) prêter de l’aide, venir à l’aide, se hâter",1,
H5790,עוּת,,,"(qal) se hâter de, aider, secourir",1,
H5791,עָוַת,,,"être courbé, être tordu, plier, rendre tortueux, pervertir",11,
H5792,עַוָּתָה,,,"être subversif, renverser, plier",1,
H5793,עוּתַי,,,Uthaï = «secourable»,2,
H5794,עַז,,,"fort, puissant, féroce",24,
H5795,עֵז,,,"une chèvre, un chevreau, un bouc",74,
H5796,עֵז,,,"le mâle de la chèvre, bouc",1,
H5797,עֹז,,,"puissance, force",92,
H5798,עֻזָּא,,,Uzza = «force»,14,
H5799,עֲזָאזֵל,,,bouc « émissaire»,4,
H5800,עָזַב,,,"laisser, abandonner",215,
H5801,עִזָּבוֹן,,,"marchandises, biens, foire, marché",7,
H5802,עַזְבּוּק,,,Azbuk = «le puissant est vidé»,1,
H5803,עַזְגָּד,,,Azgad = «Gad est puissant»,4,
H5804,עַזָּה,,,Gaza = «lieu fort»,21,
H5805,עֲזוּבָה,,,"abandon, désolation",1,
H5806,עֲזוּבָה,,,"Azuba = «abandonné, désolation»",4,
H5807,עֱזוּז,,,"force, férocité, puissance",3,
H5808,עִזּוּז,,,"puissant, vaillant",2,
H5809,עַזּוּר,,,"Azzur = «celui qui assiste, secourable»",3,
H5810,עָזַז,,,être fort,11,
H5811,עָזָז,,,Azaz = «fort»,1,
H5812,עֲזַזְיָ֫הוּ,,,Azazia = «l’Éternel est puissant»,3,
H5813,עֻזִּי,,,Uzzi = «force»,11,
H5814,עֻזִּיָּא,,,Ozias = «force de l’Éternel»,1,
H5815,עֲזִיאֵל,,,Aziel = «celui que Dieu réconforte»,1,
H5816,עֻזִּיאֵל,,,Uziel ou Uzziel = «ma puissance est Dieu»,16,
H5817,עׇזִּיאֵלִי,,,Uziélites = voir Uziel «ma force est Dieu»,2,
H5818,עֻזִּיָּהוּ,,,Ozias = «ma force est l’Éternel»,27,
H5819,עֲזִיזָא,,,"Aziza = «fort, robuste»",1,
H5820,עַזְמָ֫וֶת,,,Azmaveth = «la mort est forte»,8,
H5821,עַזָּן,,,Azzan = «très fort»,1,
H5822,עׇזְנִיָּה,,,un oiseau de proie impur,2,
H5823,עָזַק,,,(piel) creuser autour,1,
H5824,עִזְקָה,,,"anneau, signet, sceau",2,
H5825,עֲזֵקָה,,,Azéka = «terrain bêché»,7,
H5826,עָזַר,,,"aider, secourir, soutenir",81,
H5828,עֵ֫זֶר,,,"aide, secours",21,
H5829,עֵ֫זֶר,,,Ézer = «secours»,5,
H5830,עֶזְרָא,,,Esdras = «secours»,22,
H5831,עֶזְרָא,,,Esdras = «secours»,3,
H5832,עֲזַרְאֵל,,,Azareel = «Dieu a secouru»,6,
H5833,עֶזְרָה,,,"aide, secours, assistance",26,
H5834,עֶזְרָה,,,Esdras = «secours»,1,
H5835,עֲזָרָה,,,enclos,9,
H5836,עֶזְרִי,,,Ezri = «aide de l’Éternel»,1,
H5837,עַזְרִיאֵל,,,Azriel = «mon secours est Dieu»,3,
H5838,עֲזַרְיָ֫הוּ,,,Azaria signifie L'Éternel a secouru»,49,
H5839,עֲזַרְיָה,,,Azaria = «l’Éternel a secouru»,1,
H5840,עַזְרִיקָם,,,Azrikam = «aide contre un ennemi»,6,
H5841,עַזָּתִי,,,De Gaza = voir Gaza «lieu fort»,2,
H5842,עֵט,,,"style, pointe",4,
H5843,עֵטָא,,,conseil,1,
H5844,עָטָה,,,"couvrir, enrouler, s’enrouler, s’envelopper",17,
H5845,עֲטִין,,,seau,1,
H5846,עֲטִישָׁה,,,éternuement,1,
H5847,עֲטַלֵּף,,,chauve-souris,3,
H5848,עָטַף,,,"se tourner de côté ; s'envelopper ; être faible, être languissant, être accablé",16,2025-07-21T13:20:57.607Z
H5849,עָטַר,,,entourer,7,
H5850,עֲטָרָה,,,"couronne, guirlande",23,
H5851,עֲטָרָה,,,"Athara = «couronne, diadème»",1,
H5852,עֲטָרוֹת,,,"Atharoth = «couronnes, diadèmes»",4,
H5853,עַטְרוֹת אַדָּר,,,Atharoth-Addar = «couronnes de gloire»,4,
H5854,עַטְרוֹת בֵּית יוֹאָב,,,Athroth-Beth-Joab = «les couronnes de la maison de Joab»,3,
H5855,עַטְרוֹת שׁוֹפָן,,,Athroth-Schophan = «couronnes de leur rapine»,2,
H5856,עִי,,,"ruine, monceau, tas de ruines",5,
H5857,עַי,,,Aï ou Ajja ou Ajjath = «tas de ruines»,40,
H5858,עֵיבָל,,,Ébal = «pierre»,8,
H5859,עִיּוֹן,,,Ijjon = «une ruine»,3,
H5860,עִיט,,,"crier, d’un cri perçant",3,
H5861,עַ֫יִט,,,"oiseau de proie, un rapace, qui se jette en piqué",8,
H5862,עֵיטָם,,,Etham ou Etam = «tanière de bêtes sauvages»,5,
H5863,עִיֵּי הָעֲבָרִים,,,"Ijjé-Abarim = «monceaux, ruines d’Abarim»",4,
H5864,עִיִּים,,,Ijjim = «ruines»,2,
H5865,עֵילוֹם,,,"pour toujours, à jamais, éternel, perpétuel, vieux, ancien, monde",1,
H5866,עִילַי,,,Ilaï = « élevé»,1,
H5867,עֵילָם,,,Élam = « éternité»,28,
H5868,עֲיָם,,,"lumière, chaleur",1,
H5869,עַ֫יִן,,,œil,887,
H5870,עַ֫יִן,,,l’œil,5,
H5871,עַ֫יִן,,,"Aïn = «œil, source»",5,
H5872,עֵין גֶּ֫דִי,,,En-Guédi = «fontaine du chevreau»,12,
H5873,עֵין גַּנִּים,,,En-Gannim = «fontaine de jardins»,6,
H5874,עֵין־דֹּר,,,En-Dor = «fontaine de Dor»,6,
H5875,עֵין הַקּוֹרֵא,,,En-Hakkoré = «source de celui qui invoque»,2,
H5876,עֵין חַדָּה,,,En-Hadda = «source rapide»,2,
H5877,עֵין חָצוֹר,,,"En-Hatsor = «fontaine d’Hatsor, fontaine du village»",2,
H5878,עֵין חֲרֹד,,,En-Harod = «fontaine de Hérode»,2,
H5879,עֵינָם,,,Énam = «double source»,3,
H5880,עֵין מִשְׁפָּט,,,En-Mischpath = «source du jugement»,2,
H5881,עֵינָן,,,"Énan = «qui a des yeux, la vue perçante»",5,
H5882,עֵין עֶגְלַ֫יִם,,,En-Églaïm = «fontaine des deux veaux»,2,
H5883,עֵין רֹגֵל,,,En-Roguel = «source du foulon»,8,
H5884,עֵין רִמּוֹן,,,En-Rimmon = «fontaine de la grenade»,2,
H5885,עֵין שֶׁ֫מֶשׁ,,,En-Schémesch = «fontaine du soleil»,4,
H5887,עֵין תַּפּוּחַ,,,En-Tappuach = «fontaine de la cité des pommes»,2,
H5888,עִיף,,,"être faible, être las",5,
H5889,עָיֵף,,,"faible, épuisé, las",17,
H5890,עֵיפָה,,,"obscurité, ténèbres",2,
H5891,עֵיפָה,,,Épha = «obscurité»,5,
H5892,עִיר,,,"ville ; haine, colère",1089,2025-10-03T11:31:09.702Z
H5893,עִיר,,,Ir = «appartenant à une ville»,2,
H5894,עִיר,,,"éveillé, vigilant, celui qui ne dort pas, veilleur, ange",3,
H5895,עַ֫יִר,,,un âne,9,
H5896,עִירָא,,,Ira = «vigilant de la ville»,6,
H5897,עִירָד,,,Irad = «rapide»,2,
H5898,עִיר־הַמֶּ֫לַח,,,Ir-Hammélach = «la cité du sel»,2,
H5899,עִיר הַתְּמָרִים,,,Ir-Hatmarim = «la ville des palmiers»,8,
H5900,עִירוּ,,,Iru = «veiller»,1,
H5901,עִירִי,,,Iri = «appartenant à une ville»,1,
H5902,עִירָם,,,Iram = «appartenant à une ville»,2,
H5903,עֵירֹם,,,nu,10,
H5905,עִיר שָׁ֑מֶשׁ,,,Ir-Schémesch = «ville du dieu soleil»,2,
H5906,עַ֫יִשׁ,,,une constellation,2,
H5907,עַכְבּוֹר,,,Acbor = «une souris»,7,
H5908,עַכָּבִישׁ,,,araignée,2,
H5909,עַכְבָּר,,,souris,6,
H5910,עַכּוֹ,,,Acco = «sable brûlant»,1,
H5911,עָכוֹר,,,"Acor = «affliction, tourment»",5,
H5912,עָכָן,,,Acan = «trouble»,6,
H5913,עָכַס,,,"(piel) agiter des bracelets, un hochet, tinter",1,
H5914,עֶ֫כֶס,,,"anneau de cheville, bracelet",2,
H5915,עַכְסָה,,,Acsa = «anneau pour la jambe ou pour la cheville»,5,
H5916,עָכַר,,,"troubler, agiter, déranger, rendre tabou",14,
H5917,עָכָר,,,Acar = «trouble»,1,
H5918,עׇכְרָן,,,Ocran = «troublé»,5,
H5919,עַכְשׁוּב,,,"aspic, vipère",1,
H5920,עַל,,,hauteur,4,
H5921,עַל,,,"sur, sur la base de, selon, à cause de, de la part de, concernant, à côté de, en plus de, ensemble avec, au-delà, au-dessus, plus de, par, envers, contre",5774,
H5922,עַל,,,"sur, au-dessus de, à cause de, plus de, à, contre, envers",104,
H5923,עֹל,,,joug,40,
H5924,עֵ֫לָּא,,,au-dessus de,1,
H5925,עֻלָּא,,,Ulla = «joug»,1,
H5926,עִלֵּג,,,"parler d’une façon inarticulée, bégaiement",1,
H5927,עָלָה,,,"monter, élever, grimper",890,
H5928,עֲלָת,,,"offrande consumée, holocauste",1,
H5929,עָלֶה,,,"feuille, feuillage",18,
H5930,עֹלָה,,,"offrande consumée, sacrifice intégral, holocauste",287,2025-10-21T12:18:28.403Z
H5931,עִלָּה,,,"matière, sujet, affaire, occasion",3,
H5932,עַלְוָה,,,"injustice, iniquité, méchanceté",1,
H5933,עַלְוָה,,,Alva (ou Alja) = «mal»,2,
H5934,עָלוּמִים,,,"jeunesse, jeune, vigueur",4,
H5935,"עַלְיָן, עַלְוָן",,,Aljan ou Alvan = «grand»,2,
H5936,עֲלוּקָה,,,sangsue,1,
H5937,עָלַז,,,"(qal) exulter, se réjouir, triompher",16,
H5938,עָלֵז,,,"qui exulte, qui jubile",1,
H5939,עֲלָטָה,,,"épaisse obscurité, ténèbres",4,
H5940,עֱלִי,,,pilon,1,
H5941,עֵלִי,,,"Éli = « élevé, ascension»",33,
H5942,עִלִּי,,,supérieur,2,
H5943,עִלַּי,,,"le plus haut, le Très-Haut",10,
H5944,עֲלִיָּה,,,"pièce sous le toit, chambre haute",20,
H5945,עֶלְיוֹן,,,"haut, supérieur",53,
H5946,עֶלְיוֹן,,,"le Très-Haut, le Plus Haut",4,
H5947,עַלִּיז,,,"qui exulte, qui jubile",7,
H5948,עֲלִיל,,,"fournaise, creuset",1,
H5949,עֲלִילָה,,,"libertinage, action, œuvre",24,
H5950,עֲלִילִיָּה,,,action,1,
H5951,עֲלִיצוּת,,,"exultation, jubilation",1,
H5952,עֲלִי,,,"chambre sous le toit, chambre haute, pièce supérieure",1,
H5953,עָלַל,,,"agir sévèrement, traiter avec sévérité, prendre quelqu’un pour un bouffon",20,
H5954,עֲלַל,,,"enfoncer, aller dans, introduire, venir dans",14,
H5955,עֹלֵלוֹת,,,"glanage, grappillage",6,
H5956,עָלַם,,,"cacher, dissimuler, être caché, être dissimulé, être secret",28,
H5957,עָלַם,,,"perpétuité, antiquité, pour toujours, à jamais",20,
H5958,עֶ֫לֶם,,,jeune homme,2,
H5959,עַלְמָה,,,"vierge, jeune fille, jeune femme",7,
H5960,עַלְמוֹן,,,Almon = «quelque chose de caché»,1,
H5961,עֲלָמוֹת,,,"Alamoth = «jeunes filles», «voix de soprani»",3,
H5962,עֵלְמָיֵא,,,D’Élam = voir Élam «leurs monceaux»,1,
H5963,עַלְמֹן דִּבְלָתָיְמָה,,,Almon-Diblathaïm = «dissimulation des deux gâteaux de figues»,4,
H5964,עָלֶ֫מֶת,,,Alameth ou Alémeth = «couverture»,4,
H5965,עָלַס,,,se réjouir,3,
H5966,עָלַע,,,"sucer, aspirer (sens incertain)",1,
H5967,עֲלַע,,,une côte,1,
H5968,עָלַף,,,"couvrir, se couvrir",5,
H5969,עֻלְפֶּה,,,"flétri, affaibli, desséché",1,
H5970,עָלַץ,,,"se réjouir, exulter",8,
H5971,עַם,,,peuple,1872,2024-11-08T10:38:03.000Z
H5972,עַם,,,peuple,15,
H5973,עִם,,,avec,1052,
H5974,עִם,,,avec,22,
H5975,עָמַד,,,"se tenir debout, rester, endurer",521,
H5976,עָמַד,,,"être immobile, se tenir debout, rester, supporter",1,
H5977,עֹ֫מֶד,,,lieu où l’on se trouve,9,
H5978,עִמָּדִי,,,avec,42,
H5979,עֶמְדָּה,,,endroit où l’on se tient,1,
H5980,עֻמָּה,,,juxtaposition,32,
H5981,עֻמָּה,,,Umma = «union»,1,
H5982,עַמּוּד,,,"pilier, colonne",111,
H5983,עַמּוֹן,,,Ammon = «appartenant à la nation»,106,
H5984,עַמּוֹנִי,,,"Ammonite = voir Ammon «grand peuple, tribal»",21,
H5986,עָמוֹס,,,"Amos = «fardeau, porteur de fardeau»",7,
H5987,עָמוֹק,,,Amok = «profond»,2,
H5988,עַמִּיאֵל,,,Ammiel = «Dieu est membre de la famille»,6,
H5989,עַמִּיהוּד,,,Ammihud = «peuple digne d’éloges»,10,
H5990,עַמִּיזָבָד,,,Ammizadab = «le peuple a doté»,1,
H5992,עַמִּינָדָב,,,Amminadab = «mon peuple est généreux»,13,
H5993,עַמִּי נָדִיב,,,Amminadib = «mon peuple est bien disposé»,1,
H5994,עֲמִיק,,,profond,1,
H5995,עָמִיר,,,"andain, un rang, une gerbe",4,
H5996,עַמִּישַׁדָּ֑י,,,Ammischaddaï = «le Tout-Puissant est un allié»,5,
H5997,עָמִית,,,"relation, voisin, prochain, associé, compagnon",12,
H5998,עָמַל,,,"travailler, peiner",11,
H5999,עָמָל,,,"peiner, troubler, travailler",55,
H6000,עָמָל,,,"Amal = «travail, chagrin»",1,
H6001,עָמֵל,,,"travailleur, qui souffre, le misérable",9,
H6002,עֲמָלֵק,,,Amalek = «qui demeure dans une vallée»,39,
H6003,עֲמָלֵקִי,,,Amalécite = voir Amalek «peuple qui lape»,12,
H6004,עָמַם,,,"obscurcir, assombrir, devenir sombre",3,
H6005,עִמָּנוּאֵל,,,Emmanuel = «Dieu avec nous»,4,
H6006,עָמַס,,,"charger, transporter, porter une charge",9,
H6007,עֲמַסְיָה,,,Amasia = «l’Éternel a patienté»,1,
H6008,עַמְעָד,,,Amead = «peuple qui est durable»,1,
H6009,עָמֹק,,,"être profond, rendre profond",9,
H6010,עֵ֫מֶק,,,"vallée, basse terre, plaine, sol",69,
H6011,עֹ֫מֶק,,,profondeur,1,
H6012,עָמֵק,,,"profond, insondable",4,
H6013,עָמֹק,,,"profond, mystérieux, profondeurs",17,
H6014,עָמַר,,,lier les gerbes,3,
H6015,עֲמַר,,,laine,1,
H6016,עֹ֫מֶר,,,omer,14,
H6017,עֲמֹרָה,,,Gomorrhe = «submersion»,19,
H6018,עׇמְרִי,,,Omri = «esclave de l’Éternel»,18,
H6019,עַמְרָם,,,Amram = «peuple élevé»,14,
H6020,עַמְרָמִי,,,Amramites = voir Amram « élevé»,2,
H6021,עֲמָשָׂא,,,Amasa = «un fardeau»,16,
H6022,עֲמָשַׂי,,,"Amasaï = «pénible, pesant»",5,
H6023,עֲמַשְׁסַי,,,Amaschsaï = «fardeau de l’Éternel»,1,
H6024,עֲנָב,,,"Anab = «fruit, riche en grappes»",2,
H6025,עֵנָב,,,raisin(s),19,
H6026,עָנֹג,,,"être doux, être délicat, être raffiné",10,
H6027,עֹ֫נֶג,,,"délices exquis, délicatesse, chose plaisante",2,
H6028,עָנֹג,,,"délicat, difficile",3,
H6029,עָנַד,,,"lier, relier, nouer",2,
H6030,עָנָה,,,"répondre, témoigner ; chanter",332,2025-07-18T11:07:57.629Z
H6031,עָנָה,,,"affliger, humilier ; être occupé? (Ec 1.13, 3.10)",82,2025-07-18T11:10:42.911Z
H6032,עֲנָה,,,"répondre, donner une réponse",30,
H6033,עֲנָי,,,"(P’al) être humble, être bas",1,
H6034,עֲנָה,,,"Ana = «réponse, qui écoute, qui répond»",12,
H6035,עָנָו,,,"pauvre, humble, affligé, doux",22,
H6036,עָנוּב,,,"Anub = «confédéré, joint avec»",1,
H6037,עַנְוָה,,,"humilité, douceur",2,
H6038,עֲנָוָה,,,"humilité, douceur",5,
H6039,עֱנוּת,,,affliction,1,
H6040,עֳנִי,,,"affliction, pauvreté, souffrance, misère",36,
H6041,עָנִי,,,"pauvre, affligé, humble, misérable",74,
H6042,עֻנִּי,,,Unni = «affligé»,3,
H6043,עֲנָיָה,,,Anaja = «l’Éternel a répondu»,2,
H6044,עָנִים,,,Anim = «fontaines»,1,
H6045,עִנְיָן,,,"occupation, tâche, emploi",8,
H6046,עָנֵם,,,Anem = «deux fontaines»,1,
H6047,עֲנָמִים,,,Anamim = «affliction des eaux»,2,
H6048,עֲנַמֶּ֫לֶךְ,,,Anammélec = «image du roi»,1,
H6049,עָנַן,,,"(piel) faire apparaître, produire, apporter (par les nuages)",11,
H6050,עֲנָן,,,"nuage, nuée",1,
H6051,עָנָן,,,"nuage, nuageux, couvert, masse nuageuse",87,
H6052,עָנָן,,,Anan = «un nuage»,1,
H6053,עֲנָנָה,,,"nuage, nuageux, couvert",1,
H6054,עֲנָנִי,,,Anani = «nuageux»,1,
H6055,עֲנַנְיָה,,,Anania = «l’Éternel a couvert»,2,
H6056,עֲנַף,,,"branche, rameau",4,
H6057,עָנָף,,,"branche, rameau",7,
H6058,עָנֵף,,,"plein de branches, dense",1,
H6059,עָנַק,,,"servir de collier, mettre un ornement de cou",3,
H6060,עֲנָק,,,"collier, pendant de cou",3,
H6061,עֲנָק,,,Anak = «le long cou»,9,
H6062,עֲנָקִי,,,Anakim = «au long cou»,9,
H6063,עָנֵר,,,Aner = «garçon»,3,
H6064,עָנַשׁ,,,"mettre à l’amende, punir, condamner, frapper d’une amende",9,
H6065,עֲנָשׁ,,,mettre à l’amende,1,
H6066,עֹ֫נֶשׁ,,,"amende, peine, pénalité, indemnité, dédommagement",2,
H6067,עֲנָת,,,"Anath = «réponse, exaucement, faveur»",2,
H6068,עֲנָתוֹת,,,Anathoth = «réponses à la prière»,15,
H6069,עַנְּתֹתִי,,,D’Anathoth = voir Anathoth «réponses»,5,
H6070,עַנְתֹתִיָּה,,,Anthothija = «réponse de l’Éternel»,1,
H6071,עָסִיס,,,"vin doux, vin, jus qui sort du pressoir",5,
H6072,עָסַס,,,"presser, écraser, fouler",1,2024-11-01T08:15:49.825Z
H6073,עֳפָיִם,,,"branche, rameau, feuillage",1,
H6074,עֳפִי,,,"les feuilles, le feuillage",3,
H6075,עָפַל,,,"lever, enfler, être levé",2,
H6076,עֹ֫פֶל,,,"colline, tertre, fort, forteresse",3,
H6077,עֹ֫פֶל,,,"une crête de collines à Jérusalem, fortifiées pour la défense de la ville",5,
H6078,עׇפְנִי,,,Ophni = «moisi»,1,
H6079,עַפְעַף,,,paupière,10,
H6080,עָפַר,,,"(piel) épousseter, mettre en poudre, faire de la poussière",1,
H6081,עֵ֫פֶר,,,"Épher = «un veau, un faon, une gazelle»",4,
H6082,עֹ֫פֶר,,,"cerf, faon, jeune cerf",5,
H6083,עָפָר,,,"terre sèche, poussière, poudre, cendres, terre, sol, mortier, rebuts",110,
H6084,עׇפְרָה,,,Ophra = «biche»,8,
H6085,עֶפְרוֹן,,,Éphron = «comme un faon»,14,
H6086,עֵץ,,,"arbre, bois, bois de construction, planche, tige, bâton, potence",330,
H6087,עָצַב,,,"faire mal, faire de la peine, affliger, chagriner, déplaire à, vexer, arracher, forcer",17,
H6088,עֲצַב,,,"peiner, attrister, affliger",1,
H6089,עֶ֫צֶב,,,"douleur, faire mal, travailler dur, peine, labeur, privation",7,
H6090,עֹ֫צֶב,,,"douleur, peine",4,
H6091,עָצָב,,,"idole, image",17,
H6092,עָצֵב,,,"travailleur, celui qui fait un dur travail, le labeur",1,
H6093,עִצָּבוֹן,,,"peine, labeur, privation, douleur, dur travail",3,
H6094,עַצֶּ֫בֶת,,,"peine, faire mal, blessure, dommage, douleur",5,
H6095,עָצָה,,,(qal) fermer,1,
H6096,עָצֶה,,,"épine dorsale, échine, os sacrum",1,
H6097,עֵצָה,,,"arbres, bois",1,
H6098,עֵצָה,,,"conseil, avis, but",89,
H6099,עָצוּם,,,"puissant, vaste, nombreux",31,
H6100,עֶצְיוֹן גֶּ֫בֶר,,,Etsjon-Guéber = « épine dorsale d’un homme»,14,
H6101,עָצֵל,,,(nif.) être paresseux,1,
H6102,עָצֵל,,,"paresseux, rempli de paresse",14,
H6103,עַצְלָה,,,"paresseux, rempli de paresse",2,
H6104,עַצְלוּת,,,paresse,1,
H6105,עָצֹם,,,"être vaste, être nombreux, être puissant",20,
H6106,עֶ֫צֶם,,,"os, essence, substance",126,
H6107,עֶ֫צֶם,,,"Atsem, Etsem = «os»",3,
H6108,עֹ֫צֶם,,,"pouvoir, les os, puissance",3,
H6109,עׇצְמָה,,,"pouvoir, force, puissance",3,
H6110,עַצֻמָה,,,"défense, argument, fort",1,
H6111,עַצְמוֹן,,,"Atsmon = «fort, robuste»",3,
H6112,עֵצֶן,,,"perçant, fort, lance",1,
H6113,עָצַר,,,"contenir, retenir, clore, fermer, se retenir, rester, détenir",47,
H6114,עֶ֫צֶר,,,"restriction, oppression",1,
H6115,עֹ֫צֶר,,,"restriction, coercition, contrainte",3,
H6116,עֲצָרָה,,,"assemblée, convocation solennelle",11,
H6117,עָקַב,,,"supplanter, circonvenir, prendre par le talon, assaillir insidieusement, duper",5,
H6118,עֵ֫קֶב,,,conséquence,15,
H6119,עָקֵב,,,"talon, situé à l’arrière, trace de pas, partie arrière, sabot, arrière-garde d’une troupe, un pas",14,
H6121,עָקֹב,,,"trompeur, sournois, insidieux",3,
H6122,עׇקְבָה,,,"subtilité, manière insidieuse, astuce",1,
H6123,עָקַד,,,"(qal) lier, nouer",1,
H6124,עָקֹד,,,"rayé, avec des bandes",7,
H6125,עָקָה,,,"oppression, pression",1,
H6126,עַקּוּב,,,"Akkub = «rusé, astucieux»",8,
H6127,עָקַל,,,"plier, courber, tordre",1,
H6128,עֲקַלְקַל,,,"qui s’enroule, détourné, tortueux, tordu",2,
H6129,עֲקַלָּתוֹן,,,"tordu, tortueux",1,
H6130,עֲקָן,,,Akan = « à qui rien n’échappe»,1,
H6131,עִקֵּר,,,"arracher, déraciner",7,
H6132,עֲקַר,,,"arraché, être déraciné",1,
H6133,עֵ֫קֶר,,,"membre, descendant, rejeton",1,
H6134,עֵקֶר,,,"Éker = «descendant, rejeton, souche»",1,
H6135,עָקָר,,,stérile,12,
H6136,עִקַּר,,,"racine, tronc, souche",3,
H6137,עַקְרָב,,,scorpion,6,
H6138,עֶקְרוֹן,,,Ékron = « émigration»,22,
H6139,עֶקְרוֹנִי,,,Ékroniens = voir ékron « émigration»,2,
H6140,עָקַשׁ,,,"être pervers, tordre, pervertir, rendre tordu, prouver la perversité",5,
H6141,עִקֵּשׁ,,,"tordu, déformé, tortueux, pervers, perverti",11,
H6142,עִקֵּשׁ,,,"Ikkesch = «tordu, pervers»",3,
H6143,עִקְּשׁוּת,,,"déformation, ce qui est tortueux",2,
H6144,עָר,,,Ar = «ville»,6,
H6145,עָר,,,"ennemi, adversaire",2,
H6146,עָר,,,"ennemi, adversaire",1,
H6147,עֵר,,,Er = «veillant»,10,
H6148,עָרַב,,,"gager, échanger, hypothèque, engagement, occuper, entreprendre, donner des garanties, être en sécurité",22,
H6149,עָרַב,,,"(qal) être plaisant, être doux, être agréable",8,2026-02-11T16:02:42.911Z
H6150,עָרַב,,,"se faire tard, devenir sombre",3,
H6151,עֲרַב,,,"mêler, joindre ensemble",4,
H6152,עֲרָב,,,habitants du désert,6,
H6153,עֶ֫רֶב,,,"soir, nuit, coucher du soleil",134,
H6154,עֵ֫רֶב,,,trame,15,
H6155,עֲרָבָה,,,"peuplier, saule",5,
H6156,עָרֵב,,,"doux, agréable",2,
H6157,עָרֹב,,,essaim,9,
H6158,עֹרֵב,,,corbeau,10,
H6159,עֹרֵב,,,Oreb = «corbeau»,7,
H6160,עֲרָבָה,,,"Araba = « région aride, désert», plaine, désert",61,
H6161,עֲרֻבָּה,,,"gage, engagement, témoignage, obligation, sûreté, chose échangée",2,
H6162,עֵרָבוֹן,,,"gage, engagement, caution",3,
H6163,עַרְבִי,,,Arabe = voir Arabie «mêlé»,9,
H6164,עַרְבָתִי,,,D’Araba = voir Beth-Araba «maison du désert»,2,
H6165,עָרַג,,,"(qal) attendre, haleter, soupirer après",3,
H6166,עֲרָד,,,Arad = « âne sauvage»,5,
H6167,עֲרָד,,,âne sauvage,1,
H6168,עָרָה,,,"être nu, dénudé, découvrir, abandonner, vider, raser, renverser",15,
H6169,עָרָה,,,lieu dénudé,1,
H6170,עֲרוּגָה,,,"terrasse, jardin, parterre, lit de plantes",4,
H6171,עָרוֹד,,,âne sauvage,1,
H6172,עֶרְוָה,,,"nudité, honte, organes génitaux féminins",54,
H6173,עַרְוָה,,,"déshonorer, mettre à nu",1,
H6174,עָרוֹם,,,"nu, dépouillé",16,
H6175,עָרוּם,,,"subtil, sagace, rusé, sournois, sensible",11,
H6176,עֲרוֹעֵר,,,"nu, dépouillé, destitué",2,
H6177,"עֲרֹעֵר, עֲדְעָדָה",,,Aroër = «ruines»,16,
H6178,עָרוּץ,,,affreux,1,
H6179,עֵרִי,,,"Éri = «veillant, vigilant»",2,
H6180,עֵרִי,,,Érites = voir éri «vigilant»,1,
H6181,עֶרְיָה,,,"nudité, dépouillement",6,
H6182,עֲרִיסָה,,,"pâte, farine, pétrir, malaxer",4,
H6183,עָרִיף,,,"nuage, brume",1,
H6184,עָרִיץ,,,"inspirant de la crainte, frappant de terreur, inspirant du respect, terrifiant, impitoyable, puissant",20,
H6185,עֲרִירִי,,,"dépouillé, sans enfant, privé d’enfant",4,
H6186,עָרַךְ,,,"arranger, poser ou disposer en ordre, mettre en rang, préparer, ordonner, manier, fournir, estimer, égaliser, diriger, comparer",75,
H6187,עֵ֫רֶךְ,,,"ordre, rang, estimer, choses mises en ordre, une couche, une pile",33,
H6188,עָרַל,,,"rester incirconcis, compté comme incirconcis, compter comme prépuce",2,
H6189,עָרֵל,,,"incirconcis, ayant un prépuce",35,
H6190,עׇרְלָה,,,"prépuce, incirconcis",16,
H6191,עָרֹם,,,"être subtil, être sagace, être rusé, prendre garde, prendre de bonsconseils",6,
H6192,עָרַם,,,"(nif.) amonceler, empiler, entasser, être amoncelé",1,
H6194,עֲרֵמָה,,,"tas, monceau, pile",11,
H6195,עׇרְמָה,,,"sagacité, astuce, ruse, prudence",5,
H6196,עַרְמוֹן,,,platane,2,
H6197,עֵרָן,,,Éran = «vigilant»,1,
H6198,עֵרָנִי,,,Éranites = voir éran «veilleur»,1,
H6199,עַרְעָר,,,"dénudé, dépouillé, destitué",1,
H6200,עֲרֹעֵרִי,,,D’Aroër = voir Aroër «destitué»,1,
H6201,עָרַף,,,"laisser tomber, couler goutte à goutte",2,
H6202,עָרַף,,,(qal) briser la nuque (d’un animal),6,
H6203,עֹ֫רֶף,,,"cou, arrière du cou, nuque",33,
H6204,עׇרְפָּה,,,"Orpa = «cou, opiniâtreté»",2,
H6205,עֲרָפֶל,,,"nuage, épais ou sombres nuages, ténèbres, profonde obscurité,épaisses ténèbres",15,
H6206,עָרַץ,,,"trembler, redouter, craindre, opprimer, briser, être terrifié, faire trembler",15,
H6207,עָרַק,,,"(qal) ronger, mâcher",2,
H6208,עַרְקִי,,,Arkien = voir «rongeur»,2,
H6209,עָרַר,,,"dépouiller, mettre à nu, se dépouiller",4,
H6210,עֶ֫רֶשׂ,,,"couche, divan, lit",10,
H6211,עָשׁ,,,mite,12,
H6212,עֵ֫שֶׂב,,,"herbe, herbage, verdure, plantes vertes",33,
H6213,עָשָׂה,,,"faire, façonner, accomplir, fabriquer",2629,
H6214,עֲשָׂהאֵל,,,Asaël = «Dieu a fait»,24,
H6215,עֵשָׂו,,,"Ésaü = «velu, poilu, chevelu»",97,
H6216,עָשׁוֹק,,,"oppresseur, qui extorque",1,
H6217,עָשׁוּקִים,,,"oppression, extorsion",4,
H6218,עָשׂוֹר,,,"dix, période de dix ans, décade",16,
H6219,עָשׁוֹת,,,"lisse, luisant",1,
H6220,עַשְׁוָ֑ת,,,"Aschvath = «lisse, luisant»",1,
H6221,עֲשִׂיאֵל,,,Asiel = «fait par Dieu»,1,
H6222,עֲשָׂיָה,,,Asaja = «l’Éternel a fait»,8,
H6223,עָשִׁיר,,,riche,23,
H6224,עֲשִׂירִי,,,nombre,29,
H6225,עָשַׁן,,,"fumer, être en colère",6,
H6226,עָשֵׁן,,,fumant,2,
H6227,עָשָׁן,,,fumée,25,
H6228,עָשָׁן,,,Aschan = «fumée»,4,
H6229,עָשַׂק,,,"(hitp.) lutter, disputer, se quereller",1,
H6230,עֵ֫שֶׂק,,,Ések = «dispute»,1,
H6231,עָשַׁק,,,"opprimer, maltraiter, extorquer, tromper",36,2025-07-09T14:47:12.000Z
H6232,עֵ֫שֶׁק,,,"Éschek = «oppression, violence»",1,
H6233,עֹ֫שֶׁק,,,"oppression, extorsion, préjudice",15,
H6234,עׇשְׁקָה,,,"oppression, abus, détresse",1,
H6235,עֶשֶׂר,,,dix,176,
H6236,עֲשַׂר,,,dix,6,
H6237,עָשַׂר,,,"prendre la dixième partie de, prendre une dîme",9,
H6238,עָשַׁר,,,"être ou devenir riche ou aisé, enrichir, prétendre être riche",17,
H6239,עֹ֫שֶׁר,,,richesse,37,
H6240,עָשָׂר,,,"dix, -zième (en combinaison avec d’autres nombres)",339,
H6241,עִשָּׂרוֹן,,,"dixième partie, dîme",33,
H6242,עֶשְׂרִים,,,"vingt, vingtième",315,
H6243,עֶשְׂרִין,,,vingt,1,
H6244,עָשֵׁשׁ,,,"(qal) dépérir, manquer",3,
H6245,עָשַׁת,,,"(qal) être poli, être resplendissant ; (hitp.) penser, se souvenir",2,2025-05-21T08:59:17.000Z
H6246,עֲשִׁת,,,"(P’al) penser, faire le plan de",1,
H6247,עֶ֫שֶׁת,,,"plaque, dalle, quelque chose de fabriqué",1,
H6248,עַשְׁתּוּת,,,"pensée, idée",1,
H6249,עַשְׁתֵּי,,,"un, onze, onzième",19,
H6250,עֶשְׁתֹּנָה,,,"pensée, jugement",1,
H6251,עַשְׁתָּרוֹת,,,"brebis, troupeau, augmenter, accroissement, jeune",4,
H6252,עַשְׁתָּרוֹת,,,"Aschtaroth ou Astartés = « étoiles, accroissement»",12,
H6253,עַשְׁתֹּ֫רֶת,,,Astarté = « étoile»,3,
H6254,עַשְׁתְּרָתִי,,,D’Aschtaroth = voir Aschtaroth « étoile»,1,
H6255,עַשְׁתְּרֹת קַרְנַיִם,,,Ashtaroth-Qarnaïm = «Astarté des deux cornes ou sommets»,2,2025-10-03T10:55:50.714Z
H6256,עֵת,,,temps,296,
H6257,עָתֹד,,,"être prêt, rendre prêt, préparer",2,
H6258,עַתָּ֫ה,,,maintenant,433,2024-11-01T08:15:49.825Z
H6259,עָתוּד,,,"prêt, préparé",1,
H6260,עַתּוּד,,,"bélier (mâle de la brebis), bouc (mâle de la chèvre), un chef",29,
H6261,עִתִּי,,,"opportun, prêt",1,
H6262,עַתַּי,,,Attaï = «opportun»,4,
H6263,עֲתִיד,,,"prêt, préparé",1,
H6264,עָתִיד,,,"prêt, préparé",5,
H6265,עֲתָיָה,,,Athaja = «l’Éternel a secouru»,1,
H6266,עָתִיק,,,"éminent, qui surpasse, de choix, splendide",1,
H6267,עַתִּיק,,,"restauré, sevré, vieux, ancien, écarté",2,
H6268,עַתִּיק,,,"ancien, avancé, âgé, vieux, lointain",3,
H6269,עֲתָ֑ךְ,,,"Athac = «logement, lieu d’habitation»",1,
H6270,עַתְלַי,,,Athlaï = «celui que l’Éternel afflige»,1,
H6271,עֲתַלְיָ֫הוּ,,,Athalie = «affligé du seigneur»,17,
H6272,עָתַם,,,"(nif.) être embrasé, être roussi",1,
H6273,עׇתְנִי,,,Othni = «force de l’Éternel»,1,
H6274,עׇתְנִיאֵל,,,Othniel = «Dieu est puissant»,7,
H6275,עָתַק,,,"déplacer, procéder, avancer, devenir vieux, être transporté",9,
H6276,עָתֵק,,,"avancé, qui endure, durable, de valeur, éminent, qui surpasse",1,
H6277,עָתָק,,,"hardi, audacieux, arrogant",4,
H6278,עֵת קָצִין,,,Ittha-Katsin = «temps du juge»,2,
H6279,עָתַר,,,"prier, supplier, implorer",20,
H6280,עָתַר,,,être abondant,2,
H6281,עֶ֫תֶר,,,Éther = «abondance»,2,
H6282,עָתָר,,,"celui qui supplie, adorateur",2,
H6283,עֲתֶ֫רֶת,,,"abondance, excès, copieux",1,
H6284,פָּאָה,,,"fendre en pièces, rompre en morceaux, briser",1,
H6285,פֵּאָה,,,"coin, bord, côté, quartier, extrémité",86,
H6286,פָּאַר,,,"glorifier, embellir, orner",14,
H6287,פְּאֵר,,,"coiffure, ornement, turban, parure de la tête",7,
H6288,פּוּרָה,,,"branche, rameau, rejeton",7,
H6289,פָּארוּר,,,"lumière, chaleur",2,
H6290,פָּארָן,,,Paran = «lieu de cavernes»,11,
H6291,פַּגָּה,,,"figue verte, figue précoce",1,
H6292,פִּגּוּל,,,"chose infâme, rebut",4,
H6293,פָּגַע,,,"rencontrer, faire la connaissance de, atteindre, faire une intercession",46,
H6294,פֶּ֫גַע,,,"occurrence, événement, occasion",2,
H6295,פַּגְעִיאֵל,,,Paguiel = « événement de Dieu (rencontre)»,5,
H6296,פָּגַר,,,"(piel) être épuisé, être faible",2,
H6297,פֶּ֫גֶר,,,"corps, carcasse, monument, stèle",22,
H6298,פָּגַשׁ,,,"rencontrer, joindre, se joindre à",14,
H6299,פָּדָה,,,"rançon, racheter, délivrer, sauver",59,
H6300,פְּדַהְאֵל,,,Pedahel = «sauvé par Dieu»,1,
H6301,פְּדָהצוּר,,,Pedahtsur = «le rocher a racheté»,7,
H6302,פָּדוּיִם,,,"rançon, rachat",4,
H6303,פָּדוֹן,,,"Padon = «rançon, rédemption»",2,
H6304,פְּדוּת,,,"rançon, rachat",4,
H6305,פְּדָיָהוּ,,,Pedaja = «l’Éternel a racheté»,8,
H6306,פִּדְיוֹן,,,"rançon, rédemption, rachat",3,
H6307,פַּדָּן,,,"Paddan ou Paddan-Aram = «champ, plaine d’Aram»",11,
H6308,פָּדַע,,,(qal) délivrer,1,
H6309,פֶּ֫דֶר,,,"gras, graisse, suif",3,
H6310,פֶּה,,,bouche,498,
H6311,פֹּה,,,"ici, venant d’ici, le plus rapproché",82,
H6312,פּוּאָה,,,Pua ou Puva = «splendeur»,4,
H6313,פּוּג,,,"devenir engourdi, être faible, être las",4,
H6314,פּוּגַת,,,"engourdissement, cessation, repos, soulagement",1,
H6315,פּוּחַ,,,"respirer, souffler",14,
H6316,פּוּט,,,Puth = «un arc»,7,
H6317,פּוּטִיאֵל,,,Puthiel = «affligé de Dieu»,1,
H6318,פּוֹטִיפַר,,,Potiphar = «celui que Râ (dieu solaire) a donné»,2,
H6319,פּוֹטִי פֶ֫רַע,,,Poti-Phéra = «celui que Râ (dieu solaire) a donné»,6,
H6320,פּוּךְ,,,"antimoine, peinture noire",4,
H6321,פּוֹל,,,haricots,2,
H6322,פּוּל,,,"Pul = «fort, qui distingue»",4,
H6323,פּוּן,,,"(qal) être dans la perplexité, être affolé, bouleversé",1,
H6324,פּוּנִי,,,"descendants de Puva, (ou Pua), le fils d’Issacar",1,
H6325,פּוּנֹן,,,"Punon = «obscurité, ténèbres»",2,
H6326,פּוּעָה,,,Pua = «splendide»,1,
H6327,פּוּץ,,,"éparpiller, être dispersé, être éparpillé",67,
H6328,פּוּק,,,"chanceler, vaciller, trébucher",2,
H6329,פּוּק,,,"apporter, fournir, promouvoir, sortir",7,
H6330,פּוּקָה,,,"chancelant, vacillant, achoppement",1,
H6331,פּוּר,,,"(hif.) rompre, briser, écraser",3,
H6332,פּוּר,,,Pur ou Purim = «lot» ou «morceau»,8,
H6333,פּוּרָה,,,pressoir à vendange,2,
H6334,פּוֹרָתָא,,,Poratha = «fertilité»,1,
H6335,פּוּשׁ,,,"jaillir, sauter",4,
H6336,פּוּתִי,,,Puthiens = «franchise»,1,
H6337,פַּז,,,or raffiné ou pur,9,
H6338,פָּזַז,,,raffiner,1,
H6339,פָּזַז,,,"bondir, être agile, être souple",2,
H6340,פָּזַר,,,"éparpiller, disperser",10,
H6341,פַּח,,,"piège à oiseau, trappe, piège",27,
H6342,פָּחַד,,,"craindre, trembler, révérer, redouter, être dans la crainte",25,
H6343,פַּ֫חַד,,,"terreur, crainte",49,
H6344,פַּ֫חַד,,,cuisse,1,
H6345,פַּחְדָּה,,,"crainte, effroi, crainte religieuse",1,
H6346,פֶּחָה,,,gouverneur,28,
H6347,פֶּחָה,,,gouverneur,10,
H6348,פָּחַז,,,"(qal) être folâtre, être téméraire, être écumeux",2,
H6349,פַּ֫חַז,,,"témérité, libertinage, licence débridée, impétuosité",1,
H6350,פַּחֲזוּת,,,"témérité, extravagance, frivolité",1,
H6351,פָּחַח,,,"(hif.) prendre au piège, piéger",1,
H6352,פֶּחָם,,,"charbon, charbon de bois, braise, charbon ardent",3,
H6353,פֶּחָר,,,potier,1,
H6354,פַּ֫חַת,,,"fosse, trou",10,
H6355,פַּ֫חַת מוֹאָב,,,Pachath-Moab = «fosse de Moab»,12,
H6356,פְּחֶ֫תֶת,,,"un trou, un creux",1,
H6357,פִּטְדָה,,,topaze ou chrysolithe,4,
H6360,פַּטִּישׁ,,,"marteau de forge, marteau",3,
H6361,פְּטַשׁ,,,"un vêtement, manteau, tunique",1,
H6362,פָּטַר,,,"séparer, rendre libre, enlever, ouvrir, échapper, être épanoui",9,
H6363,פֶּ֫טֶר,,,"premier-né, en premier lieu, ce qui sépare ou première ouverture",12,
H6364,פִּי־בֶ֫סֶת,,,Pi-Béseth = «bouche de dégoût»,2,
H6365,פִּיד,,,"ruine, désastre, destruction",4,
H6366,פֵּיָה,,,"bord, fil, tranchant (d’une épée)",1,
H6367,פִּי הַחִירֹת,,,Pi-Hahiroth = «lieu des prés»,7,
H6368,פִּיחַ,,,"suie, cendres",2,
H6369,פִּיכֹל,,,Picol = «fort»,3,
H6370,פִּלֶ֫גֶשׁ,,,"concubine, amante",37,
H6371,פִּימָה,,,"abondance (de gras), gras excessif",1,
H6372,פִּינְחָס,,,Phinées = «bouche de cuivre»,25,
H6373,פִּינֹן,,,"Pinon = «obscurité, ténèbres»",2,
H6374,פִּיפִיָּה,,,"dent, bord, fil, bouche",2,
H6375,פִּיק,,,"chancelant, vacillant, chanceler, trébucher",1,
H6376,פִּישׁוֹן,,,Pischon = «augmentation»,1,
H6377,פִּיתוֹן,,,Pithon = «inoffensif»,2,
H6378,פַּךְ,,,"fiole, gourde",3,
H6379,פָּכָה,,,"couler, verser, tomber à verse",1,
H6380,פֹּכֶ֫רֶת הַצְבָיִם,,,Pokéreth-Hatsebaïm = «les liens des gazelles»,4,
H6381,פָּלָא,,,"être merveilleux, étonnant, extraordinaire, séparé par une action distinguée",71,
H6382,פֶּ֫לֶא,,,"miracle, merveille",13,
H6383,פִּלְאִי,,,"merveilleux, incompréhensible, extraordinaire",2,
H6384,פַּלֻּאִי,,,Palluites = voir Pallu «merveilleux»,1,
H6385,פָּלַג,,,"diviser, fendre, partager",4,
H6386,פְּלַג,,,diviser,1,
H6387,פְּלַג,,,"moitié, demi",1,
H6388,פֶּ֫לֶג,,,"canal, cours d’eau",10,
H6389,פֶּ֫לֶג,,,Péleg = «division»,7,
H6390,פְּלַגָּה,,,"courant, division, fleuve",1,
H6391,פְּלֻגָּה,,,division,3,
H6392,פְּלֻגָּה,,,"division, section",1,
H6393,פְּלָדָה,,,"fer, acier",1,
H6394,פִּלְדָּשׁ,,,Pildasch = «flamme de feu»,1,
H6395,פָּלָה,,,"être distinct, remarqué, être séparé, être distingué",7,
H6396,פַּלּוּא,,,Pallu = «distingué»,5,
H6397,פְּלוֹנִי,,,"De Palon, Pelonite = «une certaine personne»",3,
H6398,פָּלַח,,,"fendre, trancher",5,
H6399,פְּלַח,,,"servir, adorer, révérer, être ministre de",10,
H6400,פֶּ֫לַח,,,"scission, meule de pierre, coupure, tranche, partie coupée",6,
H6401,פִּלְחָא,,,"Pilcha = «tranchant, qui laboure»",1,
H6402,פׇּלְחָן,,,"service, culte, adoration",1,
H6403,פָּלַט,,,"échapper, sauver, délivrer, fuir au loin",26,
H6404,פֶּ֫לֶט,,,Péleth = «délivrance»,2,
H6405,פַּלֵּט,,,"délivrance, échapper",1,
H6406,פַּלְטִי,,,Palthi = «ma délivrance»,2,
H6407,פַּלְטִי,,,De Péleth = «fuite»,1,
H6408,פִּלְטָ֑י,,,Pilthaï = «mes délivrances»,1,
H6409,פַּלְטִיאֵל,,,Paltiel ou Palthiel = «Dieu délivre»,2,
H6410,פְּלַטְיָ֫הוּ,,,Pelathia = «l’Éternel délivre»,5,
H6411,פְּלָיָה,,,Pelaja = «l’Éternel fait des merveilles»,3,
H6412,פָּלִיט,,,"réfugié, fuyard, celui qui s’est échappé",24,2024-11-08T10:46:55.000Z
H6413,פְּלֵיטָה,,,"fuite, délivrance",28,
H6414,פָּלִיל,,,"juge, imposition, répartition, estimation",3,
H6415,פְּלִילָה,,,fonction du juge ou de l’arbitre,1,
H6416,פְּלִילִי,,,"ce qui est pour un juge, qui appelle à jugement, judiciaire, criminel",1,
H6417,פְּלִילִיָּה,,,"donner une décision, prononcer un jugement, raisonnement",1,
H6418,פֶּ֫לֶךְ,,,"faire tourner un fuseau, bâton, district",10,
H6419,פָּלַל,,,"intervenir, s’interposer, prier",84,
H6420,פָּלָל,,,"Palal = «juge, (Dieu) a jugé»",1,
H6421,פְּלַלְיָה,,,Pelalia = «l’Éternel a jugé»,1,
H6422,פַּלְמוֹנִי,,,une certaine personne,1,
H6423,פְּלֹנִי,,,une certaine personne,3,
H6424,פָּלַס,,,"(piel) peser, mettre de niveau, équilibrer",6,
H6425,פֶּ֫לֶס,,,balance,2,
H6426,פָּלַץ,,,"(hitp.) frissonner, trembler",1,
H6427,פַּלָּצוּת,,,"frissonnement, tremblement",4,
H6428,פָּלַשׁ,,,rouler,4,
H6429,פְּלֶ֫שֶׁת,,,pays des Philistins = «terre de ceux qui séjournent»,8,
H6430,פְּלִשְׁתִּי,,,Philistins = «immigrants»,288,
H6431,פֶּ֫לֶת,,,Péleth = «vitesse»,2,
H6432,פְּלֵתִי,,,Péléthiens = «courriers»,7,
H6433,פֻּם,,,bouche,6,
H6434,פֵּן,,,angle,1,
H6435,פֶּן־,,,de peur que,133,2026-02-20T14:22:07.050Z
H6436,פַּנַּג,,,"«Pannag» – une nourriture comestible, peut-être pâtisserie",1,
H6437,פָּנָה,,,"(qal) tourner, se retourner, faire demi-tour ; (piel) retourner, revenir ; (Hif, Hof) retourner, revenir ;  (Qal, Hof) se mettre en face de, tourner vers ; (piel) éloigner, débarrasser",135,2025-10-03T11:09:43.245Z
H6438,פִּנָּה,,,"angle, angulaire",29,
H6439,פְּנוּאֵל,,,Penuel ou Peniel = «la face de Dieu»,9,
H6440,פָּנֶה,,,face,2127,
H6441,פְּנִ֫ימָה,,,"vers l’intérieur, dedans",13,
H6442,פְּנִימִי,,,intérieur,32,
H6443,פְּנִינִים,,,objet précieux,6,
H6444,פְּנִנָּה,,,"Peninna = «bijou, corail»",3,
H6445,פָּנַק,,,"(piel) favoriser, choyer, élever, traiter avec délicatesse",1,
H6446,פַּס,,,couleur,5,
H6447,פַּס,,,paume de la main,2,
H6448,פָּסַג,,,(piel) passer entre ou à l’intérieur,1,
H6449,פִּסְגָּה,,,Pisga = «fente»,8,
H6450,פַּס דַּמִּים,,,Pas-Dammim = «frontière de sang»,2,
H6451,פִּסָּה,,,"abondance, plénitude",1,
H6452,פָּסַח,,,"passer par-dessus, sauter",7,
H6453,פֶּ֫סַח,,,"pâque = «passer outre, épargner»",49,
H6454,פָּסֵחַ,,,"Paséach = «boiteux, estropié»",4,
H6455,פִּסֵּחַ,,,boiteux,14,
H6456,פָּסִיל,,,"image, idole, image gravée",23,
H6457,פָּסַךְ,,,"Pasac = «découpé, séparé»",1,
H6458,פָּסַל,,,"couper, tailler, tailler selon une forme",6,
H6459,פֶּ֫סֶל,,,"idole, image",31,
H6460,פְּסַנְטֵרִין,,,un instrument à cordes (triangulaire),4,
H6461,פָּסַס,,,"disparaître, s’évanouir, cesser, manquer",1,
H6462,פִּסְפָּה,,,Pispa = «disparition»,1,
H6463,פָּעָה,,,"(qal) gémir, s’écrier, crier",1,
H6464,פָּ֑עוּ,,,Pahi ou Pau = «bêlement»,2,
H6465,פְּעוֹר,,,"Peor = «fente, ouverture, crevasse»",5,
H6466,פָּעַל,,,"faire, fabriquer",57,
H6467,פֹּ֫עַל,,,"travail, œuvre, action, ouvrage",37,
H6468,פְּעֻלָּה,,,"travail, récompense",14,
H6469,פְּעֻלְּתַי,,,Peulthaï = «œuvre»,1,
H6470,פָּעַם,,,"enfoncer, forcer, pousser, battre d’une façon continue",5,
H6471,פַּ֫עַם,,,"enclume ; pas ; fois, tantôt",118,2025-10-29T16:24:02.728Z
H6472,פַּעֲמֹן,,,clochette,7,
H6473,פָּעַר,,,"ouvrir en grand, bailler",4,
H6474,פַּעֲרַי,,,"Paaraï = «bouche bée, révélation de l’Éternel»",1,
H6475,פָּצָה,,,"partager, ouvrir, séparer, rendre libre",15,
H6476,פָּצַח,,,"rompre, briser, faire éclater",8,
H6477,פְּצִירָה,,,prix,1,
H6478,פָּצַל,,,"(piel) peler, enlever la pelure",2,
H6479,פִּצְלָה,,,"bande, endroit pelé, dénudé",1,
H6480,פָּצַם,,,fendre ou briser,1,
H6481,פָּצַע,,,"meurtrir, blesser, faire une blessure par meurtrissure",3,
H6482,פֶּ֫צַע,,,"meurtrissure, blessure",8,
H6483,פִּצֵּץ,,,Happitsets = «rupture»,1,
H6484,פָּצַר,,,"presser, pousser",7,
H6485,פָּקַד,,,"visiter, se souvenir en bien ou en mal, faire attention à, rassembler, compter, punir, désigner, soigner, prendre soin de",303,
H6486,פְּקֻדָּה,,,"surveillance, attention, garde, rassemblement, châtiment",32,
H6487,פִּקָּדוֹן,,,"dépôt, magasin, provision",3,
H6488,פְּקִדֻת,,,"surveillance, préposé, garde",1,
H6489,פְּקוֹד,,,"Darby traduit par «Pekod», tribu puissante habitant à l’est du Tigre, non loin de son embouchure. Segond traduit par nobles (chefs)",2,
H6490,פִּקּוּד,,,"précepte, statut",24,
H6491,פָּקַח,,,ouvrir (les yeux),20,
H6492,פֶּ֫קַח,,,Pékach = « (Dieu) a ouvert (les yeux)»,11,
H6493,פִּקֵּחַ,,,"voyant, à la vue claire (sage, avisé)",2,
H6494,פְּקַחְיָה,,,Pekachia = «l’Éternel a ouvert (les yeux)»,3,
H6495,פְּקַח־קוֹחַ,,,"ouverture (des yeux), large",2,
H6496,פָּקִיד,,,"commissaire, délégué, préposé, fonctionnaire",13,
H6497,פֶּקָעִים,,,"ornements en bois ou métal sculpté, en forme de nœud, de balle, ou de gourde",3,
H6498,פַּקֻּעֹת,,,sorte de concombre,1,
H6499,פַּר,,,"jeune taureau, jeune bœuf, bouvillon, bœuf",133,
H6500,פָּרָא,,,"(hif.) porter du fruit, être fructueux",1,
H6501,פֶּ֫רֶא,,,âne sauvage,10,
H6502,פִּרְאָם,,,Piream = «comme un âne sauvage»,1,
H6503,פַּרְוָר,,,structure ou immeuble attaché au côté ouest du temple de Salomon,3,
H6504,פָּרַד,,,"séparer, diviser",26,
H6505,פֶּ֫רֶד,,,mulet,15,
H6506,פִּרְדָּה,,,une mule,3,
H6507,פְּרֻדָה,,,"semence, graine de semence",1,
H6508,פַּרְדֵּס,,,"parc, jardin clos, forêt",3,
H6509,פָּרָה,,,"porter du fruit, être fructueux",29,
H6510,פָּרָה,,,"vache, génisse",26,
H6511,פָּרָה,,,Para = «génisse»,1,
H6512,פֵּרָה,,,taupe,1,
H6513,פֻּרָה,,,"Pura = «branche, rameau»",2,
H6514,פְּרוּדָא,,,Peruda ou Perida = «grain»,2,
H6515,פָּרוּחַ,,,"Paruach = «poussé, germé, florissant»",1,
H6516,פַּרְוָ֑יִם,,,Parvaïm = «régions orientales»,1,
H6517,פָּרוּר,,,"casserole, pot",3,
H6518,פֶּ֫רֶז,,,"chef, meneur, guerrier",1,
H6519,פְּרָזָה,,,"région ouverte, hameau, village sans muraille",3,
H6520,פְּרָזוֹן,,,"population rurale, rustique, peuple de villages sans murailles",2,
H6521,פְּרָזִי,,,"villageois, habitants ruraux, demeurant en hameaux",3,
H6522,פְּרִזִּי,,,"Phérézien = «appartenant à un village, villageois»",23,
H6523,פַּרְזֶל,,,fer,20,
H6524,פָּרַח,,,"bourgeonner, une pousse, un rejeton, fleurir",36,
H6525,פֶּ֫רַח,,,"bourgeon, pousse",17,
H6526,פִּרְחָח,,,une couvée,1,
H6527,פָּרַט,,,"(qal) improviser nonchalamment, chanter, bégayer",1,
H6528,פֶּ֫רֶט,,,"ce qui est brisé, quelque chose d’éparpillé",1,
H6529,פְּרִי,,,fruit,119,
H6530,פָּרִיץ,,,"un violent, casseur",6,
H6531,פֶּ֫רֶךְ,,,"rudesse, sévérité, cruauté",6,
H6532,פָּרֹ֫כֶת,,,"rideau, voile",25,
H6533,פָּרַם,,,"(qal) déchirer, fendre un vêtement, fente",3,
H6534,פַּרְמַשְׁתָּא,,,"Parmaschtha = «supérieur, le tout premier»",1,
H6535,פַּרְנָךְ,,,Parnac = «délicat»,1,
H6536,פָּרַס,,,"diviser, casser en deux",14,
H6537,פְּרֵס,,,"(P’al) briser en deux, divisern",3,
H6538,פֶּ֫רֶס,,,oiseau de proie «briseur d’os»,2,
H6539,פָּרַס,,,Perse = «pur»,28,
H6540,פָּרַס,,,Perse = «pur»,6,
H6541,פַּרְסָה,,,sabot,21,
H6542,"פַּרְסִי, פָּרַס",,,Perse = voir Parciy 06539 «pur» ou «splendide»,1,
H6543,"פַּרְסִי, פָּרַס",,,Perse = voir Parciy 06539 «pur» ou «splendide»,1,
H6544,פָּרַע,,,"conduire, agir comme un meneur",16,
H6545,פֶּ֫רַע,,,"chevelure, longs cheveux, mèches",2,
H6546,פֶּ֫רַע,,,"chef, meneur, qui commande",2,
H6547,פַּרְעֹה,,,Pharaon = «grand palais»,274,
H6548,חָפְרַע,,,"Pharaon-Hophra = «la grande maison, prêtre du soleil»",1,
H6550,פַּרְעֹשׁ,,,puce,2,
H6551,פַּרְעֹשׁ,,,Pareosch = «puce»,6,
H6552,פִּרְעָתוֹן,,,Pirathon = «princier»,1,
H6553,פִּרְעָתוֹנִי,,,"Pirathon Pirathonite = voir Pirathon « élévation, princier»",5,
H6554,פַּרְפַּר,,,Parpar = «rapide»,1,
H6555,פָּרַץ,,,"rompre, briser, éclater, faire une brèche",48,
H6556,פֶּ֫רֶץ,,,"brèche, ouverture, éclatement",19,
H6557,פֶּ֫רֶץ,,,Pérets = «brèche»,15,
H6558,פַּרְצִי,,,Péretsites = voir Pérets «brèche»,1,
H6559,פְּרָצִים,,,Peratsim = «brèches»,1,
H6560,פֶּרֶץ עֻזָּא,,,Pérets-Uzza = «brèche de Uzza»,4,
H6561,פָּרַק,,,"déchirer, rompre, briser",10,
H6562,פְּרַק,,,"(P’al) arracher, briser, se détacher (des péchés)",1,
H6563,פֶּ֫רֶק,,,rapine ; carrefour,2,2024-11-08T10:18:56.000Z
H6565,פָּרַר,,,"rompre, faire échouer",50,
H6566,פָּרַשׂ,,,"étendre, répandre, déployer, mettre en morceaux",67,
H6567,פָּרַשׁ,,,"rendre distinct, déclarer, distinguer, séparer",5,
H6568,פְּרַשׁ,,,"(Pael) spécifier, distinguer, rendre distinct",1,
H6569,פֶּ֫רֶשׁ,,,"matières fécales, fiente, fumier, issue, rebut",7,
H6570,פֶּ֫רֶשׁ,,,"Péresch = «fumier, séparé»",1,
H6571,פָּרָשׁ,,,"cheval, coursier, cheval de guerre",57,
H6572,פַּרְשֶׁ֫גֶן,,,copie,4,
H6573,פַּרְשֶׁ֫גֶן,,,copie,3,
H6574,פַּרְשְׁדֹ֑נָה,,,"saleté, excrément,",1,
H6575,פָּרָשָׁה,,,"état exact, déclaration",2,
H6576,פַּרְשֵׁז,,,(Pilel) une étendue (verbale),1,
H6577,פַּרְשַׁנְדָּתָא,,,Parschandatha = «donné par la prière»,1,
H6578,פְּרָת,,,Euphrate = «fertilité»,18,
H6579,פַּרְתְּמִים,,,"noble, grand homme",3,
H6580,פַּשׁ,,,"folie, faiblesse, stupidité",1,
H6581,פָּשָׂה,,,(qal) étendre,22,
H6582,פָּשַׁח,,,"déchirer, fendre, mettre en pièces",1,
H6583,פַּשְׁחוּר,,,Paschhur = «liberté»,14,
H6584,פָּשַׁט,,,"dépouiller, envahir, dénuder, faire une incursion, se répandre",43,
H6585,פָּשַׂע,,,"(qal) marcher, aller à pied",1,
H6586,פָּשַׁע,,,"se rebeller, transgresser, se révolter",41,
H6587,פֶּ֫שַׂע,,,un pas,1,
H6588,פֶּ֫שַׁע,,,"transgression, rébellion",93,
H6589,פָּשַׂק,,,"partager, se livrer, ouvrir large",2,
H6590,פְּשַׁר,,,interpréter,2,
H6591,פְּשַׁר,,,interprétation (d’un songe),31,
H6592,פֵּ֫שֶׁר,,,"interprétation, solution",1,
H6593,פֵּ֫שֶׁת,,,"lin, toile",16,
H6594,פִּשְׁתָּה,,,lin,4,
H6595,פַּת,,,"fragment, un peu, morceau (de pain)",15,
H6596,פֹּת,,,"douille, gonds, parties secrètes (sens douteux)",2,
H6597,פִּתְאֹם,,,"soudainement, d’une manière surprenante, soudain",25,
H6598,פַּת־בָּג,,,"portion de nourriture pour roi, mets délicats",8,
H6599,פִּתְגָּם,,,"un édit, un décret",2,
H6600,פִּתְגָם,,,"commandement, œuvre, affaire, décret",6,
H6601,פָּתָה,,,"être spacieux, être ouvert, être large",28,
H6602,פְּתוּאֵל,,,Pethuel = «persuadé par Dieu»,1,
H6603,פִּתּוּחַ,,,"gravure, découpage, sculpture",11,
H6604,פְּתוֹר,,,"Pethor = «devin, voyant»",2,
H6605,פָּתַח,,,ouvrir,144,
H6606,פְּתַח,,,ouvrir,2,
H6607,פֶּ֫תַח,,,"ouverture, porte, entrée",164,
H6608,פֵּ֫תַח,,,"ouverture, entrée, encadrement de la porte",1,
H6609,פְּתִיחָה,,,"épée tirée (nue), épée",1,
H6610,פִּתְחוֹן,,,ouverture,2,
H6611,פְּתַחְיָה,,,Pethachja = «libéré par l’Éternel»,4,
H6612,פֶּ֫תִי,,,"simplicité, naïveté",19,
H6613,פְּתָי,,,largeur,2,
H6614,פְּתִיגִיל,,,vêtement riche ou très cher,1,
H6615,פְּתַיּוּת,,,"simplicité, naïveté",1,
H6616,פָּתִיל,,,"corde, fil (torsadé)",11,
H6617,פָּתַל,,,"tordre, tortiller",5,
H6618,פְּתַלְתֹּל,,,"tordu, tortueux",1,
H6619,פִּתֹם,,,Pithom = «la cité de justice»,1,
H6620,פֶּ֫תֶן,,,"un serpent, un serpent venimeux",6,
H6621,פֶּתַע,,,"soudainement, en un instant",7,
H6622,פָּתַר,,,(qal) interpréter (des songes),9,
H6623,פִּתְרוֹן,,,interprétation,5,
H6624,פַּתְרוֹס,,,"Pathros = «région du sud, contrée du midi»",5,
H6625,פַּתְרֻסִים,,,Patrusim = voir Pathros «région du sud»,2,
H6626,פָּתַת,,,"rompre, émietter",1,
H6627,צֵאָה,,,"ordure, excrément humain, matières fécales",3,
H6628,צֶאֱלִים,,,une sorte de lotus,2,
H6629,צֹאן,,,"petit bétail, moutons, brebis, chèvres, troupeau",274,
H6630,צַאֲנָן,,,Tsaanan = «lieu des troupeaux»,1,
H6631,צֶאֱצָא,,,"descendance, produire, résultat",11,
H6632,צָב,,,"un véhicule de transport, une litière, un char couvert",3,
H6633,צָבָא,,,"s’avancer, s’enrôler pour la guerre, combattre, servir",14,
H6634,צְבָא,,,"désirer, être enclin, vouloir, ce qui plaît",10,
H6635,צָבָא,,,"(vb) faire la guerre, combattre, s'enfler ; (nm) armée, guerre, combat, service ",484,2025-03-28T09:06:22.000Z
H6636,צְבֹיִים,,,Tseboïm = «gazelles»,5,
H6637,צֹבֵבָה,,,Hatsobéba = «le lent»,1,
H6638,צָבָה,,,"gonfler, enfler",2,
H6639,צָבֶה,,,"gonflement, enflure",1,
H6640,צְבוּ,,,"une chose, rien, sujet",1,
H6641,צָבוּעַ,,,"coloré, tacheté",1,
H6642,צָבַט,,,"(qal) atteindre, étendre, tendre, présenter, offrir",1,
H6643,צְבִי,,,"beauté, gloire, honneur",33,
H6644,צִבְיָא,,,Tsibja = «chevreuil»,1,
H6645,צִבְיָה,,,Tsibja = «gazelle»,2,
H6646,צְבִיָּה,,,"gazelle, daine",2,
H6647,צְבַע,,,"plonger, mouiller (quelque chose)",5,
H6648,צֶ֫בַע,,,"teindre, étoffe teinte, quelque chose de teint, vêtement de couleur",3,
H6649,צִבְעוֹן,,,"père de Ana, dont la fille Oholibama épousa Esaï",8,
H6650,צְבֹעִים,,,"Tseboïm = «tachetés, hyènes»",2,
H6651,צָבַר,,,"(qal) entasser, empiler",7,
H6652,צִבּוּר,,,"tas, pile",1,
H6653,צְבָתִים,,,"paquet, poignée",1,
H6654,צַד,,,côté,33,
H6655,צַד,,,côté,2,
H6656,צְדָא,,,à propos,1,
H6657,צְדָד,,,Tsedad = «flanc de la montagne»,2,
H6658,צָדָה,,,(qal) dresser des embûches,3,
H6659,צָדוֹק,,,"Tsadok = «juste, droit»",53,
H6660,צְדִיָּה,,,"préméditation, embûches",2,
H6661,צִדִּים,,,"Tsiddim = «les déclivités, les côtés»",1,
H6662,צַדִּיק,,,"juste, légal, droit",206,
H6663,צָדֵק,,,"être juste, être droit",41,
H6664,צֶ֫דֶק,,,"justice, droiture, vérité",119,
H6665,צִדְקָה,,,"faire ce qui est droit, agir avec justice",1,
H6666,צְדָקָה,,,"justice, droit",157,2024-11-01T08:15:49.825Z
H6667,צִדְקִיָּ֫הוּ,,,Sédécias = «l’Éternel est justice»,63,
H6668,צָהֵב,,,"luire, briller",1,
H6669,צָהֹב,,,"luisant, jaune (d’une chevelure)",3,
H6670,צָהַל,,,"hennir, crier d’une manière aiguë",9,
H6671,צָהַר,,,"(hif.) presser des olives, extraire l’huile, étinceler",1,
H6672,צֹ֫הַר,,,"midi, milieu du jour",24,
H6673,צַו,,,"commandement, ordonnance, précepte",9,
H6674,צוֹא,,,"immonde, obscène",2,
H6675,צֹאָה,,,"ordure, excrément",5,
H6676,צַוַּאר,,,cou,3,
H6677,צַוָּאר,,,"cou, en arrière du cou, nuque",42,
H6678,צוֹבָא,,,"Tsoba = «station, campement»",12,
H6679,צוּד,,,chasser,18,
H6680,צָוָה,,,"(piel) établir, charger, décréter, commander, ordonner ; (pual) être commandé ; (hitp.) être ordonné",494,2025-07-18T12:02:02.003Z
H6681,צָוַח,,,"(qal) crier, s’écrier, hurler",1,
H6682,צְוָחָה,,,"un cri, crier",4,
H6683,צוּלָה,,,"profondeur de l’océan, profondeur, abîme",1,
H6684,צוּם,,,"(qal) s’abstenir de nourriture, jeûner",21,
H6685,צוֹם,,,jeûne,26,2025-07-01T11:41:02.000Z
H6686,צוּעָר,,,Tsuar = «petitesse»,5,
H6687,צוּף,,,"couler, déborder, inondation, flotter",3,
H6688,צוּף,,,rayon de miel,2,
H6689,צוּף,,,Tsuph ou Tsophaï = «rayon de miel»,4,
H6690,צוֹפַח,,,Tsophach = «une cruche pansue»,2,
H6691,צוֹפַר,,,"Tsophar = «qui gazouille, moineau»",4,
H6692,צוּץ,,,"fleurir, briller, étinceler",9,
H6693,צוּק,,,"(hif.) contraindre, presser, mettre à l’étroit, rétrécir, opprimer",11,
H6694,צוּק,,,"(qal) répandre, fondre",3,
H6695,צוּקָה,,,"contrainte, détresse",4,
H6696,צוּר,,,"lier, assiéger, confiner, limiter",38,
H6697,צוּר,,,"rocher, falaise",78,
H6698,צוּר,,,Tsur = «rocher»,5,
H6699,צוּרָה,,,"forme, manière, dessin",4,
H6700,צוּרִיאֵל,,,Tsuriel = «l’Éternel est mon rocher»,1,
H6701,צוּרִישַׁדָּ֑י,,,Tsurischaddaï = «mon rocher est le tout-puissant»,7,
H6702,צוּת,,,"(hif.) allumer, brûler, mettre en feu",1,
H6703,צַח,,,"éblouissant, rayonnant, embrasé, clair, vif, brillant",4,
H6704,צִחֶה,,,desséché,1,
H6705,צָחַח,,,"(qal) être éblouissant, être incandescent",1,
H6706,צְחִיחַ,,,"surface brillante ou éclatante, lumière",5,
H6707,צְחִיחָה,,,"terres roussies, desséchées",1,
H6709,צַחֲנָה,,,"puanteur, odeur infâme",1,
H6710,צַחְצָחָה,,,"région roussie, terre desséchée",1,
H6711,צָחַק,,,"rire, se moquer de, jouer",13,
H6712,צְחֹק,,,"rire, sujet de rire",2,
H6713,צַ֫חַר,,,"gris-rougeâtre, fauve, basané",1,
H6714,צֹ֫חַר,,,Tsochar = «basané»,5,
H6715,צָחֹר,,,"fauve, basané",1,
H6716,צִי,,,navire,4,
H6717,צִיבָא,,,Tsiba = «statue»,16,
H6718,צַ֫יִד,,,"chasse, gibier",19,
H6719,צַיָּד,,,chasseur,1,
H6720,צֵידָה,,,"provision, nourriture",9,
H6721,צִידוֹן,,,"Sidon = «abondance de poisson, pêche»",22,
H6722,צִידֹנִי,,,Sidoniens = voir Sidon «pêche»,16,
H6723,צִיָּה,,,"sécheresse, désert, aridité",16,
H6724,צָיוֹן,,,"sécheresse, territoire ou sol desséché",2,
H6725,צִיּוּן,,,"poteau indicateur, monument, place de marché",3,
H6726,צִיּוֹן,,,Sion = «lieu desséché»,154,
H6727,צִיחָא,,,Tsicha = «sécheresse»,3,
H6728,צִי,,,"une bête sauvage, habitant du désert, crieur, qui jappe",6,
H6729,צִינֹק,,,"enchaîné, aux fers",1,
H6730,צִיעֹר,,,Tsior = «petitesse»,1,
H6731,צִיץ,,,fleur,15,
H6732,צִיץ,,,"Tsits = «fleur, ou objet brillant»",1,
H6733,צִיצָה,,,"floraison, fleur",1,
H6734,צִיצִת,,,"frange, gland, pompon, coiffure",4,
H6735,צִיר,,,"envoyé, messager",12,
H6736,צִיר,,,"image, idole, beauté",1,
H6737,צָיַר,,,"(hitp.) se fournir en provisions, emporter ses provisions",1,
H6738,צֵל,,,"ombre, ombrage",49,
H6739,צְלָא,,,(Pael) prier,2,
H6740,צָלָה,,,(qal) rôtir,3,
H6741,צִלָּה,,,Tsilla = «ombre (protection)»,3,
H6742,צְלִיל,,,"gâteau, pain rond, un rond, un rouleau",1,
H6743,צָלֵחַ,,,(qal) se précipiter,65,
H6744,צְלַח,,,prospérer,4,
H6745,צֵלָחָה,,,"marmite de cuisson, pot",1,
H6746,צְלֹחִית,,,"jarre, bol",1,
H6747,צַלַּ֫חַת,,,"plat, bol",3,
H6748,צָלִי,,,un rôti,3,
H6749,צָלַל,,,"(qal) enfoncer, être submergé",1,
H6750,צָלַל,,,"tinter, trembloter",4,
H6751,צָלַל,,,être ou devenir sombre,2,
H6752,צֵלֶל,,,"ombre, ombrage",4,
H6753,הַצְּלֶלְפּוֹנִי,,,Hatselelponi = «l’ombre qui se tourne vers moi»,1,
H6754,צֶ֫לֶם,,,image,17,
H6755,צְלֵם,,,"image, idole",17,
H6756,צַלְמוֹן,,,Tsalmon = «ombragé»,3,
H6757,צַלְמָ֫וֶת,,,"ombre de la mort, ombre profonde, profonds ténèbres",18,
H6758,צַלְמֹנָה,,,Tsalmona = «ombragée»,2,
H6759,צַלְמֻנָּע,,,Tsalmunna = «privé de protection»,12,
H6760,צָלַע,,,"boiter, être boiteux",4,
H6761,צֶ֫לַע,,,"action de boiter, achoppement",4,
H6762,צֵלַע,,,"Tséla = «une côte, un flanc»",2,
H6763,צֵלָע,,,"côté, côte, poutre",40,
H6764,צָלָף,,,Tsalaph = «blessure»,1,
H6765,צְלׇפְחָד,,,Tselophchad = «premier-né»,11,
H6766,צֶלְצַח,,,Tseltsach = «ombre de ce qui est brillant»,1,
H6767,צְלָצַ֑ל,,,"bruissement, vrombissement, bourdonnement",6,
H6768,צֶ֫לֶק,,,"Tsélek = «fissure, crevasse»",2,
H6769,צִלְּתַי,,,"Tsilthaï = « (l’Éternel est) une ombre, une protection»",2,
H6770,צָמֵא,,,"(qal) avoir soif, être assoiffé",10,
H6771,צָמֵא,,,soif,9,
H6772,צָמָא,,,soif,17,
H6773,צִמְאָה,,,"dessécher, état desséché, soif, déshydratation",1,
H6774,צִמָּאוֹן,,,sol assoiffé,3,
H6775,צָמַד,,,"lier, joindre, attacher",5,
H6776,צֶ֫מֶד,,,"couple, paire, attelage, équipe, joug",15,
H6777,צַמָּה,,,"un voile, le voile d’une femme",4,
H6778,צַמּוּק,,,"grappe de raisins, raisins secs",4,
H6779,צָמַח,,,"Pousser, germer, croître",33,
H6780,צֶ֫מַח,,,"pousse, croissance, branche",12,
H6781,צָמִיד,,,bracelet,7,
H6782,צַמִּים,,,"piège, trappe, nœud coulant",2,
H6783,צְמִיתֻת,,,"achèvement, finalité, à perpétuité",2,
H6784,צָמַק,,,"sécher, dessécher, se ratatiner",1,
H6785,צֶ֫מֶר,,,laine,16,
H6786,צְמָרִי,,,Tsemariens = voir Tsemaraïm «laine double»,2,
H6787,צְמָרַיִם,,,Tsemaraïm = «double toison de laine»,2,
H6788,צַמֶּ֫רֶת,,,cime d’un arbre,5,
H6789,צָמַת,,,"mettre fin à, couper, détruire, exterminer, extirper",15,
H6790,צִן,,,Tsin = «palmier nain»,10,
H6791,צֵן,,,"épine, barbillon",2,
H6792,צֹנֶה,,,"troupeau, brebis",2,
H6793,צִנָּה,,,"quelque chose de perçant, crochet",22,
H6794,צִנּוֹר,,,"tuyau, bec, conduit, une conduite d’eau",2,
H6795,צָנַח,,,"(qal) s’enfoncer, descendre",3,
H6796,צָנִין,,,"épine, piqûre",2,
H6797,צָנִיף,,,"turban, coiffure",5,
H6798,צָנַם,,,"(qal) dessécher, durcir, flétrir",1,
H6799,צְנָן,,,Tsenan = «lieu des troupeaux»,1,
H6800,צָנוּעַ,,,"être humble, être modeste",2,
H6801,צָנַף,,,"(qal) envelopper, enrouler",3,
H6802,צְנֵפָה,,,"enroulement, chose enveloppée, balle",1,
H6803,צִנְצֶ֫נֶת,,,"jarre, pot, réceptacle",1,
H6804,צַנְתְּרוֹת,,,tuyau,1,
H6805,צָעַד,,,"un pas, une marche, enjambée",8,
H6806,צַ֫עַד,,,"pas, allure, enjambée",14,
H6807,צְעָדָה,,,marche,3,
H6808,צָעָה,,,"se pencher, plier, courber, incliner",5,
H6809,צָעִיף,,,"enveloppe, châle, voile",3,
H6810,צָעִיר,,,"petit, insignifiant, jeune",23,
H6811,צָעִיר,,,Tsaïr = «petit»,1,
H6812,צְעִירָה,,,jeunesse,1,
H6813,צָעַן,,,"(qal) errer, voyager",1,
H6814,צֹ֫עַן,,,Tsoan = «lieu de départ»,7,
H6815,צַעֲנַנִּים,,,"Tsaanannim, Tsaannaïm = «migrations»",2,
H6816,צַעֲצֻעִים,,,"choses formées, images, figures sculptées",1,
H6817,צָעַק,,,"cri, crier, appeler, crier pour une aide",55,
H6818,צְעָקָה,,,"cri, clameur",21,
H6819,צָעַר,,,"être ou devenir insignifiant, croître faiblement",3,
H6820,צֹ֫עַר,,,"Tsoar = «insignifiant, petitesse»",10,
H6821,צָפַד,,,"tirer ensemble, contracter, rapprocher",1,
H6822,צָפָה,,,"regarder, observer, épier, veiller, observer",36,
H6823,צָפָה,,,"poser par-dessus, couvrir, recouvrir",47,
H6824,צָפָה,,,"écoulement, débordement, décharge",1,
H6825,"צְפוֹ, צְפִי",,,Tsepho ou Tsephi = «guet»,3,
H6826,צִפּוּי,,,plaquage (de métal),5,
H6827,צְפוֹן,,,"Tsephon = «guet, attente»",1,
H6828,צָפוֹן,,,"nord (la direction), vers le nord, septentrion",153,
H6829,צָפוֹן,,,Tsaphon = «nord»,1,
H6830,צְפוֹנִי,,,du nord,1,
H6831,צְפוֹנִי,,,"Tsephonites = voir Tsephon «qui veille, trésor»",1,
H6832,צָפִיעַ,,,"fumier (de bétail), excréments de bétail",1,
H6833,צִפּוֹר,,,"oiseau, volaille",40,
H6834,צִפּוֹר,,,"Tsippor = «oiseau, moineau»",7,
H6835,צַפַּ֫חַת,,,"jarre, cruche (pour liquides)",7,
H6836,צְפִּיָּה,,,"poste de garde, tour de garde, un regard",1,
H6837,צִפְיוֹן,,,"Tsiphjon = «guet, attente»",1,
H6838,צְפִיחִת,,,"gâteau plat, galette",1,
H6839,צֹפִים,,,Tsophim = «sentinelles»,1,
H6841,צְפִיר,,,"le mâle de la chèvre, bouc",1,
H6842,צָפִיר,,,"le mâle de la chèvre, bouc",6,
H6843,צְפִירָה,,,"natte, tresse, couronne",3,
H6844,צָפִית,,,"tapis, carpette",1,
H6845,צָפַן,,,"cacher, trésor, mettre en réserve",32,
H6846,צְפַנְיָהוּ,,,"Sophonie = «l’Éternel a caché, protégé»",10,
H6847,צָֽפְנַת פַּעְנֵחַ,,,Tsaphnath-Paenéach = «ce vivant est l’approvisionnement du pays»,2,
H6848,צִפְעוֹנִי,,,serpent venimeux,5,
H6849,צְפִיעָה,,,"rejeton, feuille, rameau",1,
H6850,צָפַף,,,"(Pilpel) pépier, gazouiller, murmurer, regarder furtivement",4,
H6851,צַפְצָפָה,,,une sorte de saule,1,
H6852,צָפַר,,,"(qal) s’en aller de bonne heure, partir tôt",1,
H6853,צְפַר,,,oiseau,4,
H6854,צְפַרְדֵּעַ,,,grenouille,13,
H6855,צִפֹּרָה,,,"Séphora = «petit oiseau, moineau»",3,
H6856,צִפֹּ֫רֶן,,,"ongle des doigts, pointe de stylet",2,
H6857,צְפַ֑ת,,,Tsephath = «tour de guet»,1,
H6858,צֶ֫פֶת,,,le chapiteau (d’un pilier),1,
H6859,צְפַ֫תָה,,,Tsephata = «tour de guet»,1,
H6860,צִקְלַג,,,"Tsiklag = «enroulement, sinueux»",15,
H6861,צִקָּלֹן,,,"cosse, gousse, sac",1,
H6862,צַר,,,"étroit, serré",109,
H6863,צֵר,,,"Tser = «silex, caillou»",1,
H6864,צֹר,,,"silex, caillou dur",2,
H6865,צֹר,,,Tyr = «un rocher»,42,
H6866,צָרַב,,,"brûler, roussir",1,
H6867,צָרֶ֫בֶת,,,"croûte, cicatrice d’un mal",3,
H6868,צְרֵדָה,,,"Tseréda = «forteresse, qui opprime»",2,
H6869,צָרָה,,,"angoisse, détresse, malheur",73,
H6870,צְרוּיָה,,,Tseruja = «baume»,26,
H6871,צְרוּעָה,,,"Tserua = «frappée, lépreuse»",1,
H6872,צְרוֹר,,,"paquet, colis, sac",10,
H6873,צָרַח,,,"crier, hurler, émettre un son aigu ou clair",2,
H6874,צְרִי,,,Tseri = «bâtir»,1,
H6875,צֳרִי,,,"une sorte de baume, de pommade, d’onguent",6,
H6876,צֹרִי,,,Tyrien = voir Tyr «rocher»,5,
H6877,צְרִיחַ,,,"excavation, chambre souterraine, cave, local souterrain",4,
H6878,צֹ֫רֶךְ,,,besoin,1,
H6879,צָרַע,,,"être morbide de peau, être lépreux",20,
H6880,צִרְעָה,,,frelons,3,
H6881,צׇרְעָה,,,Tsorea = «frelon»,10,
H6882,צׇרְעָתִי,,,"Tsoreïens, Tsoreathiens = voir Tsorea «frelon»",3,
H6883,צָרַ֫עַת,,,lèpre,35,
H6884,צָרַף,,,"fondre, raffiner, mettre à l’épreuve",33,
H6885,צֹרְפִי,,,orfèvres,1,
H6886,צָֽרְפַת,,,"Sarepta = «lieu du fondeur, de l’orfèvre, raffinerie»",3,
H6887,צָרַר,,,"lier, être étroit, être dans la détresse, mettre dans la détresse, être mis à l’étroit, être assiégé, être lié",54,
H6888,צְרֵרָה,,,"Tseréra = «forteresse, oppression»",1,
H6889,צֶ֫רֶת,,,Tséreth = «splendeur»,1,
H6890,צֶרֶת הַשַּׁ֫חַר,,,Tséreth-Haschachar = «splendeur de l’aurore»,2,
H6891,צָֽרְתָן,,,Tsarthan = «leur détresse»,3,
H6892,קֵא,,,"vomir, ce qui a été vomi",4,
H6893,קָאַת,,,"d’après la loi, oiseau impur",5,
H6894,קַב,,,kab = «récipient creux»,1,
H6895,קָבַב,,,"maudire, envoyer une malédiction envers",14,
H6896,קֵבָה,,,"estomac, ventre, caillette, jabot",1,
H6897,קֹבָה,,,"estomac, ventre",1,
H6898,קֻבָּה,,,"grande tente voûtée, tente",1,
H6899,קִבּוּץ,,,"assemblage, assemblée, rassemblement",1,
H6900,קְבֻרָה,,,"tombe, enterrement, lieu de l’enterrement",14,
H6901,קָבַל,,,"prendre, recevoir, être en avant",13,
H6902,קַבֵּל,,,(Pael) recevoir,3,
H6903,קֳבֵל,,,devant,29,
H6904,קְבֹל,,,"quelque chose en face, engin d’attaque, quelque chose en avant",1,
H6905,קָבָל,,,"quelque chose en face, engin d’attaque, quelque chose devant",1,
H6906,קָבַע,,,(qal) voler,6,
H6907,קֻבַּעַת,,,coupe,2,
H6908,קָבַץ,,,"recueillir, assembler",127,
H6909,קַבְצְאֵל,,,Kabtseel = «Dieu recueillera»,3,
H6910,קְבֻצָה,,,"rassemblement, assemblée",1,
H6911,קִבְצַיִם,,,Kibtsaïm = «deux rassemblements»,1,
H6912,קָבַר,,,enterrer,133,
H6913,קֶ֫בֶר,,,"tombe, sépulcre, tombeau",67,
H6914,קִבְרוֹת הַתַּאֲוָה,,,Kibroth-Hattaava = «tombes de la convoitise»,10,
H6915,קָדַד,,,"(qal) s’incliner, se courber",15,
H6916,קִדָּה,,,bois aromatique entrant dans la composition de l’huile d’onction,2,
H6917,קָדוּם,,,"antiquité, ancien, une ruée, un torrent",1,
H6918,קָדוֹשׁ,,,"sacré, saint, le Saint, mis à part",116,
H6919,קָדַח,,,"allumer, être allumé",5,
H6920,קַדַּ֫חַת,,,fièvre,2,
H6921,קָדִים,,,"est, vent d’est, orient, côté oriental",69,
H6922,קַדִּישׁ,,,"saint, séparé",13,
H6923,קָדַם,,,"rencontrer, venir ou être en face, confronter, aller au devant",26,
H6924,קֶ֫דֶם,,,"devant ; est, orient ; antiquité, passé",87,2025-07-11T15:09:09.000Z
H6925,קֳדָם,,,"devant, face à, en présence de",42,
H6926,קִדְמָה,,,"en avant, devant, est, orient, antiquité, Orient",4,
H6927,קַדְמָה,,,"antiquité, premier état situation, avant, origine",6,
H6928,קַדְמָה,,,"temps ou situation qui ont précédé, comme avant",2,
H6929,קֵ֑דְמָה,,,Kedma = «originel»,2,
H6930,קַדְמוֹן,,,"le côté est, oriental",1,
H6931,קַדְמֹנִי,,,"oriental ; d'autrefois, ancien",10,2024-11-01T08:15:49.825Z
H6932,קְדֵמוֹת,,,Kedémoth = «localités de l’est»,4,
H6933,קַדְמַי,,,"premier, précédent",3,
H6934,קַדְמִיאֵל,,,"Kadmiel = «Dieu est devant, l’ancien»",8,
H6935,קַדְמֹנִי,,,Kadmoniens = «peuple de l’est»,1,
H6936,קׇדְקֹד,,,"tête, sommet de la tête, couronne de cheveux, cuir chevelu",11,
H6937,קָדַר,,,"pleurer, être sombre",17,
H6938,קֵדָר,,,Kédar = «sombre»,12,
H6939,קִדְרוֹן,,,"Cédron = «sombre, trouble»",11,
H6940,קַדְרוּת,,,"obscurité, ténèbres",1,
H6941,קְדֹרַנִּית,,,tristement,1,
H6942,קָדַשׁ,,,"consacrer, sanctifier, préparer, dédier, être sanctifié, être saint, être séparé",171,
H6943,קֶ֫דֶשׁ,,,"Kédesch = «lieu saint, consacré»",12,
H6944,קֹ֫דֶשׁ,,,"saintété, sacré",469,2024-11-01T08:15:49.825Z
H6945,קָדֵשׁ,,,un homme prostitué qui se prostitue,6,
H6946,קָדֵשׁ,,,"Kadès = «saint, consacré»",18,
H6947,קָדֵשׁ בַּרְנֵעַ,,,Kadès-Barnéa = «lieu saint pour l’errance»,20,
H6948,קְדֵשָׁה,,,"femme du temple qui se prostituait, prostituée, fille de joie",5,
H6949,קָהָה,,,"être émoussé, ennuyé, agacé",4,
H6950,קָהַל,,,"assembler, recueillir, réunir",39,
H6951,קָהָל,,,"assemblée, compagnie, congrégation, convocation",123,
H6952,קְהִלָּה,,,"assemblée, multitude",2,
H6953,קֹהֶ֫לֶת,,,"collecteur (de sentences), prédicateur, homme public, celui quiparle dans une assemblée, dans une église, Kohéleth",7,
H6954,קְהֵלָ֫תָה,,,Kehélatha = «assemblée»,2,
H6955,קְהָת,,,Kehath = «assemblée»,32,
H6956,קְהָתִי,,,Kehathites = voir Kehath «assemblée»,15,
H6957,קַו,,,"cordeau, règle, ligne ou cordon pour mesurer",21,
H6958,קִיא,,,"vomir, dégorger, déglutir",8,
H6959,קוֹבַע,,,casque,2,
H6960,קָוָה,,,"(qal) attendre, espérer • (nif.) être amassé ",49,2026-02-27T14:12:44.212Z
H6962,קוּט,,,"détester, être affligé, chagriné, ressentir du dégoût",6,
H6963,קוֹל,,,"voix, son, bruit",506,
H6964,קוֹלָיָה,,,Kolaja = «voix de l’Éternel»,2,
H6965,קוּם,,,"se lever, s’élever, se trouver, dresser, élever",628,
H6966,קוּם,,,"se lever, s’élever, se tenir",35,
H6967,קוֹמָה,,,hauteur,45,
H6968,קוֹמְמִיּוּת,,,droiture,1,
H6969,קִינֵן,,,"chanter un chant funèbre, chanter, gémir, se lamenter",8,
H6970,קוֹעַ,,,"un territoire en Mésopotamie, à l’est du Tigre, sur la frontière d’Élam et de la Médie",1,
H6971,קוֹף,,,singe,2,
H6972,קיץ,,,(qal) passer l’été,1,
H6973,קוּץ,,,"être chagriné, affligé, détester, ressentir une aversion, redouter d’une façon maladive",9,
H6974,קִיץ,,,"éveiller, s’éveiller",22,
H6975,קוֹץ,,,"épine, buisson d’épines, ronces",12,
H6976,קוֹץ,,,Hakkots (Kots) = « épine»,6,
H6977,קְוֻצּוֹת,,,"boucles, boucle de cheveux",2,
H6978,קַוְקָו,,,puissance,4,
H6979,קָרַר,,,"(qal) forer, creuser, chercher de l’eau",6,
H6980,קוּר,,,"fil, pellicule, tissu, toile",2,
H6981,קוֹרֵא,,,Koré = «crier»,3,
H6982,קוֹרָה,,,"chevron, poutre",5,
H6983,קוּשׁ,,,"(qal) poser un appât ou un leurre, tendre un piège, leurrer",1,
H6984,קוּשָׁיָ֫הוּ,,,Kuschaja = «arc ou piège de l’Éternel»,1,
H6985,קָ֔ט,,,"une petite chose, peu de, simplement (adv)",1,
H6986,קֶ֫טֶב,,,destruction,3,
H6987,קֹטֶב,,,destruction,1,
H6988,קְטוֹרָה,,,"fumée de sacrifice, encens",1,
H6989,קְטוּרָה,,,Ketura = «encens»,4,
H6990,קוֹט,,,"(qal) être découpé, arraché, brisé, happé",1,
H6991,קָטַל,,,"(qal) tuer, assassiner",3,
H6992,קְטַל,,,"tuer, mettre à mort",7,
H6993,קֶ֫טֶל,,,"massacre, abattage",1,
H6994,קָטֹן,,,"être petit, être insignifiant",4,
H6995,קְטֹן,,,petit doigt,2,
H6996,קָטֹן,,,"jeune, petit, insignifiant, sans importance",101,
H6997,קָטָן,,,"Hakkathan = «le petit, le cadet»",1,
H6998,קָטַף,,,"arracher, couper",5,
H6999,קָטַר,,,"(piel) brûler de l'encens ; (hif.) encenser, envoyer la fumée",116,2025-02-27T09:48:38.000Z
H7000,קָטַר,,,"(qal) enfermer, enclore, joindre",1,
H7001,קְטַר,,,"nœud, joint, problème",3,
H7002,קִטֵּר,,,encens,1,
H7003,קִטְרוֹן,,,Kitron = «encens»,1,
H7004,קְטֹ֫רֶת,,,"encens, fumée, odeur de sacrifice (holocauste)",60,
H7005,קַטָּת,,,Katthath = «petit»,1,
H7006,קָיָה,,,"(qal) vomir, dégorger",1,
H7007,קַ֫יִט,,,été,1,
H7008,קִיטוֹר,,,"fumée épaisse, vapeur",4,
H7009,קִים,,,adversaire,1,
H7010,קְיָם,,,"décret, statut",2,
H7011,קַיָּם,,,"fixe, durable",2,
H7012,קִימָה,,,le lever,1,
H7013,קַ֫יִן,,,une lance,1,
H7014,קַ֫יִן,,,Caïn = «possession»,19,
H7015,קִינָה,,,"lamentation, chant funèbre, élégie",18,
H7016,קִינָה,,,"Kina = «lamentation, chant funèbre»",1,
H7017,קֵינִי,,,Kéniens = «forgerons»,12,
H7018,קֵינָן,,,Kénan = «possession»,6,
H7019,קַ֫יִץ,,,"été, fruit d’été",20,
H7020,קִיצוֹן,,,"à la fin, extrémités, extérieur",4,
H7021,קִיקָיוֹן,,,"plante, ricin",5,2025-07-01T11:38:11.000Z
H7022,קִיקָלוֹן,,,"disgrâce, honte",1,
H7023,קִיר,,,"mur, côté",75,
H7024,קִיר,,,"Kir = «mur, muraille»",5,
H7025,קִיר חֶרֶשׂ,,,"Kir-Haréseth, Kir-Hérès, Kir-Harès = «mur de tessons»",10,
H7026,קֵרֹס,,,Kéros = «cheville»,2,
H7027,קִישׁ,,,"Kis = «courbé, piège, oiseleur»",21,
H7028,קִישׁוֹן,,,Kison = «qui se courbe»,6,
H7029,קִישִׁי,,,Kischi = «arc ou piège de l’Éternel»,1,
H7030,קַתָרֹס,,,un instrument de musique,4,
H7031,קַל,,,"rapide, léger, qui flotte",13,
H7032,קָל,,,"la voix, le son",7,
H7033,קָלָה,,,"rôtir, dessécher",4,
H7034,קָלָה,,,"disgracier, déshonorer, n’être que peu estimé, être déshonoré,être méprisé",6,
H7036,קָלוֹן,,,"honte, disgrâce, déshonneur, ignominie",17,
H7037,קַלַּ֫חַת,,,"chaudron, pot, marmite, bouilloire",2,
H7038,קָלַט,,,"(qal) être handicapé, être déformé (d’un animal du sacrificeayant une partie de son corps abîmée)",1,
H7039,קָלִי,,,"grain desséché, grain rôti",6,
H7040,קַלַּי,,,Kallaï = «rapide»,1,
H7041,קֵלָיָה,,,Kélaja = «l’Éternel l’a méprisé»,1,
H7042,קְלִיטָא,,,Kelitha = «estropié»,3,
H7043,קָלַל,,,"être léger, être rapide, être insignifiant, être de faible valeur, être vil",82,
H7044,קָלָל,,,"bruni, poli",2,
H7045,קְלָלָה,,,"malédiction, diffamation, calomnie, exécration, imprécation",33,
H7046,קָלַס,,,"se moquer, railler, rire de",4,
H7047,קֶ֫לֶס,,,"dérision, ridicule, se moquer de",3,
H7048,קַלָּסָה,,,"moquerie, dérision",1,
H7049,קָלַע,,,"lancer (avec une fronde), lancer violemment",7,
H7050,קֶ֫לַע,,,"fronde, pierres de frondes",22,
H7051,קַלָּע,,,"celui qui utilise la fronde, frondeur",1,
H7052,קְלֹקֵל,,,"méprisable, indigne, sans valeur",1,
H7053,קִלְּשׁוֹן,,,"fourchette, fourche à trois pointes, trident, aiguillon",1,
H7054,קָמָה,,,blé sur pied,10,
H7055,קְמוּאֵל,,,"Kemuel = «Dieu se lève, congrégation de Dieu»",3,
H7056,קָמוֹן,,,Kamon = «des pas abondants»,1,
H7057,קִמּוֹשׂ,,,"chardons ou orties, ou ronces, une plante piquante ou inutile",2,
H7058,קֶ֫מַח,,,"farine, (pour les repas)",14,
H7059,קָמַט,,,saisir,2,
H7060,קָמֵל,,,"être délabré, être flétri",2,
H7061,קָמַץ,,,"(qal) saisir, prendre avec la main, prendre une poignée",3,
H7062,קֹ֫מֶץ,,,"une main fermée, poing, poignée",4,
H7063,קִמָּשׂוֹן,,,"chardons ou orties ou ronces, une plante piquante ou inutile",1,
H7064,קֵן,,,nid,13,
H7065,קָנָא,,,"envier, être jaloux, être envieux, être zélé",34,
H7066,קְנָא,,,"(P’al) acquérir, acheter",1,
H7067,קַנָּא,,,jaloux (seulement de Dieu),6,
H7068,קִנְאָה,,,"ardeur, zèle, jalousie",43,
H7069,קָנָה,,,"Obtenir, acquérir, créer, acheter, posséder",84,
H7070,קָנֶה,,,"roseau, tige, os, balances",62,
H7071,קָנָה,,,Kana = «roseau»,3,
H7072,קַנּוֹא,,,jaloux,2,
H7073,קְנַז,,,Kenaz = «chasseur»,11,
H7074,קְנִזִּי,,,"Kenizien = «descendant de Kenaz, qui appartiennent à Ken»",4,
H7075,קִנְיָן,,,"chose acquise, acquisition, possession, propriété, richesse",10,
H7076,קִנָּמוֹן,,,"cinnamome, cannelle",3,
H7077,קִנֵּן,,,faire un nid,5,
H7078,קֵ֫נֶץ,,,"piège, filet",1,
H7079,קְנָת,,,Kenath = «possession»,2,
H7080,קָסַם,,,"(qal) pratiquer la divination, deviner",20,
H7081,קֶ֫סֶם,,,"divination, sorcellerie",11,
H7082,קָסַס,,,"(Poel) dépouiller, couper",1,
H7083,קֶ֫סֶת,,,"pot (pour l’encre), écritoire, encrier (de pupitre)",3,
H7084,קְעִילָה,,,Keïla = «forteresse»,18,
H7085,קַעֲקַע,,,"incision, impression, tatouage, marque",1,
H7086,קְעָרָה,,,un plat,17,
H7087,קָפָא,,,"épaissir, condenser, congeler, figer, devenir dense",4,
H7088,קָפַד,,,"(piel) recueillir ensemble, enrouler, moissonner",1,
H7089,קְפָדָה,,,"frissonnement, angoisse",1,
H7090,קִפֹּד,,,"porc-épic, hérisson",3,
H7091,קִפּוֹז,,,"serpent, hibou",1,
H7092,קָפַץ,,,"tirer ensemble, retirer, clore, fermer, arrêter",7,
H7093,קֵץ,,,fin,67,
H7094,קָצַב,,,"(qal) couper, tondre",2,
H7095,קֶ֫צֶב,,,forme ; extrémité,3,2025-06-06T09:34:18.000Z
H7096,קָצָה,,,"couper, découper",5,
H7097,קָצֶה,,,"fin, extrémité, bout",97,
H7098,קָצָה,,,"fin, extrémité",35,
H7099,קָ֫צוּ,,,"fin, bout, frontière, limite",3,
H7100,קֶ֫צַח,,,cumin noir,3,
H7101,קָצִין,,,"chef, souverain, commandant",12,
H7102,קְצִיעָה,,,casse,1,
H7103,קְצִיעָה,,,Ketsia = «casse (parfum)»,1,
H7104,קְצִיץ,,,"Ketsits = «coupée, découpée»",1,
H7105,קָצִיר,,,"moisson, récolte",54,2026-02-18T15:01:55.192Z
H7106,קָצַע,,,"râcler, gratter, découper",2,
H7107,קָצַף,,,"avoir du déplaisir, être fâché, se ronger, être courroucé",34,
H7108,קְצַף,,,"(P’al) être ou devenir en colère, être courroucé, fâché",1,
H7109,קְצַף,,,"courroux (de Dieu), colère",1,
H7110,קֶ֫צֶף,,,"courroux, colère",29,
H7111,קְצָפָה,,,"cassure ou brisure, quelque chose de fragmenté, mis en morceaux",1,
H7112,קָצַץ,,,couper,14,
H7113,קְצַץ,,,"(Pael) couper, découper",1,
H7114,קָצַר,,,"être court, être impatient, être vexé, être affligé",49,
H7115,קֹ֫צֶר,,,"brièveté, impatience, angoisse",1,
H7116,קָצֵר,,,"court, impatient",5,
H7117,קְצָת,,,"fin, bout, partie",7,
H7118,קְצָת,,,"bout, fin, partie",3,
H7119,קַר,,,"frais, fraîche",2,
H7120,קֹר,,,froid,1,
H7121,קָרָא,,,"appeler, réciter, lire, s’écrier, proclamer",733,
H7122,קָרָא,,,"rencontrer, arriver, faire la connaissance de",139,
H7123,קְרָא,,,"appeler, lire à haute voix, crier",11,
H7124,קֹרֵא,,,perdrix,2,
H7126,קָרַב,,,"venir près de, s’approcher de, entrer dans",280,
H7127,קְרֵב,,,"approcher, venir auprès de",9,
H7128,קְרָב,,,"bataille, guerre",9,
H7129,קְרָב,,,guerre,1,
H7130,קֶ֫רֶב,,,"au milieu, parmi, entre, partie interne, le milieu",227,
H7131,קָרֵב,,,"proche, près, une approche",12,
H7132,קִרְבָה,,,"une approche, aller auprès de",2,
H7133,קׇרְבָּן,,,"offrande, oblation, sacrifice",82,
H7134,קַרְדֹּם,,,hache,5,
H7135,קָרָה,,,froid,5,
H7136,קָרָה,,,"rencontrer, arriver à, venir à la rencontre, au-devant",27,
H7137,קָרֶה,,,"chance, accident",1,
H7138,קָרֹב,,,"proche, près",77,
H7139,קָרַח,,,"être chauve, rendre chauve",5,
H7140,קֶ֫רַח,,,"gelée, glace, cristal de glace",7,
H7141,קֹ֫רַח,,,Koré = «chauve»,37,
H7142,קֵרֵחַ,,,chauve,3,
H7143,קָרֵחַ,,,Karéach = «chauve»,14,
H7144,קׇרְחָה,,,"calvitie, être chauve",11,
H7145,קׇרְחִי,,,"Koréite, Korite = «un de Koré»",8,
H7146,קָרַ֫חַת,,,"calvitie de la tête, calvitie de l’arrière, tache chauve",4,
H7147,קְרִי,,,"opposition, contrariété, rencontre contraire ou hostile",7,
H7148,קָרִיא,,,"appelé, convoqué, l’appelé",2,
H7149,קִרְיָה,,,"ville, cité",9,
H7150,קְרִיאָה,,,"proclamation, prédication",1,
H7151,קִרְיָה,,,"ville, cité",29,
H7152,קְרִיּוֹת,,,Kerijoth = «villes»,4,
H7153,קִרְיַת אַרְבַּע,,,Kirjath-Arba = «ville d’Arba»,17,
H7154,קִרְיַת בַּעַל,,,Kirjath-Baal = «ville de Baal»,4,
H7155,קִרְיַת חֻצוֹת,,,Kirjath-Hutsoth = «ville des rues»,2,
H7156,קִרְיָתַ֫יִם,,,"Kirjathaïm = «deux villes, villes jumelles»",7,
H7157,קִרְיַת יְעָרִים,,,Kirjath-Jearim = «ville des forêts»,39,
H7158,קִרְיַת־סֵ֫פֶר,,,"Kirjath-Sépher ou Kirjath-Sanna = «ville de livres, d’instruction»",10,
H7159,קָרַם,,,"étendre ou poser quelque chose sur, couvrir, recouvrir",2,
H7160,קָרַן,,,briller,4,
H7161,קֶ֫רֶן,,,corne,76,
H7162,קֶ֫רֶן,,,corne,14,
H7163,קֶרֶן הַפּוּךְ,,,Kéren-Happuc = «corne d’antimoine»,2,
H7164,קָרַס,,,"(qal) plier, courber, se pencher, s’accroupir",2,
H7165,קֶ֫רֶס,,,"crochet, agrafe",10,
H7166,קַרְסֹל,,,cheville,2,
H7167,קָרַע,,,"déchirer, mettre en morceaux",63,
H7168,קֶ֫רַע,,,"chiffon, pièce de vêtement déchirée, un haillon",4,
H7169,קָרַץ,,,"étroit, former, pincer, serrer, presser, clin d’œil, bourse",5,
H7170,קְרַץ,,,morceau,2,
H7171,קֶ֫רֶץ,,,"pincement, qui pince, piqure",1,
H7172,קַרְקַע,,,"plancher, fond",8,
H7173,קַרְקַע,,,"Karkaa = «plancher, sol, aire»",1,
H7174,קַרְקֹר,,,"Karkor = «fondation, fondement»",1,
H7175,קֶ֫רֶשׁ,,,"planche, panneau, banc",51,
H7176,קֶ֫רֶת,,,"ville, cité",5,
H7177,קַרְתָּה,,,Kartha = «ville»,2,
H7178,קִרְיָתַ֫יִם,,,Karthan = «ville»,1,
H7179,קַשׁ,,,"chaume, paille, menue paille",16,
H7180,קִשֻּׁאָה,,,concombre,1,
H7181,קָשַׁב,,,"entendre, être attentif, faire attention à, prêter (l’oreille), tourner (les yeux), écouter",46,
H7182,קֶ֫שֶׁב,,,"être attentif, avoir de l’attention",4,
H7183,קַשֻּׁב,,,"être attentif, avoir de l’attention",5,
H7184,קַשְׂוָה,,,"une sorte de cruche, jarre",4,
H7185,קָשָׁה,,,"être dur, être sévère, être féroce, être rude",28,
H7186,קָשֶׁה,,,"dur, cruel, sévère, obstiné",36,
H7187,קְשֹׁט,,,vérité,2,
H7188,קָשַׁח,,,"rendre dur, traiter durement, traiter sévèrement",2,
H7189,קֹ֫שֶׁט,,,arc,2,
H7190,קְשִׁי,,,"opiniâtreté, obstination",1,
H7191,קִשְׁיוֹן,,,Kischjon = «dureté»,2,
H7192,קְשִׂיטָה,,,une unité de valeur inconnue,3,
H7193,קַשְׂקֶ֫שֶׂת,,,"écaille (de poisson, animaux aquatiques)",8,
H7194,קָשַׁר,,,"lier, attacher, nouer, se liguer ensemble, conspirer",44,
H7195,קֶ֫שֶׁר,,,"conspiration, trahison, alliance (illicite)",16,
H7196,קִשֻּׁרִים,,,"bandes, ceintures, bandeaux de tête",2,
H7197,קָשַׁשׁ,,,"rassembler, recueillir, assembler, collecter, ramasser du chaume",8,
H7198,קֶ֫שֶׁת,,,arc,76,
H7199,קַשָּׁת,,,"tireur d’arc, archer",1,
H7200,רָאָה,,,"voir, regarder, examiner, inspecter, apercevoir, considérer",1300,
H7201,רָאָה,,,oiseau de proie,1,
H7202,רָאֶה,,,(qal) en voyant,1,
H7203,רֹאֶה,,,"voyant, prophète",12,
H7204,רֹאֶה,,,Haroé = «vision»,1,
H7205,רְאוּבֵן,,,Ruben = «voici un fils!»,72,
H7206,רְאוּבֵנִי,,,Rubénite = voir Ruben «voici un fils»,18,
H7208,רְאוּמָה,,,"Réuma = « élevée, exaltée»",1,
H7209,רְאִי,,,miroir,1,
H7210,רֳאִי,,,"regard, apparence, vue, spectacle",5,
H7211,רְאָיָה,,,Reaja = «l’Éternel a vu»,4,
H7212,רְאוּת,,,(qal) regarder,1,
H7213,רָאַם,,,(qal) se lever,1,
H7214,רְאֵם,,,probablement les grands aurochs ou taureaux sauvages qui ont maintenantdisparu Sens exact inconnu,9,
H7215,רָאמוֹת,,,"le corail était extrait de la Méditerranée ou de la Mer Rouge, pour des colliers ou des amulettes",2,
H7216,רָאמוֹת,,,"Ramoth = «hauteurs, lieux élevés»",4,
H7217,רֵאשׁ,,,"chef, tête",14,
H7218,רֹאשׁ,,,"tête, dessus, sommet, partie supérieure, chef, principal, premier, total, somme, hauteur, front, le devant, commencement",600,
H7219,רֹאשׁ,,,"fiel, venin, amer, empoisonné, vénéneux, venimeux",12,
H7220,רֹאשׁ,,,"Rosch = «tête, chef, prince, souverain»",1,
H7221,רִאשָׁה,,,"commencement des temps, aux premiers temps",1,
H7222,רֹאשָׁה,,,"sommet, dessus",1,
H7223,רִאשׁוֹן,,,"premier, primaire, précédent",181,
H7224,רִאשֹׁנִי,,,premier,1,
H7225,רֵאשִׁית,,,"premier, d’abord, commencement, meilleur, chef, principal",51,
H7226,רַאֲשֹׁת,,,"lieu de tête, à la tête",1,
H7227,רַב,,,"beaucoup, un grand nombre de, grand",454,
H7228,רַב,,,"archer, qui lance des traits",3,
H7229,רַב,,,grand,15,
H7230,רֹב,,,"multitude, abondance, grandeur",149,
H7231,רָבַב,,,"être ou devenir nombreux, être ou devenir grand",21,
H7232,רָבַב,,,(qal) tirer,2,
H7233,רְבָבָה,,,"multitude, myriade, dix mille",16,
H7234,רָבַד,,,"(qal) étendre, orner, parer, agrémenter",1,
H7235,רָבָה,,,"être ou devenir grand, être ou devenir nombreux",227,
H7236,רְבָה,,,devenir grand,6,
H7237,רַבָּה,,,"Rabbath, Rabba = «grande (capitale)»",15,
H7238,רְבוּ,,,grandeur,5,
H7239,רִבּוֹ,,,"dix mille, myriade",10,2025-10-15T13:43:37.536Z
H7240,רִבּוֹ,,,"myriade, dix mille temps",2,
H7241,רְבִיבִים,,,averse copieuse,6,
H7242,רָבִיד,,,chaîne (ornement pour le cou – collier),2,
H7243,רְבִיעִי,,,"quatrième, quart",57,
H7244,רְבִיעִי,,,quatrième,6,
H7245,רַבִּית,,,Rabbith = «multitude»,1,
H7246,רָבַךְ,,,"mêler, remuer",3,
H7247,רִבְלָה,,,Ribla = «fertilité»,11,
H7248,רַב־מָג,,,"devin, magicien, chef des devins",4,
H7249,רַב־סָרִיס,,,chef eunuque,6,
H7250,רָבַע,,,"S’étendre, se coucher",3,
H7251,רָבַע,,,"carré, être carré",12,
H7252,רֶבַע,,,"se coucher, être étendu",1,
H7253,רֶ֫בַע,,,"quatrième partie, quatre côtés",7,
H7254,רֶ֫בַע,,,Réba = «quatre»,2,
H7255,רֹ֫בַע,,,"la quatrième partie, un quart",2,
H7256,רִבֵּעַ,,,appartenant au quatrième,4,
H7257,רָבַץ,,,"s’étendre, se coucher, se reposer",30,
H7258,רֵ֫בֶץ,,,"lieu de repos ou d’habitation, lieu pour se coucher",4,
H7259,רִבְקָה,,,"Rebecca = «ensorcelante, qui prend au piège»",30,
H7260,רַבְרַב,,,grand,8,
H7261,רַבְרְבָן,,,"seigneur, noble",8,
H7262,רַבְשָׁקֵה,,,Rabschaké = «grand échanson»,32,
H7263,רֶ֫גֶב,,,motte de terre,2,
H7264,רָגַז,,,"trembler, enrager, trembloter, être agité, être excité, être perturbé",41,
H7265,רְגַז,,,"(Afel) être en fureur, faire enrager, provoquer la colère",1,
H7266,רְגַז,,,"être en fureur, irrité",1,
H7267,רֹ֫גֶז,,,"agitation, excitation, rage, trouble, tumulte, tremblement",7,
H7268,רַגָּז,,,"tremblement, agitation",1,
H7269,רׇגְזָה,,,"tremblement, agitation",1,
H7270,רָגַל,,,"aller à pied, espionner, explorer, se déplacer",25,
H7271,רְגַל,,,pied,7,
H7272,רֶ֫גֶל,,,pied,245,
H7273,רַגְלִי,,,à pied,12,
H7274,רֹגְלִים,,,Roguelim = «place des foulons»,2,
H7275,רָגַם,,,"lapider, tuer par lapidation, par jet de pierres",16,
H7276,רֶ֫גֶם,,,Réguem = «ami»,1,
H7277,רִגְמָה,,,"tas, monceau (de pierres)",1,
H7278,רֶ֫גֶם מֶ֫לֶךְ,,,Réguem-Mélec = «le monceau du roi»,2,
H7279,רָגַן,,,"murmurer, chuchoter",7,
H7280,רָגַע,,,"agir en un instant, remuer, déranger",13,
H7281,רֶ֫גַע,,,un moment,22,
H7282,רָגֵעַ,,,"qui repose, tranquille",1,
H7283,רָגַשׁ,,,(qal) être dans un tumulte ou une agitation,1,
H7284,רְגַשׁ,,,être dans un tumulte,3,
H7285,רֶ֫גֶשׁ,,,"multitude, en compagnie",2,
H7286,רָדַד,,,"mettre à terre, battre, subjuguer",3,
H7287,רָדָה,,,"gouverner, avoir la domination, dominer, fouler aux pieds",26,
H7288,רַדַּי,,,Raddaï = «qui piétine»,1,
H7289,רְדִיד,,,"quelque chose d’étendu, large enveloppe ou grand voile",2,
H7290,רָדַם,,,"(nif.) être endormi, être inconscient, être dans un profond sommeil",7,2024-11-01T08:15:49.825Z
H7291,רָדַף,,,"être derrière, suivre, poursuivre, persécuter, courir après",143,
H7292,רָהַב,,,"se conduire orgueilleusement, agir d’une façon arrogante",4,
H7293,רַ֫הַב,,,"orgueil, fanfaronnade",2,
H7294,רַ֫הַב,,,Égypte (Rahab) = «largeur»,4,
H7295,רָהָב,,,"orgueilleux, de défi",1,
H7296,רֹ֫הָב,,,"arrogance, orgueil, objet de l’orgueil",1,
H7297,רָהָה,,,(qal) craindre,1,
H7298,רַ֫הַט,,,"auge, creux",4,
H7299,רֵו,,,apparence,2,
H7300,רוּד,,,"errer avec agitation, aller çà et là",4,
H7301,רָוָה,,,"être rassasié ou saturé, avoir trop bu",14,
H7302,רָוֶה,,,"arrosé, saturé",3,
H7303,רָהְגָּה,,,Rohega = «clameur»,1,
H7304,רָוַח,,,"être large, être spacieux, respirer",3,
H7305,רֶ֫וַח,,,espace,2,
H7306,רִיחַ,,,"(hif.) sentir, flairer, percevoir une odeur, accepter",11,
H7307,רוּחַ,,,"vent, souffle, esprit",378,
H7308,רוּחַ,,,"esprit, vent",11,
H7309,רְוָחָה,,,"répit, soulagement, secours",2,
H7310,רְוָיָה,,,saturation,2,
H7311,רוּם,,,"se lever, élever, être haut, être élevé, être exalté",190,
H7312,רוּם,,,"arrogance, hauteur, élévation",6,
H7313,רוּם,,,"lever, élever",4,
H7314,רוּם,,,hauteur,5,
H7315,רוֹם,,,"en haut, en montant, vers le haut",1,
H7316,רוּמָה,,,Ruma = «hauteur»,2,
H7317,רוֹמָה,,,"orgueilleusement, fièrement, d’une façon hautaine",1,
H7318,רוֹמָם,,,"(Polal) louange, exaltation",2,
H7320,רֹמַ֫מְתִּי עֶ֫זֶר,,,Romamthi-Ézer = «j’ai exalté le Secours»,4,
H7321,רוּעַ,,,"crier, émettre un son, s’écrier, faire résonner",44,
H7322,רָפַף,,,"(Polel) trembler, balancer",1,
H7323,רוּץ,,,courir,103,
H7324,רִיק,,,"rendre vide, vider",19,
H7325,רִיר,,,(qal) couler,1,
H7326,רוּשׁ,,,"être pauvre, être dans le besoin, manquer de",24,
H7327,רוּת,,,"Ruth = «amitié, une amie»",12,
H7328,רָז,,,secret,9,
H7329,רָזָה,,,être ou devenir maigre,2,
H7330,רָזֶה,,,maigre,2,
H7331,רְזוֹן,,,"Rezon = «prince, potentat»",1,
H7332,רָזוֹן,,,"maigreur, insuffisance, perte",3,
H7333,רָזוֹן,,,"souverain, gouvernant",1,
H7334,רָזִי,,,"maigreur, perte",2,
H7335,רָזַם,,,"(qal) cligner de l’œil, éclair (des yeux)",1,
H7336,רָזַן,,,"(qal) avoir du poids, être judicieux, être un chef",6,
H7337,רָחַב,,,"être ou devenir large, s’élargir",25,
H7338,רַ֫חַב,,,"largeur, large étendue",2,
H7339,רְחוֹב,,,"endroit large ou ouvert, une place",43,
H7340,רְחוֹב,,,"Rehob = «espace ouvert, rue large»",10,
H7341,רֹ֫חַב,,,"largeur, large, étendue",101,
H7342,רָחָב,,,"large, vaste",21,
H7343,רָחָב,,,"Rahab = «large, spacieux, tumultueux»",5,
H7344,רְחֹבוֹת,,,Rehoboth = «larges espaces»,4,
H7345,רְחַבְיָהוּ,,,Rechabia = «l’Éternel a étendu»,5,
H7346,רְחַבְעָם,,,Roboam = «un peuple est agrandi»,50,
H7347,רֵחֶה,,,meules,5,
H7348,רְחוּם,,,Rehum = «compassion»,8,
H7349,רַחוּם,,,compatissant,13,
H7350,רָחֹק,,,"loin, éloigné",84,2024-11-01T08:15:49.825Z
H7351,רָהִיט,,,"chevrons, planches, panneaux",1,
H7352,רְחִיק,,,"loin, au loin, distant",1,
H7353,רָחֵל,,,"agnelle, brebis",4,
H7354,רָחֵל,,,"Rachel = «agnelle, brebis»",47,
H7355,רָחַם,,,"amour, aimer profondément, avoir miséricorde, avoir compassion, avoir une tendre affection, avoir pitié",47,
H7356,רַחֲמִים,,,"matrice, sein maternel",45,
H7357,רַ֫חַם,,,"Racham = «affection, tendresse»",1,
H7358,רֶ֫חֶם,,,matrice,26,
H7359,רַחֲמִין,,,compassion,1,
H7360,רָחָם,,,vautour à charogne,2,
H7362,רַחֲמָנִי,,,"ayant de la compassion, femmes compatissantes",1,
H7363,רָחַף,,,"(qal) frémir, trembler • (piel) planer",3,2026-02-26T15:16:50.793Z
H7364,רָחַץ,,,"laver, baigner, faire des ablutions",72,
H7365,רְחַץ,,,se confier à,1,
H7366,רַ֫חַץ,,,le lavage,2,
H7367,רַחְצָה,,,"lavage, bassin d’eau",2,
H7368,רָחַק,,,"être loin, être ou devenir distant, être déplacé, aller au loin",57,
H7369,רָחֵק,,,"déplacement, départ",1,
H7370,רָחַשׁ,,,"(qal) rester en mouvement, déplacer, remuer",1,
H7371,רַ֫חַת,,,pelle à vanner,1,
H7372,רָטֵב,,,(qal) être moite,1,
H7373,רָטֹב,,,"moite, juteux, frais",1,
H7374,רֶ֫טֶט,,,"tremblement, panique",1,
H7375,רֻטֲפַשׁ,,,"(nif.) être frais, devenir frais",1,
H7376,רָטַשׁ,,,mettre en morceaux,6,
H7377,רִי,,,humidité,1,
H7378,רִיב,,,"S’efforcer, lutter, combattre, contester",67,
H7379,רִיב,,,"lutte, controverse, dispute",61,
H7380,רִיבַי,,,Ribaï = «plaideur avec l’Éternel»,2,
H7381,רֵיחַ,,,"parfum, odeur, senteur, arome",58,
H7382,רֵיחַ,,,"odeur, senteur, parfum",1,
H7383,רִיפָה,,,"un grain ou fruit (pour moudre, piler)",2,
H7384,רִיפַת,,,"Riphat = «qui écrase, qui a parlé»",2,
H7385,רִיק,,,"vide, vanité, inutile, vain",12,
H7386,רֵיק,,,"vide, vain",14,
H7387,רֵיקָם,,,"vainement, à vide",16,
H7388,רִיר,,,"liquide ou jus vaseux, salive",2,
H7389,רֵישׁ,,,pauvreté,7,
H7390,רַךְ,,,"tendre, doux, délicat, faible",16,
H7391,רֹךְ,,,"tendresse, délicatesse",1,
H7392,רָכַב,,,"(qal) monter (cheval, âne, char), conduire ; (hif.) faire chevaucher, faire monter",78,2024-11-01T08:15:49.825Z
H7393,רֶ֫כֶב,,,"un attelage, char, chariot, cavalerie, cavaliers, pierre de moulin",119,
H7394,רֵכָב,,,"Récab = «cavalier, cocher»",13,
H7395,רַכָּב,,,"cavalier, conducteur de char",3,
H7396,רִכְבָּה,,,"monter à cheval, (action de) monter à cheval",1,
H7397,רֵכָה,,,Réca = «partie extrême»,5,
H7398,רְכוּב,,,char,1,
H7399,רְכוּשׁ,,,"propriété, biens, possessions",28,
H7400,רָכִיל,,,"calomnie, calomniateur, rapporteur de conte, informateur",6,
H7401,רָכַךְ,,,"être tendre, être doux, être faible",8,
H7402,רָכַל,,,"aller çà et là, circuler (sens douteux)",17,
H7403,רָכָל,,,Racal = «commerce»,1,
H7404,רְכֻלָּה,,,"marchandise, trafic, négoce, commerce",4,
H7405,רָכַס,,,(qal) lier,2,
H7406,רֶ֫כֶס,,,"rudesse ou lié, entravé, empêché, chaîne de montagnes infranchissable",1,
H7407,רֹכֶס,,,"pièges, complots, bande, se liguer, conspiration",1,
H7408,רָכַשׁ,,,(qal) collecter ou rassembler une propriété,5,
H7409,רֶ֫כֶשׁ,,,"coursier, chevaux",4,
H7410,רָם,,,Ram = «haut»,7,
H7411,רָמָה,,,"jeter, tirer, lancer",12,
H7412,רְמָא,,,"couler, jeter",12,
H7413,רָמָה,,,"hauteur, haut lieu",5,
H7414,רָמָה,,,"Rama = «hauteur, colline»",36,
H7415,רִמָּה,,,ver (comme cause et signe de délabrement),7,
H7416,רִמּוֹן,,,"grenade, grenadier",32,
H7417,"רִמּוֹן, רִמּוֹנוֹ",,,Rimmon = «grenade»,16,
H7418,רָמוֹת,,,Ramoth= «hauteurs»,22,
H7419,רָמוּת,,,"hauteur, stature élevée",1,
H7420,רֹ֫מַח,,,"lance, javelot",15,
H7421,רַמִּי,,,"Syrien = voir Syrie «exalté, élevé»",1,
H7422,רַמְיָה,,,Ramia = «l’Éternel a desserré»,1,
H7423,רְמִיָּה,,,"laxisme, relâchement, paresse, tromperie, trahison, perfidie",15,
H7424,רַמָּךְ,,,jument,1,
H7425,רְמַלְיָ֜הוּ,,,Remalia = «orné par l’Éternel»,13,
H7426,רָמֹם,,,"être exalté, être élevé",6,
H7427,רוֹמֵמוּת,,,"une élévation, un lever, se lever, s’élever",1,
H7428,רִמֹּן פָּ֑רֶץ,,,Rimmon-Pérets = «grenadier de la brèche»,4,
H7429,רָמַס,,,piétiner,19,
H7430,רָמַשׂ,,,"ramper, se mouvoir",17,2025-10-06T07:53:53.904Z
H7431,רֶ֫מֶשׂ,,,ce qui rampe ; reptile,17,2025-10-06T07:52:46.473Z
H7432,רֶמֶת,,,"Rémeth = «hauteur, lieu élevé»",1,
H7433,רָמֹת,,,Ramoth = «hauteurs»,1,
H7434,רָמַת הַמִּצְפֶּה,,,Ramath-Mitspé = «haut lieu de la tour de garde»,2,
H7435,רָמָתִי,,,De Rama = voir Rama «la hauteur»,1,
H7436,רָמָתַיִם צוֹפִים,,,Ramathaïm-Tsophim = «hauteurs jumelles des sentinelles»,2,
H7437,רָמַת לֶחִי,,,Ramath-Léchi = «hauteur de la mâchoire»,2,
H7438,רֹן,,,"cri harmonieux, cri (de joie)",1,
H7439,רָנָה,,,"(qal) faire sonner, vacarme",1,
H7440,רִנָּה,,,cri retentissant,33,
H7441,רִנָּה,,,Rinna = «cri sauvage»,1,
H7442,רָנַן,,,vaincre,54,
H7443,רְנָנִים,,,quelque chose avec un cri perçant,1,
H7445,רְנָנָה,,,cri retentissant (de joie),4,
H7446,רִסָּה,,,Rissa = «ruine»,2,
H7447,רָסִיס,,,goutte (de rosée),2,
H7448,רֶ֫סֶן,,,"quelque chose qui contient, licou, longe, bride",4,
H7449,רֶ֫סֶן,,,Résen = «bride»,1,
H7450,רָסַס,,,(qal) humecter,1,
H7451,רַע,,,"méchant, mauvais, mal ; la méchanceté, le mal",665,2025-10-03T11:37:00.663Z
H7452,רֵעַ,,,"hurlement, rugissement",3,
H7453,רֵעַ,,,"ami, compagnon, camarade, une autre personne",188,
H7454,רֵעַ,,,"but, ce qui est visé, pensée",2,
H7455,רֹעַ,,,"méchanceté, mal",19,
H7456,רָעֵב,,,"être affamé, avoir faim, être vorace",13,
H7457,רָעֵב,,,être affamé,20,
H7458,רָעָב,,,"famine, faim",101,
H7459,רְעָבוֹן,,,"faim, manque de nourriture, famine",3,
H7460,רָעַד,,,"trembler, tremblant",3,
H7461,רַ֫עַד,,,"tremblement, crainte",6,
H7462,רָעָה,,,"paître, faire paître, soigner, nourrir",177,2025-10-20T11:58:09.813Z
H7463,רֵעֶה,,,"ami, favori du roi (sens technique)",3,
H7464,רֵעָה,,,"une compagne, une demoiselle de compagnie",3,
H7465,רֹעָה,,,"brisé, cassé",1,
H7466,רְעוּ,,,"Rehu = «ami, associé»",5,
H7467,רְעוּאֵל,,,descendant d’Ésaï et d’Ismaël,11,
H7468,רְעוּת,,,"une compagne, une camarade, une voisine",6,
H7469,רְעוּת,,,"désir ardent, effort, lutte",7,
H7470,רְעוּ,,,"bon plaisir, volonté",2,
H7471,רְעִי,,,pâturage,1,
H7472,רֵעִי,,,"Ré ï = «amical, aimable, sociable»",1,
H7474,רַעְיָה,,,"demoiselle de compagnie, compagne",9,
H7475,רַעְיוֹן,,,"désir ardent, effort, lutte",3,
H7476,רַעְיוֹן,,,"pensée, réflexion",6,
H7477,רָעַל,,,"trembloter, secouer, chanceler",1,
H7478,רַ֫עַל,,,action de chanceler,1,
H7479,רְעָלָה,,,voile,1,
H7480,רְעֵלָיָה,,,Reélaja = «porteur de l’Éternel»,1,
H7481,רָעַם,,,tonner,13,
H7482,רַ֫עַם,,,tonnerre,6,
H7483,רַעְמָה,,,"vibration, tremblement, ondulation, crinière (de cheval)",1,
H7484,רַעְמָה,,,Raema = «crinière de cheval»,5,
H7485,רַעַמְיָה,,,Raamia = «tonnerre de l’Éternel»,1,
H7486,רַֽעַמְסֵס,,,Ramsès = «enfant de Re (dieu solaire)»,5,
H7487,רַעֲנַן,,,"prospère, fructifiant",1,
H7488,רַעֲנָן,,,"(Palel) être verdoyant, être fais, verdir",20,
H7489,רָעַע,,,"(qal) être mauvais, déplaire, briser, ruiner ; (nif.) être brisé, souffrir ; (hif.) faire le mal, affliger",104,2025-10-03T11:40:53.445Z
H7490,רְעַע,,,"(Pal) écraser, casser, briser",2,
H7491,רָעַף,,,"couler, dégoutter",5,
H7492,רָעַץ,,,(qal) briser,2,
H7493,רָעַשׁ,,,"(qal) trembler, secouer • (nif.) être ébranlé • (hif.) faire trembler ; faire bondir",30,2026-02-20T14:18:49.997Z
H7494,רַ֫עַשׁ,,,"tremblement, mouvement, secousse",17,
H7495,רָפָא,,,"guérir, rendre salubre",67,
H7496,רְפָאִים,,,"fantômes de morts, ombres, revenants, esprits",8,
H7497,רְפָאִים,,,"géants, Rephaïm",25,
H7498,רָפָא,,,Rapha = «grand»,2,
H7499,רְפֻאָה,,,"remède, médecine, médicament",3,
H7500,רִפְאוּת,,,guérison,1,
H7501,רְפָאֵל,,,Rephaël = «guéri de Dieu»,1,
H7502,רָפַד,,,étendre,3,
H7503,רָפָה,,,"baisser, relâcher, couler, laisser tomber, être découragé",46,
H7504,רָפֶה,,,"lâche, faible",4,
H7505,רָפוּא,,,Raphu = «guéri»,1,
H7506,רֶ֫פַח,,,Réphach = «guérison du souffle»,1,
H7507,רְפִידָה,,,"appui, support",1,
H7508,רְפִידִים,,,Rephidim = «repos»,5,
H7509,רְפָיָה,,,Rephaja = «guéri par l’Éternel»,5,
H7510,רִפְיוֹן,,,"diminution, abaissement",1,
H7511,רָפַס,,,(hitp.),2,
H7512,רְפַס,,,"marcher, piétiner",2,
H7513,רַפְסֹדָה,,,radeau,1,
H7514,רָפַק,,,"soutenir, supporter, appuyer",1,
H7515,רָפַשׂ,,,"frapper du pied, marcher, fouler aux pieds",3,
H7516,רֶ֫פֶשׁ,,,"boue, vase",1,
H7517,רֶ֫פֶת,,,"écurie, étable, stalle",1,
H7518,רַץ,,,"pièce, morceau, barre",1,
H7519,רָצָא,,,(qal) courir,1,
H7520,רָצַד,,,"(piel) veiller furtivement ou avec une hostilité envieuse, veiller avec inimitié, avec envie",1,
H7521,רָצָה,,,"trouver plaisir, recevoir favorablement, vouloir, aimer",56,2025-07-11T15:26:26.000Z
H7522,רָצוֹן,,,"plaisir, délices, faveur, bonne volonté, acceptation, volonté",56,
H7523,רָצַח,,,"assassiner, tuer",47,
H7524,רֶ֫צַח,,,brisure,2,
H7525,רִצְיָא,,,Ritsja = «délices»,1,
H7526,רְצִין,,,Retsin = «ferme»,11,
H7527,רָצַע,,,"(qal) forer, faire un trou, percer",1,
H7528,רָצַף,,,"ajuster ensemble, dessin",1,
H7529,רֶצֶף,,,"pierre chaude, pierre ou charbon incandescent, flamme, étincelle",1,
H7530,רֶ֫צֶף,,,"Retseph = «charbon, pierre incandescente»",2,
H7531,רִצְפָּה,,,pavé,8,
H7532,רִצְפָּה,,,"Ritspa = «pavé, pierre brûlante»",4,
H7533,רָצַץ,,,"écraser, opprimer",19,
H7534,רַק,,,"mince, maigre",3,
H7535,רַק,,,"seulement, tout à fait, sûrement",109,
H7536,רֹק,,,salive,3,
H7537,רָקֵב,,,"(qal) pourriture, pourrir",2,
H7538,רָקָב,,,"pourriture, carie, décadence",5,
H7539,רִקָּבוֹן,,,"pourriture, carie, décadence",1,
H7540,רָקַד,,,sauter,9,
H7541,רַקָּה,,,la tempe,5,
H7542,רַקּוֹן,,,Rakkon = «la tempe»,1,
H7543,רָקַח,,,"mêler, composer",8,
H7544,רֶ֫קַח,,,"épice, aromate",1,
H7545,רֹ֫קֵחַ,,,"mélange d’épices, parfum, onguent",2,
H7546,רַקָּח,,,"fabricant d’onguent, parfumeur",1,
H7547,רַקּוּחַ,,,"parfumerie, parfum, onguent",1,
H7548,רַקָּחָה,,,"une fabricante d’onguent, une parfumeuse",1,
H7549,רָקִיעַ,,,"l'étendue, le firmament",17,2025-10-23T13:01:19.694Z
H7550,רָקִיק,,,"gâteau mince, galette",8,
H7551,רָקַם,,,"varier, diversifier, bigarrer, mêler les couleurs",9,
H7552,רֶ֫קֶם,,,"Rékem = «diversité, bigarrure»",6,
H7553,רִקְמָה,,,"étoffes bigarrées, brodées",12,
H7554,רָקַע,,,"battre, frapper du pied, étendre",11,
H7555,רִקּוּעַ,,,expansion (de plaques),1,
H7556,רָקַק,,,(qal) cracher,1,
H7557,רַקַּת,,,Rakkath = «rivage»,1,
H7558,רִשְׁיוֹן,,,permission,1,
H7559,רָשַׁם,,,"inscrire, graver, noter",1,
H7560,רְשַׁם,,,"inscrire, graver, signer",7,
H7561,רָשַׁע,,,"être méchant, agir méchamment",34,
H7562,רֶ֫שַׁע,,,"tort, méchanceté, culpabilité",30,
H7563,רָשָׁע,,,"méchant, criminel",263,
H7564,רִשְׁעָה,,,"méchanceté, culpabilité",15,
H7565,רֶ֫שֶׁף,,,"flamme, éclair, étincelle",7,
H7566,רֶ֫שֶׁף,,,Réscheph = «flamme»,1,
H7567,רָשַׁשׁ,,,"abattre, briser",2,
H7568,רֶ֫שֶׁת,,,filet,22,
H7569,רַתּוֹק,,,chaîne,2,
H7570,רָתַח,,,bouillir,3,
H7571,רֶ֫תַח,,,bouillant,1,
H7573,רָתַם,,,"(qal) lier, attacher",1,
H7574,רֹ֫תֶם,,,plante à balai,4,
H7575,רִתְמָה,,,"Rithma = «lande, genêt à balai»",2,
H7576,רָתַק,,,lier,2,
H7577,רְתֻקָה,,,chaîne,1,
H7578,רְתֵת,,,tremblement,1,
H7579,שָׁאַב,,,puiser (de l’eau),19,
H7580,שָׁאַג,,,"(qal) rugir, rugissement",20,
H7581,שְׁאָגָה,,,rugissement,7,
H7582,שָׁאָה,,,"tomber avec fracas, faire du tapage, mettre en ruines, être en ruines, être dévasté",6,
H7583,שָׁאָה,,,(hitp.),1,
H7585,שְׁאוֹל,,,"Sheol, séjour des morts",66,2025-07-18T11:57:12.829Z
H7586,שָׁאוּל,,,"Saül = «désiré, demandé (à Dieu)»",407,
H7587,שָׁאוּלִי,,,Saülites = voir Saül «désiré»,1,
H7588,שָׁאוֹן,,,"mugissement, tapage, fracas, vacarme",18,
H7589,שְׁאָט,,,"dédain, mépris",3,
H7590,שׁוּט,,,traiter avec mépris ou dédain,3,
H7591,שְׁאִיָּה,,,ruine,1,
H7592,שָׁאַל,,,"demander, s’enquérir, emprunter, prier",173,
H7593,שְׁאֵל,,,demander,6,
H7594,שְׁאָל,,,Scheal = «qui demande»,1,
H7595,שְׁאֵלָא,,,"affaire, requête",1,
H7596,שְׁאֵלָה,,,"requête, la chose demandée, la demande",14,
H7597,שְׁאַלְתִּיאֵל,,,Schealthiel = «j’ai demandé à Dieu»,9,
H7598,שְׁאַלְתִּיאֵל,,,Schealthiel = «J’ai demandé à Dieu»,1,
H7599,שָׁאַן,,,"(Pilel) être à l’aise, être en paix, se reposer, être tranquille",5,
H7600,שַׁאֲנָן,,,"à l’aise, tranquille, sûr",10,
H7602,שָׁאַף,,,"haleter, soupirer, respirer lourdement",14,
H7603,שְׂאֹר,,,levain,5,
H7604,שָׁאַר,,,"(qal) rester ; (nif.) être de reste, rester, demeurer ; (hif.) avoir de reste, laisser",133,2025-07-10T14:41:21.004Z
H7605,שְׁאָר,,,reste,26,2024-11-01T08:15:49.825Z
H7606,שְׁאָר,,,"le reste, le restant",12,
H7607,שְׁאֵר,,,"chair, nourriture, corps, proche parent, proche parente",16,
H7608,שַׁאֲרָה,,,une parente,1,
H7609,שֶׁאֱרָה,,,Schééra = «parente»,1,
H7610,שְׁאָר יָשׁוּב,,,Schear-Jaschub = «un reste reviendra»,2,
H7611,שְׁאֵרִית,,,"le reste, résidu, reliquat, le restant",66,
H7612,שֵׁאת,,,"ruine, dévastation",1,
H7613,שְׂאֵת,,,"élévation, exaltation, dignité, enflure, gonflement",14,
H7614,שְׁבָא,,,Séba = «sept»,23,
H7615,שְׁבָאִי,,,Sabéens = «ivrogne» ou «lui qui arrive»,1,
H7616,שְׁבָבִים,,,"éclat, fragment",1,
H7617,שָׁבָה,,,emmener captif,47,
H7618,שְׁבוֹ,,,une pierre précieuse (sur le pectoral du souverain sacrificateur ; quartz coloré),2,
H7619,שְׁבוּאֵל,,,Schebuel ou Schubaël = «captif de Dieu»,6,
H7620,שָׁבוּעַ,,,"sept, période de sept (jours ou années), semaine",20,
H7621,שְׁבוּעָה,,,"serment, malédiction",30,
H7622,שְׁבִית,,,"captivité, captifs",32,
H7623,שָׁבַח,,,"calmer, tranquiliser, caresser",11,
H7624,שְׁבַח,,,"(Pael) louer, faire des louanges, aduler, adorer",5,
H7625,שְׁבַט,,,"clan, tribu",1,
H7626,שֵׁ֫בֶט,,,"verge, bâton, branche, rejeton, crosse, sceptre, tribu",190,
H7627,שְׁבָט,,,Schebat = «une verge»,1,
H7628,שְׁבִי,,,"captivité, captifs",50,
H7629,שֹׁבִי,,,Schobi = «glorieux»,1,
H7630,שֹׁבָ֑י,,,Schobaï = «glorieux»,2,
H7631,שְׂבִיב,,,flamme,2,
H7632,שָׁבִיב,,,flamme,1,
H7633,שִׁבְיָה,,,"captivité, captifs",9,
H7634,שָֽׂכְיָה,,,Schocja = «annonce»,1,
H7635,שְׁבוּל,,,"chemin, voie, sentier",2,
H7636,שָׁבִיס,,,bandeau de front,1,
H7637,שְׁבִיעִי,,,septième,98,
H7639,שְׂבָכָה,,,"réseau, treillis, filet, maillage",16,
H7640,שֹׁ֫בֶל,,,"jupe flottante, traîne",1,
H7641,שִׁבֹּ֫לֶת,,,eau courante,19,
H7642,שַׁבְּלוּל,,,escargot,1,
H7643,שְׂבָם,,,"Sibma ou Sebam = «parfum, fraîcheur»",6,
H7644,שֶׁבְנָא,,,Schebna = «vigueur»,9,
H7645,שְׁבַנְיָהוּ,,,Schebania = «l’Éternel fait croître»,7,
H7646,שָׂבֵעַ,,,"être satisfait, être rassasié, être accompli",97,
H7647,שָׂבָע,,,"abondance, satiété",8,
H7648,שֹׂ֫בַע,,,"satiété, abondance, plénitude",8,
H7649,שָׂבֵעַ,,,"rassasié, satisfait, en excès",10,
H7650,שָׁבַע,,,"jurer, adjurer",186,
H7651,שֶׁ֫בַע,,,sept (nombre cardinal),395,
H7652,שֶׁבַע,,,Schéba = «sept»,10,
H7653,שִׂבְעָה,,,"satisfaction, satiété, être rempli",1,
H7654,שׇׂבְעָה,,,"satisfaction, satiété",6,
H7655,שִׁבְעָה,,,sept,6,
H7656,שִׁבְעָה,,,Schiba = «un serment»,1,
H7657,שִׁבְעִים,,,soixante-dix,91,2024-12-11T12:15:21.000Z
H7658,שִׁבְעָ֫נָה,,,sept,1,
H7659,שִׁבְעָתַיִם,,,"septuple, sept fois",6,
H7660,שָׁבַץ,,,"tisser, ouvrage à carreaux, à damiers, ou dessiner (sens probable)",2,
H7661,שָׁבָץ,,,"crampe, agonie, angoisse",1,
H7662,שְׁבַק,,,"laisser, laisser seul",5,
H7663,שָׂבַר,,,"inspecter, examiner, attendre, espérer, s’attendre à",8,
H7664,שֵׂ֫בֶר,,,"espérance, espoir",2,
H7665,שָׁבַר,,,"briser, casser en morceaux",147,
H7666,שָׁבַר,,,acheter ou acheter du grain,21,
H7667,שֶׁ֫בֶר,,,"rupture, fracture, écrasement, brèche, ruine",45,
H7668,שֶׁ֫בֶר,,,"grain, blé (comme produit de nourriture)",9,
H7669,שֶׁ֫בֶר,,,"Schéber = «rupture, fracture»",1,
H7670,שִׁבָּרוֹן,,,"destruction, rupture, écrasement",2,
H7671,שְׁבָרִים,,,"Schebarim = «brèches, ruines»",1,
H7672,שְׁבַשׁ,,,"confondre, être perplexe",1,
H7673,שָׁבַת,,,"cesser, se désister, se reposer",71,
H7674,שֶׁ֫בֶת,,,"une cessation, rester tranquille",3,
H7675,שֶׁ֫בֶת,,,"siège, demeure, lieu",6,2025-02-27T09:43:21.000Z
H7676,שַׁבָּת,,,"Sabbat = «repos, cessation d’activité»",111,
H7677,שַׁבָּתוֹן,,,"observation du Sabbat, le «sabbatisme»",11,
H7678,שַׁבְּתַי,,,"Schabthaï, Schabbethaï = «sabbatique»",3,
H7679,שָׂגָא,,,"augmenter, croître, exalter, devenir grand",2,
H7680,שְׂגָא,,,(P’al) devenir grand,3,
H7681,שָׁגֵה,,,Schagué = «errant»,1,
H7682,שָׂגַב,,,"être haut, être inaccessiblement haut",20,
H7683,שָׁגַג,,,"s’égarer, errer, commettre le péché ou une erreur",4,
H7684,שְׁגָגָה,,,"pécher, péché involontaire ou par inadvertance",19,
H7685,שָׂגָה,,,"croître, augmenter",4,
H7686,שָׁגָה,,,"s’égarer, s’écarter, errer",21,
H7687,שְׂגוּב,,,Segub = «exalté»,3,
H7688,שָׁגַח,,,"(hif.) regarder fixement, observer avec attention",3,
H7689,שַׂגִּיא,,,grand (qualificatif de Dieu),2,
H7690,שַׂגִּיא,,,"grand, beaucoup",13,
H7691,שְׁגִיאָה,,,erreur,1,
H7692,שִׁגָּיוֹן,,,"Shiggaïon = terme musical, complainte ou hymne lyrique»",2,
H7694,שֵׁגָל,,,la reine (épouse du roi),2,
H7695,שֵׁגָל,,,"épouse du roi, concubine du roi, compagne (royale)",3,
H7696,שָׁגַע,,,être fou,7,
H7697,שִׁגָּעוֹן,,,folie,3,
H7698,שֶׁ֫גֶר,,,"descendance, portée, les petits des bêtes",5,
H7699,שַׁד,,,"poitrine féminine, sein",24,
H7700,שֵׁד,,,démon,2,
H7701,שֹׁד,,,"ravage, violence, destruction, dévastation, ruine",25,
H7702,שָׂדַד,,,(piel) herser,3,
H7703,שָׁדַד,,,"traiter violemment, dépouiller, dévaster, ruiner, détruire, piller",57,
H7704,שָׂדֶה,,,"champ, une terre",334,
H7705,שִׁדָּה,,,"concubine, épouse, harem",2,
H7706,שַׁדַּי,,,"tout-puissant, le plus puissant",48,
H7707,שְׁדֵיאוּר,,,Schedéur = «rayon de lumière»,5,
H7708,שִׂדִּים,,,Siddim = «champ»,3,
H7709,שְׁדֵמָה,,,champ,6,
H7710,שָׁדַף,,,"roussir, flétrir",3,
H7711,שִׁדָּפוֹן,,,"chose roussie ou flétrie, séchée",6,
H7712,שְׁדַר,,,"(Itpael) lutter, s’efforcer",1,
H7713,שְׂדֵרָה,,,"rang, rangée (de soldats)",4,
H7714,שַׁדְרַךְ,,,Schadrac = «royal»,1,
H7715,שַׁדְרַךְ,,,Schadrac = «royal»,14,
H7716,שֶׂה,,,"élément d’un troupeau, agneau, mouton, brebis, chèvre, jeune brebis, jeune chèvre",47,
H7717,שָׂהֵד,,,témoin,1,
H7718,שֹׁ֫הַם,,,une pierre précieuse ou gemme,11,
H7719,שֹׁ֫הַם,,,"Schoham = «onyx, ou béryl»",1,
H7720,שַׂהֲרוֹן,,,"lune, croissant",3,
H7722,שׁוֹאָה,,,ravage,13,
H7723,שָׁוְא,,,"vide, vanité, mensonge, fausseté",53,
H7724,שְׁוָא,,,Scheva ou Scheja = «vanité»,2,
H7725,שׁוּב,,,"retourner, revenir",1057,
H7726,שׁוֹבָב,,,"récidive, retournement, apostat, réfractaire",4,
H7727,שׁוֹבָב,,,"Schobab = «rebelle, rétrograde»",4,
H7728,שׁוֹבֵב,,,"rébellion, récidive, apostat, rebelle",3,
H7729,שׁוּבָה,,,"isolement, retraite, retrait",1,
H7730,שׂוֹבֶךְ,,,réseau (de branches),1,
H7731,שׁוֹבַךְ,,,Schobac = «celui qui verse»,2,
H7732,שׁוֹבָל,,,le deuxième fils de Séir le Horien (Edom) et l’un des princes des Horiens,9,
H7733,שׁוֹבֵק,,,Schobek = «libre»,1,
H7734,שׂוּג,,,"se déplacer, se mouvoir, aller, retourner, revenir, reculer",1,
H7735,שׂוּג,,,enclore,1,
H7736,שׁוּד,,,"(qal) ruiner, détruire, piller, dévaster",1,
H7737,שָׁוָה,,,"être d’accord avec, être ou devenir pareil, égal, ressembler à",21,
H7739,שְׁוָה,,,(Pael) devenir semblable,2,
H7740,שָׁוֵה,,,Schavé = «plaine»,2,
H7742,שׂוּחַ,,,"(qal) méditer, parler, se plaindre",1,
H7743,שׁוּחַ,,,"baisser, couler au fond",3,
H7744,שׁוּחַ,,,Schuach = «dépression»,2,
H7745,שׁוּחָה,,,fosse,5,
H7746,שׁוּחָה,,,Schucha = «dépression»,1,
H7747,שׁוּחִי,,,De Schuach = voir Schuach = «dépression» (Schua = «richesse»),5,
H7748,שׁוּחָם,,,"Schucham = «creuseur de fosse, de puits»",1,
H7749,שׁוּחָמִי,,,Schuchamites = voir Schucham «creuseur de puits»,2,
H7750,שׂוּט,,,"s’écarter, faire un écart, déserter, diminuer, se dissiper",1,
H7751,שׁוּט,,,"aller, errer, aller çà et là",13,
H7752,שׁוֹט,,,"châtier, fouetter",11,
H7753,שׂוּךְ,,,"clore d’une haie ou enclore, fermer",2,
H7754,שׂוֹכָה,,,"branche, broussailles, rameau",2,
H7755,שׂוֹכֹה,,,"Soco = «buissonneux, épine, haie d’épines»",8,
H7756,שׂוּכָתִים,,,Sucathiens = «hommes des buissons»,1,
H7757,שׁוּל,,,"bordure, pans (de robe)",11,
H7758,שׁוֹלָל,,,nu-pied,3,
H7759,שׁוּלַמִּית,,,Sulamithe = «la parfaite» ou «la paisible»,2,
H7760,שׂוּם,,,"mettre, placer, servir, disposer, désigner, faire",585,
H7761,שׂוּם,,,"poser, faire, désigner, nommer",26,
H7762,שׁוּם,,,"de l’ail, des aulx",1,
H7763,שֹׁמֵר,,,Schomer = «gardien»,2,
H7764,שׁוּנִי,,,Schuni = «fortuné»,2,
H7765,שׁוּנִי,,,Schunites = voir Schuni «fortuné»,1,
H7766,שׁוּנֵם,,,Sunem = «double lieu de repos»,3,
H7767,שׁוּנַמִּית,,,Sunamite = voir Sunem «double lieu de repos»,8,
H7768,שָׁוַע,,,(piel) crier (pour du secours),21,
H7769,שׁוּעַ,,,crier pour du secours,2,
H7770,שׁוּעַ,,,Schua = «richesse»,3,
H7771,שׁוֹעַ,,,"indépendant, noble, libre, riche, généreux",3,
H7772,שׁוֹעַ,,,une tribu de nomades de Mésopotamie,1,
H7773,שֶׁוַע,,,crier,1,
H7774,שׁוּעָא,,,Schua = «richesse»,1,
H7775,שַׁוְעָה,,,crier pour du secours,11,
H7776,שׁוּעָל,,,"renard, un creuseur de terrier",7,
H7777,שׁוּעָל,,,"Schual = «renard, chacal»",2,
H7778,שֹׁעֵר,,,"portier, gardien de porte",37,
H7779,שׁוּף,,,"meurtrir, écraser, bailler sur, désirer?, saisir?, frapper?",4,
H7780,שׁוֹפָךְ,,,Schophach = «celui qui verse»,2,
H7781,שׁוּפָמִי,,,Schuphamites = voir Schupham «nudité»,1,
H7782,שֹׁפָר,,,"corne, corne de bélier",72,
H7783,שׁוּק,,,être abondant (sens probable),3,
H7784,שׁוּק,,,rue,4,
H7785,שׁוֹק,,,"jambe, patte, cuisse",19,
H7786,שׂוּר,,,"être ou agir en prince, gouverner, lutter, avoir le pouvoir, prévaloir sur",3,
H7787,שׂוּר,,,(qal) scier,1,
H7788,שׁוּר,,,"(qal) voyager, naviguer, aller",3,
H7789,שׁוּר,,,"voir, regarder, observer, avoir égard",15,
H7790,שׁוּר,,,"veilleur, ennemi",1,
H7791,שׁוּר,,,mur,4,
H7792,שׁוּר,,,mur,3,
H7793,שׁוּר,,,"Schur = «mur, fortification»",6,
H7794,שׁוֹר,,,"bœuf, taureau, une tête de bétail",79,
H7795,שׂוֹרָה,,,"rang, rangée",1,
H7796,שֹׂרֵק,,,Sorek = «vin de choix»,1,
H7797,שׂוּשׂ,,,"exulter, se réjouir",27,
H7798,שַׁוְשָׁא,,,Schavscha = «noblesse»,1,
H7799,שׁוּשַׁן,,,lis,17,
H7800,שׁוּשַׁן,,,Suse = «lis»,21,
H7801,שׁוּשַׁנְכָיֵא,,,De Suse = voir Suse «lis»,1,
H7803,שׁוּתֶ֫לַח,,,Schutélach = «bruit de cassure»,4,
H7804,שֵׁיזִב,,,"(Peel ou Peil) délivrer, prononcer",9,
H7805,שָׁזַף,,,"(qal) attraper le regard, frapper la vue, regarder",3,
H7806,שָׁזַר,,,"tordre, être enlacé, tortillé",21,
H7807,שַׁח,,,"bas, humble, abattu",1,
H7808,שֵׂחַ,,,pensée,1,
H7809,שָׁחַד,,,"(qal) donner un présent, pot-de-vin, rançon, offrir des cadeaux",2,
H7810,שֹׁ֫חַד,,,"présent, pot-de-vin",23,
H7811,שָׂחָה,,,nager,3,
H7812,שָׁחָה,,,"se courber, se prosterner",172,
H7813,שָׂחוּ,,,baignade,1,
H7814,שְׂחֹק,,,"rire, moquerie, dérision",15,
H7815,שְׁחוֹר,,,noirceur,1,
H7816,שְׁחוּת,,,"fosse, puits",1,
H7817,שָׁחַח,,,"se courber, s’accroupir, s’incliner, être abattu",21,
H7818,שָׂחַט,,,"(qal) serrer, presser, exprimer un jus",1,
H7819,שָׁחַט,,,"Tuer, abattre, battre",81,
H7820,שָׁחוּט,,,"battre, marteler",5,
H7821,שְׁחִיטָה,,,"abattage, meurtre, tuerie",1,
H7822,שְׁחִין,,,"furoncle, tache brûlante, inflammation, éruption",13,
H7823,סָחִישׁ,,,grain volontaire,2,
H7824,שָׁחִיף,,,recouvert ou lambrissé de bois,1,
H7825,שְׁחִית,,,fosse,2,
H7826,שַׁ֫חַל,,,lion,7,
H7827,שְׁחֵ֫לֶת,,,ongle odorant,1,
H7828,שַׁ֫חַף,,,un oiseau déclaré impur,2,
H7829,שַׁחֶ֫פֶת,,,"consomption, maladie infectieuse",2,
H7830,שַׁ֫חַץ,,,"dignité, orgueil",2,
H7831,שַׁחֲצִ֫ימָה,,,Schachatsima = «vers les hauteurs»,1,
H7832,שָׂחַק,,,"rire, jouer, se moquer",36,
H7833,שָׁחַק,,,"Frotter, broyer finement, pulvériser",4,
H7834,שַׁ֫חַק,,,"poussière, nuage",21,
H7835,שָׁחַר,,,être noir,1,
H7836,שָׁחַר,,,"chercher, chercher de bonne heure ou sérieusement ou diligemment",12,
H7837,שַׁ֫חַר,,,aube,24,
H7838,שָׁחֹר,,,noir,6,
H7839,שַׁחֲרוּת,,,noirceur,1,
H7840,שְׁחַרְחֹר,,,"tirant sur le noir, noirâtre",1,
H7841,שְׁחַרְיָה,,,Schecharia = «aurore de l’Éternel»,1,
H7842,שַׁחֲרַ֫יִם,,,Schacharaïm = «double aurore»,1,
H7843,שָׁחַת,,,"détruire, corrompre, aller à la ruine, décadence",146,
H7844,שְׁחַת,,,corrompre,3,
H7845,שַׁ֫חַת,,,"fosse, tombe",23,2025-06-06T09:38:10.000Z
H7846,שֵׂט,,,"s’écarter, faire un écart, se révolter, rebelles, faits quis’écartent",2,
H7847,שָׂטָה,,,"tourner de côté, se retourner, décliner",6,
H7848,שִׁטָּה,,,"acacia, bois d’acacia",28,
H7849,שָׁטַח,,,"étendre, s’étendre autour, se répandre",6,
H7850,שֹׁטֵט,,,châtier,1,
H7851,שִׁטִּים,,,Sittim = «les acacias»,5,
H7852,שָׂטַם,,,"haïr, s’opposer à, porter une rancune, retenir de l’animosité envers, entretenir de l’animosité",6,
H7853,שָׂטַן,,,"(qal) être ou agir comme un adversaire, résister, s’opposer",6,
H7854,שָׂטָן,,,"adversaire, celui qui résiste, qui supporte",27,
H7855,שִׂטְנָה,,,"accusation, inimitié",1,
H7856,שִׂטְנָה,,,"Sitna = «lutte, accusation, opposition»",1,
H7857,שָׁטַף,,,"laver, rincer, déborder, engloutir, submerger",31,
H7858,שֶׁ֫טֶף,,,"inondation, débordement",6,
H7859,שְׂטַר,,,côté (),1,
H7860,שֹׁטֵר,,,"(qal) officiel, fonctionnaire",25,
H7861,שִׁטְרַי,,,Schithraï = «mes officiers»,1,
H7862,שַׁי,,,"don, présent, don offert en hommage",3,
H7863,שִׂיא,,,hauteur (par orgueil),1,
H7865,שִׂיאֹן,,,Sion = «un lieu élevé»,1,
H7866,שִׁיאוֹן,,,"Schion = «destruction, ruine»",1,
H7867,שִׂיב,,,"(qal) être blanchi, être gris",2,
H7868,שִׂיב,,,"être gris, être blanchi, avoir les cheveux blancs",5,
H7869,שֵׂיב,,,"âge blanchi, âge de la tête grise",1,
H7870,שִׁיבָה,,,restauration,1,
H7871,שִׁיבָה,,,séjourner,1,
H7872,שֵׂיבָה,,,"âge, cheveux gris, tête blanchie, grand âge",19,
H7873,שִׂיג,,,"déménagement, rebut, scorie?",1,
H7874,שִׂיד,,,(qal) passer au blanc de chaux,2,
H7875,שִׂיד,,,"chaux, blanc de chaux",4,
H7876,שָׁיָה,,,"(qal) oublier, priver",1,
H7877,שִׁיזָא,,,Schiza = «splendeur»,1,
H7878,שִׂיחַ,,,"méditer, communier avec, converser intimement, parler, se plaindre, réfléchir, chanter",20,
H7879,שִׂיחַ,,,"méditation, plainte, rêverie",14,
H7880,שִׂיחַ,,,"buisson, plante, arbrisseau",4,
H7881,שִׂיחָה,,,"méditation, réflexion, prière, dévotion, complainte, rêverie",3,
H7882,שִׁיחָה,,,fosse,2,
H7883,שִׁיחוֹר,,,"Schichor = «sombre, noir, boueux»",4,
H7884,שִׁיחוֹר לִבְנָת,,,Schichor-Libnath = «noirceur de blancheur»,2,
H7885,שַׁ֫יִט,,,rangée,1,
H7886,שִׁילֹה,,,Schilo = «Le Pacifique»,1,
H7887,שִׁלוֹ,,,Silo = «lieu de repos»,32,
H7888,שִׁילֹנִי,,,"De Silo, Schilonite = voir Silo «lieu de repos»",6,
H7889,שִׁימוֹן,,,Simon = «désert»,1,
H7891,שִׁיר,,,chanter,87,
H7892,שִׁיר,,,chant,90,
H7893,שַׁ֫יִשׁ,,,albâtre,1,
H7894,שִׁישָׁא,,,"Schischa = «l’Éternel lutte, soutient»",1,
H7895,שִׁישַׁק,,,Schischak = «avide de fin lin»,7,
H7896,שִׁית,,,"poser, fixer",83,
H7897,שִׁית,,,vêtement,2,
H7898,שַׁ֫יִת,,,buissons d’épines,7,
H7899,שֵׂךְ,,,épine,1,
H7900,שֹׂךְ,,,"baraque, pavillon",1,
H7901,שָׁכַב,,,se coucher,212,
H7902,שְׁכָבָה,,,"action de se coucher, une couche",9,
H7903,שְׁכֹ֫בֶת,,,copulation,4,
H7904,שָׁכָה,,,"(hif.) lascif, sensuel",1,
H7905,שֻׂכָּה,,,"barbillon, lance",1,
H7906,שֵׂ֫כוּ,,,Sécou = «tour de guet»,1,
H7907,שֶׂכְוִי,,,"un phénomène ou une apparition céleste, un esprit",1,
H7908,שְׁכוֹל,,,"privation, perte d’enfant",3,
H7909,שַׁכּוּל,,,sans enfant (à travers une perte),7,
H7910,שִׁכֹּר,,,ivre,13,
H7911,שָׁכַח,,,oublier,102,2025-05-29T09:58:55.000Z
H7912,שְׁכַח,,,trouver,18,
H7913,שָׁכֵחַ,,,"oubli, oublieux, oublier",2,
H7914,שְׂכִיָּה,,,"image, navire",1,
H7915,שַׂכִּין,,,couteau,1,
H7916,שָׂכִיר,,,"loué, engagé",17,
H7917,שְׂכִירָה,,,"loué, engagé",1,
H7918,שָׁכַךְ,,,"s’affaisser, se calmer, diminuer, décroître",5,
H7919,שָׂכַל,,,"I. (qal) être prudent, être circonspect ; prospérer • (hif.) regarder ; rendre sage ; considérer ; comprendre ; faire comprendre, enseigner ; agir prudemment ; prospérer ; rendre prospère. ￭ II. (piel) croiser",62,2026-02-20T14:19:14.314Z
H7920,שְׂכַל,,,"(Itpael) considérer, contempler",1,
H7921,שָׁכֹל,,,"qui a perdu ses enfants, qui est privé d'enfant, stéril",23,2024-11-01T08:15:49.825Z
H7922,שֵׂ֫כֶל,,,"prudence, perspicacité, compréhension",16,
H7923,שִׁכֻּלִים,,,"sans enfants, privé d’enfants",1,
H7924,שׇׂכְלְתָנוּ,,,perspicacité,3,
H7925,שָׁכַם,,,se lever ou commencer de bonne heure,65,
H7926,שְׁכֶם,,,"épaule, dos",21,
H7927,שְׁכֶם,,,Sichem = « épaule»,63,
H7928,שֶׁ֫כֶם,,,Sichem = «dos»,3,
H7929,שִׁכְמָה,,,"épaule, dos",1,
H7930,שִׁכְמִי,,,Sichémites = « épaule»,1,
H7931,שָׁכַן,,,"demeurer, habiter, résider",129,
H7932,שְׁכֵן,,,"demeurer, résider",2,
H7934,שָׁכֵן,,,"habitant, voisin",20,
H7935,שְׁכַנְיָהוּ,,,Schecania = «demeurer avec l’Éternel»,10,
H7936,שָׂכַר,,,"louer, engager",21,
H7937,שָׁכַר,,,"être ou devenir ivre, être intoxiqué",19,
H7938,שֶׂ֫כֶר,,,"louage, gages",2,
H7939,שָׂכָר,,,"louage, gages, salaire",28,2024-11-01T08:15:49.825Z
H7940,שָׂכָר,,,Sacar = «gages»,2,
H7941,שֵׁכָר,,,"boisson forte, boisson intoxicante, liqueur fermentée",23,
H7942,שִׁכְּרוֹן,,,Schicron = «ivresse»,1,
H7943,שִׁכָּרוֹן,,,ivresse,3,
H7944,שַׁל,,,"erreur, faute",1,
H7946,שַׁלְאֲנָן,,,"à l’aise, tranquille, sûr",1,
H7947,שָׁלַב,,,"(pual) être lié, être joint, être joints ensemble",2,
H7948,שַׁלָבִּים,,,"montants, ce qui joint",3,
H7949,שָׁלַג,,,"(hif.) neiger, être comme de la neige",1,
H7950,שֶׁ֫לֶג,,,neige,20,
H7951,שָׁלָה,,,"être au repos, prospérer, être tranquille, être à l’aise",5,
H7952,שָׁלָה,,,(nif.) être négligent,2,
H7953,שָׁלָה,,,"(qal) tirer, retirer, extraire",1,
H7954,שְׁלֵה,,,"(P’al) à l’aise, avec facilité",1,
H7956,שֵׁלָה,,,"Schéla = «requête, pétition, prière»",8,
H7957,שַׁלְהֶ֫בֶת,,,flamme,3,
H7958,שְׂלָו,,,caille,4,
H7959,שָׁ֫לוּ,,,"aise, prospérité",1,
H7960,שָׁלוּ,,,"négligence, relâchement",4,
H7961,שָׁלֵו,,,"tranquille, à l’aise, avec facilité, prospère",8,
H7962,שַׁלְוָה,,,"tranquillité, aise, prospérité",8,
H7963,שְׁלֵוָה,,,"aise, prospérité",1,
H7964,שִׁלּוּחִים,,,"renvoi, cadeau d’adieu",3,
H7965,שָׁלוֹם,,,"(adj.) entier, complet, paisible, heureux ; (subst.) paix, bien-être, tranquillité, salut, prospérité",237,2025-07-22T12:35:38.872Z
H7966,שִׁלּוּם,,,récompense,3,
H7967,שַׁלּוּם,,,"Schallum = «rétribution, récompense»",27,
H7968,שַׁלּוּן,,,Schallun = «rétribution»,1,
H7969,שָׁלֹשׁ,,,"trois, triade",432,
H7970,שְׁלֹשִׁים,,,"trente, trentième",173,
H7971,שָׁלַח,,,"envoyer, envoyer au loin, laisser aller, étendre",847,
H7972,שְׁלַח,,,envoyer,14,
H7973,שֶׁ֫לַח,,,"arme, projectile, un jet, une pousse",8,
H7974,שֶׁ֫לַח,,,"Schélach = «pousse, bourgeon»",9,
H7975,שֶׁ֫לַח,,,Siloé = «envoyé»,2,
H7976,שְׁלּוּחָה,,,"rameau, rejeton, branche",1,
H7977,שִׁלְחִי,,,Schilchi = «armé d’un javelot»,2,
H7978,שִׁלְחִים,,,Schilhim = «projectiles»,1,
H7979,שֻׁלְחָן,,,table,71,
H7980,שָׁלַט,,,"se montrer tyrannique, exercer le pouvoir sur, dominer, avoir la maîtrise, être maître",8,
H7981,שְׁלֵט,,,"avoir le pouvoir, gouverner, dominer, régner sur",7,
H7982,שֶׁ֫לֶט,,,bouclier,7,
H7983,שִׁלְטוֹן,,,maîtrise,2,
H7984,שִׁלְטוֹן,,,"gouvernant, officiel",2,
H7985,שׇׁלְטָן,,,"domination, souveraineté",14,
H7986,שַׁלֶּטֶת,,,"impérieux, arrogant, se montrant tyrannique",1,
H7987,שְׁלִי,,,"tranquille, privé, tranquillité",1,
H7988,שִׁלְיָה,,,placenta,1,
H7989,שַׁלִּיט,,,"ayant la maîtrise, dominateur, maître",4,
H7990,שַׁלִּיט,,,"ayant la maîtrise, ayant l’autorité, dirigeant",10,
H7991,שָׁלִישׁ,,,tiers,20,
H7992,שְׁלִישִׁי,,,"un tiers, troisième, troisième fois",107,
H7993,שָׁלַךְ,,,"jeter, faire tomber, lancer, décocher un trait",125,
H7994,שָׁלָךְ,,,oiseau de proie,2,
H7995,שַׁלֶּ֫כֶת,,,abattage (d’un arbre),1,
H7996,שַׁלֶּ֫כֶת,,,"Schalléketh = «renverser, jeter dehors»",1,
H7997,שָׁלַל,,,"(qal) retirer, arracher",16,
H7998,שָׁלָל,,,"proie, pillage, butin",73,
H7999,שָׁלֵם,,,"être dans une alliance de paix, être en paix",116,
H8000,שְׁלֵם,,,"être complet, être fini, être sonné",3,
H8001,שְׁלָם,,,"bien-être, prospérité, paix",4,
H8002,שֶׁ֫לֶם,,,"offrande de paix, récompense, sacrifice pour alliance ou amitié",87,
H8003,שָׁלֵם,,,"complet, sûr, paisible, parfait, entier, plein, en paix",28,
H8004,שָׁלֵם,,,"Salem = «paix, paisible»",2,
H8005,שִׁלֵּם,,,"récompense, ce qui paye de retour",1,
H8006,שִׁלֵּם,,,Schillem = «récompense»,2,
H8007,שַׂלְמָא,,,Salma = «vêtement»,4,
H8008,שַׂלְמָה,,,"vêtement de dessus, manteau, couverture",16,
H8009,שַׂלְמָה,,,Salmon = «vêtement»,1,
H8010,שְׁלֹמֹה,,,"Salomon = «paix, pacifique»",293,
H8011,שִׁלֻּמָה,,,"récompense, ce qui est donné en retour, rétribution",1,
H8012,שַׂלְמוֹן,,,Salmon = «un vêtement»,1,
H8013,שְׁלֹמוֹת,,,Schelomoth ou Schelomith = «paisible»,3,
H8014,שַׂלְמַי,,,Salmaï = «mes vêtements»,2,
H8015,שְׁלֹמִי,,,Schelomi = «paisible»,1,
H8016,שִׁלֵּמִי,,,Schillémites = voir Schillem «récompense»,1,
H8017,שְׁלֻמִיאֵל,,,Schelumiel = «Dieu est paix»,5,
H8018,שֶׁלֶמְיָהוּ,,,Schélémia = «récompensé par l’Éternel»,10,
H8019,שְׁלֹמִית,,,Schelomith = «paisible»,8,
H8020,שַׁלְמַן,,,Schalman = «adorateur du feu»,1,
H8021,שַׁלְמֹן,,,"récompense, pot-de-vin, présent",1,
H8022,שַׁלְמַנְאֶ֫סֶר,,,Salmanasar = «adorateur du feu»,2,
H8023,שִׁלֹנִי,,,Schiloni = voir Silo «qui apporte la paix»,1,
H8024,שֵׁלָנִי,,,Schélanites = voir Schéla «tranquillité»,1,
H8025,שָׁלַף,,,"tirer, sortir, ôter, arracher",25,
H8026,שֶׁ֫לֶף,,,Schéleph = «celui qui dégaine»,2,
H8027,שָׁלַשׁ,,,"faire un troisième temps, faire trois fois, diviser en trois parts",9,
H8028,שֶׁ֫לֶשׁ,,,Schélesch = «triple»,1,
H8029,שִׁלֵּשׁ,,,appartenant à la troisième (génération),5,
H8030,שִׁלְשָׁה,,,Schilscha = «triple»,1,
H8031,שָׁלִ֫שָׁה,,,Schalischa = «troisième»,1,
H8032,שִׁלְשֹׁם,,,"le jour avant hier, il y a trois jours",24,
H8033,שָׁם,,,là,834,
H8034,שֵׁם,,,nom,864,
H8035,שֵׁם,,,"Sem = «nom, renommée»",17,
H8036,שֻׁם,,,nom,12,
H8037,שַׁמָּא,,,Schamma = «désert»,2,
H8038,שֶׁמְאֵ֫בֶר,,,Schémeéber = «vol fameux»,1,
H8039,שִׁמְאָה,,,"Schimea = «rapport, bruit, rumeur»",1,
H8040,שְׂמֹאל,,,"la gauche, la main gauche, le côté gauche",54,
H8041,שִׂמְאֵל,,,"prendre à gauche, aller à gauche",5,
H8042,יְמָנִי,,,"gauche, côté gauche, sur la gauche",9,
H8043,שִׁמְאָם,,,Schimeam = «leur renommée»,1,
H8044,שַׁמְגַּר,,,Schamgar = « épée»,2,
H8045,שָׁמַד,,,"détruire, exterminer, être détruit, être exterminé",90,
H8046,שְׁמַד,,,(Afel) détruire,1,
H8047,שַׁמָּה,,,"ruines, horreur, ce qui épouvante",39,
H8048,שַׁמָּה,,,"Schamma = «étonnement, désolation»",7,
H8049,שַׁמְהוּת,,,Schamehuth = «désolation»,1,
H8050,שְׁמוּאֵל,,,"Samuel = «entendu, ou exaucé de Dieu»",141,
H8051,שַׁמּוּעַ,,,"Schammua = « étonnement, écouté»",5,
H8052,שְׁמוּעָה,,,"bruit, nouvelles, rumeur",27,
H8054,שַׁמּוֹת,,,Schammoth = «désolations»,1,
H8055,שָׂמַח,,,"se réjouir, être heureux",155,
H8056,שָׂמֵחַ,,,"joyeux, gai, heureux",21,
H8057,שִׂמְחָה,,,"joie, gaieté, bonheur",94,
H8058,שָׁמַט,,,"libérer, laisser tomber ou détacher ou reposer ou tomber",9,
H8059,שְׁמִטָּה,,,"abandonner les exactions, remise (temporaire), libérer (d’une dette)",5,
H8060,שַׁמַּי,,,Schammaï = «vêtement»,6,
H8061,שְׁמִידָ֑ע,,,Schemida = «sage»,3,
H8062,שְׁמִידָעִי,,,Schemidaïtes = voir Schemida «sage»,1,
H8063,שְׂמִיכָה,,,"tapis, couvre-pied, épaisse couverture",1,
H8064,שָׁמַיִם,,,"ciel, cieux",421,
H8065,שָׁמַ֫יִן,,,"ciel, cieux",38,
H8066,שְׁמִינִי,,,huitième (nombre ordinal),28,
H8067,שְׁמִינִית,,,peut-être un instrument de musique à huit cordes,3,
H8068,שָׁמִיר,,,"épine(s), diamant, silex",11,
H8069,שָׁמִיר,,,Schamir = « épine»,4,
H8070,שְׁמִירָמוֹת,,,"Schemiramoth = «nom des hauteurs, nom très exalté»",4,
H8071,שִׂמְלָה,,,"couverture, manteau, vêtement de dessus, vêtements, habits",29,
H8072,שַׂמְלָה,,,Samla = «vêtement»,4,
H8074,שָׁמֵם,,,"être désolé, être épouvanté, étourdir, stupéfier",86,
H8075,שְׁמַם,,,"(Itpolel) être épouvanté, être étourdi",1,
H8076,שָׁמֵם,,,"dévasté, déserté, désolé",6,
H8077,שְׁמָמָה,,,"dévastation, en friche, à l’abandon, désolation",57,
H8078,שִׁמָּמוֹן,,,"horreur, consternation, épouvantement",2,
H8079,שְׂמָמִית,,,une sorte de lézard,1,
H8080,שָׁמֵן,,,"être ou devenir gras, engraisser",5,
H8081,שֶׁ֫מֶן,,,"du gras, de l’huile",193,
H8082,שָׁמֵן,,,"gras, riche, robuste",10,
H8083,שְׁמֹנֶה,,,"huit, huitième",109,
H8084,שְׁמֹנִים,,,quatre-vingts,38,
H8085,שָׁמַע,,,"entendre, écouter, obéir à",1160,
H8086,שְׁמַע,,,entendre,9,
H8087,שֶׁ֫מַע,,,"Schéma = «célébrité, qui est entendu»",5,
H8088,שֵׁ֫מַע,,,"rapport, bruit, rumeur, l’audition, l’ouïe",18,
H8089,שֹׁ֫מַע,,,"bruit, rumeur, nouvelles, renommée",4,
H8090,שְׁמַע,,,Schema = «entendre»,1,
H8091,שָׁמָע,,,Schama = «obéissant»,1,
H8092,שִׁמְעָא,,,Schimea = «renommée»,5,
H8093,שִׁמְעָה,,,"Schimea = «renommée, entendu»",3,
H8094,שְׁמָעָה,,,"Schemaa = «renommée, réputation»",1,
H8095,שִׁמְעוֹן,,,"Siméon = «qui écoute, qui a été entendu»",44,
H8096,שִׁמְעִי,,,Schimeï = «renommée»,43,
H8097,שִׁמְעִי,,,Schimeï (famille de),2,
H8098,שְׁמַעְיָ֫הוּ,,,Schemaeja = «entendu par l’Éternel»,41,
H8099,שִׁמְעֹנִי,,,Siméonites = voir Siméon «qui écoute»,4,
H8100,שִׁמְעָת,,,"Schimeath = «bruit, rumeur»",2,
H8101,שִׁמְעָתִים,,,"Schimeathiens = voir Schimea «rapport, rumeurs»",1,
H8102,שֵׁ֫מֶץ,,,"chuchotement, petit bruit",2,
H8103,שִׁמְצָה,,,"chuchotement, dérision",1,
H8104,שָׁמַר,,,"tenir, garder, observer, faire attention à",469,
H8105,שֶׁ֫מֶר,,,lie (du vin),5,
H8106,שֶׁ֫מֶר,,,"Schémer, Schamer = «préservé»",5,
H8107,שִׁמֻּר,,,"veille de la nuit, veille",2,
H8108,שׇׁמְרָה,,,"garde, veille",1,
H8109,שְׁמֻרָה,,,paupière,1,
H8110,שִׁמְרוֹן,,,Schimron = «qui monte la garde»,5,
H8111,שֹׁמְרוֹן,,,Samarie = «montagne de guet»,109,
H8112,שִׁמְרוֹן מְראוֹן,,,Schimron-Meron = «vigilance de Meron»,2,
H8113,שִׁמְרִי,,,Schimri = «vigilant»,4,
H8114,שְׁמַרְיָ֫הוּ,,,Schemaria = «gardé par l’Éternel»,4,
H8115,שׇֽׁמְרָ֑יִן,,,Samarie = «montagne de guet»,2,
H8116,שִׁמְרִית,,,Schimrith = «vigilante»,1,
H8117,שִׁמְרֹנִי,,,Schimronites = voir Schimron «gardiens»,1,
H8118,שֹׁמרֹנִי,,,Samaritains = «de Samarie»,1,
H8119,שִׁמְרָת,,,Schimrath = «un garde»,1,
H8120,שְׁמַשׁ,,,"(Pael) administrer, servir",1,
H8121,שֶׁ֫מֶשׁ,,,soleil,134,
H8122,שְׁמַשׁ,,,soleil,1,
H8123,שִׁמְשׁוֹן,,,Samson = «petit soleil»,38,
H8124,שִׁמְשַׁי,,,Schimschaï = «ensoleillé»,4,
H8125,שַׁמְשְׁרַי,,,Schamscheraï = «comme le soleil»,1,
H8126,שֻׁמָתִי,,,Schumathiens = «l’exalté»,1,
H8127,שֵׁן,,,"dent, ivoire",55,
H8128,שֵׁן,,,dent,3,
H8129,שֵׁן,,,Schen = «rocher à pic»,1,
H8130,שָׂנֵא,,,"haïr, être odieux",146,
H8131,שְׂנָא,,,(Pal) haïr,1,
H8132,שָׁנָא,,,"changer, altérer",3,
H8133,שְׁנָא,,,"changer, être altéré, être changé",21,
H8134,שִׁנְאָב,,,Schineab = «splendeur du père»,1,
H8135,שִׂנְאָה,,,"haine, haïr",17,
H8136,שִׁנְאָן,,,répétition,1,2025-10-03T10:58:05.432Z
H8137,שֶׁנְאַצַּ֑ר,,,Schénatsar = «chef splendide»,1,
H8138,שָׁנָה,,,"répéter, faire de nouveau, changer, altérer, défigurer",22,
H8139,שְׁנָה,,,sommeil,1,
H8140,שְׁנָה,,,année,7,
H8141,שָׁנָה,,,année,877,
H8142,שֵׁנָה,,,sommeil,23,
H8143,שֶׁנְהַבִּים,,,ivoire,2,
H8144,שָׁנִי,,,"écarlate, cramoisi",42,
H8145,שֵׁנִי,,,second,156,
H8146,שָׂנִיא,,,"être haï, tenu en aversion",1,
H8147,שְׁנַ֫יִם,,,deux,769,
H8148,שְׁנִינָה,,,"parole aiguisée, parole cinglante, insulte, raillerie",4,
H8149,שְׂנִיר,,,Senir = «montagne de neige»,4,
H8150,שָׁנַן,,,"aiguiser, rendre tranchant",9,
H8151,שָׁנַס,,,"(piel) ceindre, se ceindre",1,
H8152,שִׁנְעָר,,,Schinear = «le pays des deux fleuves»,8,
H8153,שְׁנָת,,,sommeil,1,
H8154,שָׁסָה,,,"piller, dépouiller, prendre un butin",11,
H8155,שָׁסַס,,,"piller, dépouiller",6,
H8156,שָׁסַע,,,"diviser, fendre, partager",9,
H8157,שֶׁ֫סַע,,,"fendu, partagé",4,
H8158,שָׁסַף,,,"(piel) tailler en pièces, couper en morceaux",1,
H8159,שָׁעָה,,,"regarder, porter le regard, regarder fixement à ou autour",15,
H8160,שָׁעָה,,,"bref instant, moment",5,
H8161,שַׁעֲטָה,,,"battement de pieds (de sabots), bruit de broyage",1,
H8162,שַׁעַטְנֵז,,,"étoffe mêlée, fabrique de tissage mélangé, mélange lin-laine",2,
H8163,שָׂעִר,,,"velu, poilu ; bouc",59,2025-02-27T09:18:39.000Z
H8164,שְׂעִירִים,,,"ondées, averses de pluie",1,
H8165,שֵׂעִיר,,,"Séir = «velu, ébouriffé»",39,
H8166,שְׂעִירָה,,,"chèvre, femelle du bouc",2,
H8167,שְׂעִירָה,,,"Seïra = «le poilu, chèvre»",1,
H8168,שֹׁ֫עַל,,,"creux de la main, poignée",3,
H8169,שַׁעַלְבִים,,,"Schaalabbin, Schaalbim, Saalbim = «endroit des renards»",3,
H8170,שַׁעַלְבֹנִי,,,De Schaalbon = voir Schaalbim «lieu des renards»,2,
H8171,שַׁעֲלִים,,,Schaalim = «renards»,1,
H8172,שָׁעַן,,,"s’appuyer sur, se confier à, supporter",22,
H8173,שָׁעַע,,,"caresser, être taché, être aveuglé",9,
H8174,שַׁ֫עַף,,,Schaaph = «division»,2,
H8175,שָׂעַר,,,"prendre d’assaut, tempêter, frissonner, redouter, se hérisser (avec horreur), être très effrayé",8,
H8176,שָׁעַר,,,"raisonner, calculer, compter, estimer",1,
H8177,שְׂעַר,,,cheveu (poil de la tête),3,
H8178,שַׂ֫עַר,,,"orage, tempête, terreur, horreur",4,
H8179,שַׁ֫עַר,,,porte,374,
H8180,שַׁ֫עַר,,,une unité de mesure,1,
H8181,שֵׂעָר,,,poil,28,
H8182,שֹׁעָר,,,"affreux, dégoûtant, vil, abominable, offensant",1,
H8183,שְׂעָרָה,,,orage,2,
H8184,שְׂעֹרָה,,,orge,34,
H8185,שַׂעֲרָה,,,un sinple cheveu,7,
H8186,שַׁעֲרוּרָה,,,chose horrible,4,
H8187,שְׁעַרְיָה,,,Schearia = «estimé par l’Éternel»,2,
H8188,שְׂעֹרִים,,,Seorim = «orge»,1,
H8189,שַׁעֲרַ֫יִם,,,Schaaraïm = «double porte»,3,
H8190,שַׁעַשְׁגַּז,,,Schaaschgaz = «serviteur de ce qui est beau»,1,
H8191,שַׁעֲשֻׁעִים,,,"délices, jouissance",9,
H8192,שָׁפָה,,,"balayer à nu, râcler",2,
H8193,שָׂפָה,,,"lèvre, langage, parole, rivage, rive, bord, côté, fil, frontière, reliure",176,
H8194,שְׁפוֹת,,,"crème, fromage",1,
H8195,"שְׁפוֹ, שְׁפִי",,,Schepho ou Schephi = «hardi»,2,
H8196,שְׁפוֹט,,,"jugement, l’action du jugement",2,
H8197,שְׁפוּפָם,,,Schephuphan ou Schupham = «serpent»,2,
H8198,שִׁפְחָה,,,"bonne, servante, une fille esclave",63,
H8199,שָׁפַט,,,"Juger, gouverner, défendre, punir",202,
H8200,שְׁפַט,,,juger,1,
H8201,שֶׁ֫פֶט,,,"jugement, action de juger, résultat du jugement",16,
H8202,שָׁפָט,,,Schaphath = «il a jugé»,8,
H8203,שְׁפַטְיָהוּ,,,Schephatia = «l’Éternel a jugé»,13,
H8204,שִׁפְטָן,,,Schiphtan = «judiciaire»,1,
H8205,שְׁפִי,,,"nudité, hauteur lisse ou nue, lieu nu, lieu élevé, hauteur dénudée",9,
H8206,שֻׁפִּים,,,Schuppim = «serpents»,3,
H8207,שְׁפִיפֹן,,,un serpent cornu,1,
H8208,שָׁפִיר,,,Schaphir = «belle»,1,
H8209,שַׁפִּיר,,,"beau, agréable (d’un feuillage)",2,
H8210,שָׁפַךְ,,,"verser, répandre, s’épancher",115,
H8211,שֶׁ֫פֶךְ,,,"lieu de versement, de décharge",2,
H8212,שׇׁפְכָה,,,"pénis, urètre, organe mâle",1,
H8213,שָׁפֵל,,,"être ou devenir bas, baisser, enfoncer, être humilié, être abaissé",31,
H8214,שְׁפֵל,,,"être ou amener en bas, humble, humilier",4,
H8215,שְׁפַל,,,"bas, le plus humble (d’un état)",1,
H8216,שֵׁ֫פֶל,,,"rabaissé, de condition humble, humilié",2,
H8217,שָׁפָל,,,"bas, abaissé, humble",17,2024-11-01T08:15:49.825Z
H8218,שִׁפְלָה,,,"humiliation, un endroit très bas",1,
H8219,שְׁפֵלָה,,,"plaine, vallée",20,2025-06-06T09:13:54.000Z
H8220,שִׁפְלוּת,,,"relâchement, oisiveté, inactivité",1,
H8221,שְׁפָם,,,Schepham = «chauve»,2,
H8222,שָׂפָם,,,"moustache, barbe",5,
H8223,שָׁפָם,,,Schapham = «hardi»,1,
H8224,שִׂפְמוֹת,,,"Siphmoth = «fructueux, fertile»",1,
H8225,שִׁפְמִי,,,De Schepham = voir Siphmoth «fructueux» Schepham «chauve»,1,
H8226,שָׂפַן,,,"couvrir, recouvrir, cacher, conserver précieusement",1,
H8227,שָׁפָן,,,"Schaphan = «daman, blaireau des rochers»",34,
H8228,שֶׁ֫פַע,,,abondance,1,
H8229,שִׁפְעָה,,,"abondance, quantité, multitude",6,
H8230,שִׁפְעִי,,,Schipheï = «abondant»,1,
H8231,שָׁפַר,,,"être plaisant, être beau, être agréable, être avenant, être vif,étinceler",1,
H8232,שְׁפַר,,,"être juste, être bienséant, sembler bon, sembler plaisant",3,
H8233,שֶׁ֫פֶר,,,"beauté, bonté, de belle apparence",1,
H8234,שֶׁ֫פֶר,,,"Schapher = «beauté, élégance»",2,
H8235,שִׁפְרָה,,,"(piel) honnêteté, clarté, netteté",1,
H8236,שִׁפְרָה,,,"Schiphra = «belle, splendide»",1,
H8237,שַׁפְרִיר,,,"dais, pavillon royal",1,
H8238,שְׁפַרְפָּר,,,"aube, petit matin",1,
H8239,שָׁפַת,,,"placer, mettre, poser, ordonner",5,
H8240,שְׁפַתָּ֑יִם,,,"chevilles en forme de crochet, accrochages, marmites, pli",2,
H8241,שֶׁצֶף,,,"inondation, verser, débordement",1,
H8242,שַׂק,,,"maille, vêtement fait en sac",49,
H8243,שָׁק,,,"jambe, membres inférieurs",1,
H8244,שָׂקַד,,,"lier, relier, continuer, ne pas cesser (sens douteux)",1,
H8245,שָׁקַד,,,"s’éveiller, veiller, éveiller, être alerté",12,
H8246,שָׁקַד,,,(pual) coupes formées comme une amande,6,
H8247,שָׁקֵד,,,"amandier, amandes",4,
H8248,שָׁקָה,,,"donner à boire, irriguer, arroser, boisson, boire, eau, faire boire de l’eau",61,
H8249,שִׁקֻּו,,,"boisson, rafraîchissement",1,
H8250,שִׁקּוּי,,,"boisson, rafraîchissement",2,
H8251,שִׁקּוּץ,,,"chose détestable ou idole, chose abominable, abomination, idole, chose détestée",28,
H8252,שָׁקַט,,,"être dans la quiétude, être tranquille, être en paix, se reposer, ne pas être dérangé",41,
H8253,שֶׁ֫קֶט,,,"quiétude, tranquillité",1,
H8254,שָׁקַל,,,"peser, soupeser, payer",22,
H8255,שֶׁ֫קֶל,,,sicle,88,
H8256,שִׁקְמָה,,,"sycomore (arbre portant des fruits, semblables à des figues) ; ne pas confondre avec le faux platane, sorte d’érable",7,
H8257,שָׁקַע,,,"enfoncer, s’affaisser, se calmer",6,
H8258,שְׁקַעֲרוּרָה,,,"dépression, creux",1,
H8259,שָׁקַף,,,"avoir vue sur, regarder, faire saillie, porter les regards",22,
H8260,שֶׁ֫קֶף,,,"charpente, montants (de porte), porte, linteau",1,
H8261,שָׁקוּף,,,"cadre, montant (de fenêtres), cadre de fenêtre",2,
H8262,שִׁקֵּץ,,,"(piel) détester, rendre abominable, dire des choses obscènes, rendre détestable",7,
H8263,שֶׁ֫קֶץ,,,"chose détestable ou idole, une chose impure, une abomination, haine",11,
H8264,שָׁקַק,,,"courir, accourir, se ruer, courir çà et là, être ardent ou gourmand ou assoiffé",6,
H8265,שָׂקַר,,,"(piel) lorgner, œillade, être folâtre",1,
H8266,שָׁקַר,,,"faire ou donner faussement, être faux, duper, tromper, tricher",6,
H8267,שֶׁ֫קֶר,,,"mensonge, déception, désappointement, fausseté",113,
H8268,שֹׁ֫קֶת,,,auge pour abreuver,2,
H8269,שַׂר,,,"prince, souverain, chef, officiel, capitaine",421,
H8270,שֹׁר,,,"cordon ombilical, nombril",2,
H8271,שְׁרָא,,,"desserrer, demeurer, commencer",6,
H8272,בֵּן,,,Scharetser = «prince du feu»,4,
H8273,שָׁרָב,,,"chaleur brûlante ou roussissante, terre desséchée",2,
H8274,שֵׁרֵֽבְיָה,,,Schérébia = «l’Éternel a roussi»,8,
H8275,שַׁרְבִֿיט,,,sceptre,4,
H8276,שָׂרַג,,,être entrelacé,2,
H8277,שָׂרַד,,,"(qal) échapper, survivre",1,
H8278,שְׂרָד,,,ouvrage tressé,4,
H8279,שֶׂ֫רֶד,,,"stylet, un marqueur",1,2024-11-01T08:15:49.825Z
H8280,שָׂרָה,,,"lutter, soutenir, avoir la puissance, persister, s’efforcer de, persévérer",2,
H8281,שָׁרָה,,,"laisser détaché, libérer",2,
H8282,שָׂרָה,,,"princesse, femme noble, noble dame",5,
H8283,שָׂרָה,,,"Sara = «femme noble, princesse»",38,
H8284,שָׁרָה,,,mur,1,
H8285,שֵׁרָה,,,bracelet,1,
H8286,שְׂרוּג,,,"Serug = «branche, scion»",5,
H8287,שָׁרוּחֶ֑ן,,,Scharuchen = «refuge de grâce»,1,
H8288,שְׂרוֹךְ,,,"courroie de sandale, lacet",2,
H8289,שָׁרוֹן,,,Saron = «une plaine»,7,
H8290,שָׁרוֹנִי,,,De Saron = voir Saron «une plaine»,1,
H8291,שָׂרֹק,,,sarments ou ceps de la vigne,1,
H8292,שְׁרִיקָה,,,"son du pipeau, sifflement",2,
H8294,"שֶׂ֫רַח, שָׂ֫רַח",,,Sérach = «abondance»,3,
H8295,שָׂרַט,,,"inciser, gratter, tatouer, couper",3,
H8296,שֶׂ֫רֶט,,,"incision, coupure",2,
H8297,שָׂרַי,,,Saraï = «princesse»,17,
H8298,שָׁרָ֑י,,,Scharaï = «libérateur»,1,
H8299,שָׂרִיג,,,"sarment, brindille, branche",3,
H8300,שָׂרִיד,,,"survivant, reste, vestige, ce qui est laissé",28,
H8301,שָׂרִיד,,,Sarid = «survivant»,2,
H8302,שִׁרְיוֹן,,,"armure de corps, cuirasse",9,
H8303,שִׂרְיֹן,,,"Sirion = «cuirasse, côte de maille»",2,
H8304,שְׂרָיָהוּ,,,Seraja = «l’Éternel est puissant»,20,
H8305,שָׂרִיק,,,"(lin) cardé, peigné, fin",1,
H8306,שָׁרִיר,,,"tendon, muscle, nombril",1,
H8307,שְׁרִירוּת,,,"opiniâtreté, dureté, fermeté",10,
H8308,שָׂרַךְ,,,"tordre, enlacer, tortiller",1,
H8310,שַׂרְסְכִים,,,Sarsekim = «prince des eunuques»,2,
H8311,שָׂרַע,,,"étendre, prolonger, allonger",3,
H8312,שַׂרְעַפִּים,,,"pensées alarmantes, pensées",2,
H8313,שָׂרַף,,,brûler,117,
H8314,שָׂרָף,,,"serpent ardent, serpent",7,
H8315,שָׂרָף,,,"Saraph = «brûlant, fougueux»",1,
H8316,שְׂרֵפָה,,,"feu, incendie",13,
H8317,שָׁרַץ,,,"(qal) grouiller, fourmiller, multiplier",14,2025-10-20T12:44:02.136Z
H8318,שֶׁ֫רֶץ,,,choses grouillantes ou fourmillantes,15,
H8319,שָׁרַק,,,siffler,12,
H8320,שָׂרֹק,,,"alezan, rougeâtre, fauve",1,
H8321,שֹׂרֵקָה,,,"espèces choisies de vignes, excellent raisin",3,
H8322,שְׁרֵקָה,,,"sifflement, moquerie",7,
H8323,שָׂרַר,,,"être ou agir en prince, gouverner, lutter, avoir le pouvoir, décider, régner",5,
H8324,שׁוֹרֵר,,,(qal) être un ennemi,5,
H8325,שָׁרָר,,,Scharar = «ennemi»,1,
H8326,שֹׁרֶר,,,"nombril, cordon ombilical",1,
H8327,שָׁרַשׁ,,,"déraciner, prendre racine, jeter des racines",8,
H8328,שֹׁ֫רֶשׁ,,,racine,33,
H8329,שָׁ֑רֶשׁ,,,Schéresch = «racine»,1,
H8330,שֹׁ֫רֶשׁ,,,racine,3,
H8331,שַׁרְשָׁה,,,chaîne,1,
H8332,שְׁרֹשִׁי,,,"déracinement, bannissement",1,
H8333,שַׁרְשְׁרָה,,,chaîne,7,
H8334,שָׁרַת,,,"(piel) administrer, servir, remplir une fonction",97,
H8335,שָׁרֵת,,,"ministère religieux, service dans le tabernacle",2,
H8336,שֵׁשׁ,,,"quelque chose de décoloré en blanc, lin, fin lin",41,
H8337,שֵׁשׁ,,,six,216,
H8338,שִׁשֵּׁא,,,"(piel) mener, conduire",1,
H8339,שֵׁשְׁבַּצַּר,,,Scheschbatsar = «adorateur du feu»,2,
H8340,שֵׁשְׁבַּצַּר,,,Scheschbatsar = «adorateur du feu»,2,
H8341,שִׁשָּׁה,,,(piel) donner la sixième partie de,1,
H8342,שָׂשׂוֹן,,,"joie, exultation, jubilation, réjouissance",22,
H8343,שָׁשַׁי,,,Schaschaï = «blanchâtre»,1,
H8344,שֵׁשַׁי,,,Schéschaï = «blanchâtre»,3,
H8345,שִׁשִּׁי,,,sixième,28,
H8346,שִׁשִּׁים,,,"soixante, trois vingtaines",59,
H8347,שֵׁשַׁךְ,,,Schéschac = «ton fin lin»,2,
H8348,שֵׁשָׁן,,,Schéschan = «noble»,5,
H8349,שָׁשָׁק,,,"Schaschak = «désir ardent, envie»",2,
H8350,שָׁשֵׁר,,,"couleur rouge, vermillon",2,
H8352,שֵׁת,,,"Seth = «compensation, mis à la place»",9,
H8353,שֵׁת,,,six (nombre cardinal),2,
H8354,שָׁתָה,,,boire,217,2024-11-01T08:15:49.825Z
H8355,שְׁתָה,,,(P’al) boire,5,
H8356,שָׁת,,,"fondement, appui, le séjour",2,
H8357,שֵׁת,,,"siège (du corps), fesses",2,
H8358,שְׁתִי,,,"celui qui boit, ivrogne",1,
H8359,שְׁתִי,,,"fibre, matériau tissé",9,
H8360,שְׁתִיָּה,,,boire (mode ou manière ou quantité),1,
H8361,שִׁתִּין,,,"soixante, trois vingtaines",4,
H8362,שָׁתַל,,,"(qal) planter, transplanter",10,
H8363,שָׁתִיל,,,"plant, racine transplantée",1,
H8364,שֻׁתַלְחִי,,,Schutalchites = voir Schutélach «bruit de cassure»,1,
H8365,שָׁתַם,,,(qal) ouvrir,2,
H8366,שָׁתַן,,,(hif.) uriner,6,
H8367,שָׁתַק,,,"(qal) être tranquille, être silencieux",4,
H8368,שָׂתַר,,,"(nif.) éclater, rupture (hémorroïdes)",1,
H8369,שֵׁתָר,,,Schéthar = «une étoile»,1,
H8370,שְׁתַר בּוֹזְנַי,,,Schethar-Boznaï = « étoile de splendeur»,8,
H8371,שָׁתַת,,,"(qal) mettre, désigner",2,
H8372,תָּא,,,"chambre, salle de garde",13,
H8373,תָּאַב,,,(qal) avoir un fort désir de,2,
H8374,תָּאַב,,,"(piel) détester, abhorrer, avoir en horreur",1,
H8375,תַּאֲבָה,,,le désir,1,
H8376,תָּאָה,,,"(piel) marquer, pointer, désigner",2,
H8377,תְּאוֹ,,,"bœuf sauvage, antilope",2,
H8378,תַּאֲוָה,,,désir,20,
H8379,תַּאֲוָה,,,"frontière, limite",1,
H8380,תּוֹאָם,,,jumeau,6,
H8381,תַּאֲלָה,,,malédiction,1,
H8382,תָּאַם,,,"être double, être joints",2,
H8383,תְּאֻנִים,,,"travailler dur, peiner",1,
H8384,תְּאֵנָה,,,"figue, figuier",39,
H8385,תֹּאֲנָה,,,"occasion, temps de chaleur ou de copulation, recherche d’accouplement (de l’animal)",2,
H8386,תַּאֲנִיָּה,,,"deuil, chagrin",2,
H8387,תַּאֲנַת שִׁלֹ֑ה,,,Thaanath-Silo = «abords de Silo»,2,
H8388,תָּאַר,,,"(qal) être tracé, incliner, esquisser, dessiner, étendre",8,
H8389,תֹּ֫אַר,,,"forme, modèle, le tracé, figure, apparence",15,
H8390,תַּאֲרֵעַ,,,"Thaeréa = «chambre d’un voisin, d’un proche»",1,
H8391,תְּאַשּׁוּר,,,une espèce d’arbre,2,
H8392,תֵּבָה,,,arche,28,
H8393,תְּבוּאָה,,,"produire, produit, revenu",42,
H8394,תְּבוּנָה,,,"compréhension, intelligence",42,
H8395,תְּבוּסָה,,,"ruine, mise à bas, chute, destruction",1,
H8396,תָּבוֹר,,,Thabor = «tertre»,10,
H8397,תֶּ֫בֶל,,,confusion (violation de la nature ou d’un ordre divin),2,
H8398,תֵּבֵל,,,monde,36,
H8399,תַּבְלִית,,,destruction,1,
H8400,תְּבַלֻּל,,,"obscurité, défaut (de vision), confusion",1,
H8401,תֶּ֫בֶן,,,"paille, chaume",17,
H8402,תִּבְנִי,,,Thibni = «intelligent»,3,
H8403,תַּבְנִית,,,"modèle, plan, forme, construction, figure",20,
H8404,תַּבְעֵרָה,,,Tabeéra = «brûlant»,2,
H8405,תֵּבֵץ,,,Thébets = «en évidence»,3,
H8406,תְּבַר,,,"rompre, briser, casser (P’al) brisé en morceaux",1,
H8407,תִּגְלַת פִּלְאֶ֫סֶר,,,Tiglath-Piléser ou Tilgath-Pilnéser = «ma force est le dieu Ninib»,12,
H8408,תַּגְמוּל,,,"bienfait, action de grâce",1,
H8409,תִּגְרָה,,,"dispute, lutte, conflit, hostilité",1,
H8410,תִּדְהָר,,,une espèce d’arbre au bois dur,2,
H8411,תְּדִירָא,,,"continuation, continuité, perpétuité",2,
H8412,תַּדְמֹר,,,Thadmor = «un palmier»,2,
H8413,תִּדְעָל,,,Tideal = «grand fils»,2,
H8414,תֹּ֫הוּ,,,"informe, confusion, chose irréelle, vide",20,
H8415,תְּהוֹם,,,"profondeur ; mer ; gouffre, abîme, abysse",36,2025-06-12T10:55:19.000Z
H8416,תְּהִלָּה,,,"louange, chant ou hymne de louange",57,
H8417,תׇּהֳלָה,,,une erreur,1,
H8418,תַּהֲלוּכָה,,,procession,1,
H8419,תַּהְפֻּכָה,,,"perversité, chose perverse, être entêté dans l’erreur",10,
H8420,תָּו,,,"désir, marque",3,
H8421,תּוּב,,,"retourner, revenir",8,
H8422,תּוּבַל,,,Tubal = «coulant»,8,
H8423,תּוּבַל־קַ֫יִן,,,Tubal-Caïn = «tu seras apporté de Caïn»,4,
H8424,תּוּגָה,,,"chagrin, lourdeur, douleur",4,
H8425,תֹּגַרְמָה,,,Togarma = «tu la briseras»,4,
H8426,תּוֹדָה,,,"confession, louange, actions de grâces",32,
H8427,תָּוָה,,,"limiter, marquer, faire ou poser une marque",2,
H8428,תָּוָה,,,"(hif.) faire de la peine, blesser, troubler",1,
H8429,תְּוַהּ,,,"(P’al) être effrayé, être alarmé",1,
H8430,תּוֹחַ,,,Thoach = «humble»,1,
H8431,תּוֹחֶ֫לֶת,,,espérance,6,
H8432,תָּ֫וֶךְ,,,milieu,418,
H8433,תּוֹכֵחָה,,,"réprimande, correction, reproche, punition, châtiment",28,
H8434,תּוֹלָ֑ד,,,Tholad = «génération»,1,
H8435,תּוֹלֵדוֹת,,,"descendants, résultats, générations, généalogies",39,
H8436,תִּילוֹן,,,"Thilon = «don, présent, cadeau»",1,
H8437,תּוֹלָל,,,"tourmenteur, pillards",1,
H8438,תּוֹלָע,,,"ver ; étoffe écarlate, le cramoisi",43,2025-07-03T14:00:49.000Z
H8439,תּוֹלָע,,,Thola = «ver»,6,
H8440,תּוֹלָעִי,,,Tholaïtes = voir Thola «ver»,1,
H8441,תּוֹעֵבַה,,,"une chose dégoûtante, abomination, abominable",117,
H8442,תּוֹעָה,,,"erreur, égarement, impiété, perversions",2,
H8443,תּוֹעָפָה,,,"éminence, sommet",4,
H8444,תּוֹצָאָה,,,"issue, frontière, sortie, extrémité, fin, source, échappement",23,
H8446,תּוּר,,,"chercher, rechercher, espionner, explorer",24,
H8447,תּוֹר,,,"cercle, natte, tresse (de cheveux ou d’or)",4,
H8448,תּוֹר,,,"cercle, natte, tresse (de cheveux ou d’or)",1,
H8449,תֹּר,,,"colombe, tourterelle",14,
H8450,תּוֹר,,,"taureau, jeune taureau, bœuf (pour le sacrifice)",7,
H8451,תּוֹרָה,,,"loi, direction, instruction",219,
H8452,תּוֹרָה,,,"coutume, manière, mode, loi (de l’homme)",1,
H8453,תּוֹשָׁב,,,"celui qui séjourne, étranger",14,
H8454,תּוּשִׁיָּה,,,"sagesse, solide connaissance, succès, saine sagesse, succès durable",12,
H8455,תּוֹתָ֑ח,,,une arme,1,
H8456,תָּזַז,,,"(hif.) retrancher, couper, rejeter",1,
H8457,תַּזְנוּת,,,"fornication, prostitution",20,
H8458,תַּחְבֻּלָה,,,"direction, conseil, bon avis, sage conseil",6,
H8459,תֹּחוּ,,,Thohu = «humble»,1,
H8460,תְּחוֹת,,,"sous, au-dessous",5,
H8461,תַּחְכְּמֹנִי,,,Tachkemonite = «tu me rendras sage»,1,
H8462,תְּחִלָּה,,,"commencement, premier, d’abord",22,
H8463,תַּחֲלֻאִים,,,maladies,5,
H8464,תַּחְמָס,,,un oiseau déclaré impur,2,
H8465,תַּ֫חַן,,,Thachan = «camp»,2,
H8466,תַּחֲנָה,,,campement,1,
H8467,תְּחִנָּה,,,"faveur, supplication, supplier pour une faveur",25,
H8468,תְּחִנָּה,,,"Thechinna = «supplication, grâce»",1,
H8469,תַּחֲנוּן,,,"supplication, supplier pour une faveur",18,
H8470,תַּחֲנִי,,,"Thachanites = voir Thachan «campement», «tu déclineras»",1,
H8471,תַּחְפַּנְחֵס,,,Tachpanès = «tu rempliras les mains de pitié»,7,
H8472,תַּחְפְּנֵיס,,,Thachpenès = « épouse du roi»,3,
H8473,תַּחְרָא,,,corselet,2,
H8474,תַּחָרָה,,,"brûler, être allumé (de colère)",2,
H8475,תַּחֲרֵעַ,,,"Thachréa = «ruse, adresse»",1,
H8476,תַּ֫חַשׁ,,,"une sorte de fourrure, de peau d’animal",14,
H8477,תַּ֫חַשׁ,,,Tahasch = «dauphin»,1,
H8478,תַּחַת,,,"la partie de dessous, au-dessous, au lieu de cela, comme, pour, pour l’amour de, à plat, où, au lieu que",505,
H8480,תַּ֫חַת,,,"un Lévite Kehathite, fils de Assir et père de Uriel",6,
H8481,תַּחְתּוֹן,,,"baisser, le plus bas, bas, inférieur",13,
H8482,תַּחְתִּי,,,"bas, plus bas, inférieur",19,
H8483,תַּחְתִּים חׇדְשִׁי,,,Thachthim-Hodschi = «la lune basse»,2,
H8484,תִּיכוֹן,,,milieu,11,
H8485,תֵּימָא,,,"Théma, Téma = «désert»",5,
H8486,תֵּימָן,,,"sud, tout ce qui est sur la droite (quartier du sud), vent du sud",23,
H8487,תֵּימָן,,,Théman = «sud»,11,
H8488,תֵּימְנִי,,,Thémeni = «méridional»,1,
H8489,תֵּימָנִי,,,"Thémanites, de Théman = voir Théman «vers le sud»",8,
H8490,תִּימָרָה,,,"pilier, colonne",2,
H8491,תִּיצִי,,,Thitsite = «tu avanceras»,1,
H8492,תִּירוֹשׁ,,,"vin, jus fraîchement pressé, vin nouveau",38,
H8493,תִּירְיָא,,,Thirja = «crainte»,1,
H8494,תִּירָ֑ס,,,Tiras = «désir»,2,
H8495,תַּ֫יִשׁ,,,"bouc, mâle de la chèvre",4,
H8496,תֹּךְ,,,"préjudice, oppression, oppresseur",4,
H8497,תָּכָה,,,"(pual) être mis, être assemblés",1,
H8498,תְּכוּנָה,,,"arrangement, préparation, lieu déterminé",2,
H8499,תְּכוּנָה,,,"arrangement, préparation, lieu déterminé, siège",1,
H8500,תֻּכִּיִּים,,,"paon, babouin, singe",2,
H8502,תִּכְלָה,,,"perfection, achèvement, état complet",1,
H8503,תַּכְלִית,,,"fin, perfection, consommation, achèvement, état complet",5,
H8504,תְּכֵ֫לֶת,,,"violet, étoffe violette",49,
H8505,תָּכַן,,,"régler, mesurer, estimer, réfléchir, peser, faire égal, de niveau, être égal, être pesé, mettre à l’épreuve, éprouver",18,
H8506,תֹּ֫כֶן,,,"action de mesurer, la valeur d’une mesure",2,
H8507,תֹּ֫כֶן,,,"Thoken = «poids, mesure»",1,
H8508,תׇּכְנִית,,,"mesure, modèle, proportion",2,
H8509,תַּכְרִיךְ,,,"robe, vêtement",1,
H8510,תֵּל,,,"tertre, tas, monceau de ruines",5,
H8511,תָּלָא,,,"(qal) pendre, suspendre, s’accrocher à",3,
H8512,תֵּל אָבִיב,,,Thel-Abib (Tel-abib) = «tertre ou colline d’épis»,2,
H8513,תְּלָאָה,,,"fatigue, peine, mal, adversité",4,2025-02-05T10:43:12.000Z
H8514,תַּלְאֻבָה,,,sécheresse,1,
H8515,תְּלַאשָּׂ֑ר,,,Telassar = «colline d’Assur»,2,
H8516,תִּלְבֹּשֶׁת,,,"vêtement, habit",1,
H8517,תְּלַג,,,neige,1,
H8518,תָּלָה,,,Pendre,27,
H8519,תְּלֻנָּה,,,"murmures, action de murmurer",8,
H8520,תֶּ֫לַח,,,Thélach = «fracture»,1,
H8521,תֵּל חַרְשָׁא,,,Thel-Harscha = «tertre de la muette»,4,
H8522,תְּלִי,,,carquois,1,
H8523,תְּלִיתַי,,,"troisième, tiers",2,
H8524,תָּלוּל,,,"exalter, élever",1,
H8525,תֶּ֫לֶם,,,sillon,5,
H8526,תַּלְמַי,,,"Talmaï = «sillonné, labouré»",6,
H8527,תַּלְמִיד,,,"savant, étudiant",1,
H8528,תֵּל מֶ֫לַח,,,Thel-Mélach = «tertre de sel»,4,
H8529,תָּלַע,,,"(pual) habillé d’écarlate, être vêtu de pourpre",1,
H8530,תַּלְפִּיָּוֹת,,,"armes, arsenal, salle d’armes, armements",1,
H8531,תְּלַת,,,"troisième, tiers, une troisième partie, un des trois",2,
H8532,תְּלָת,,,trois,11,
H8533,תְּלָתִין,,,trente,2,
H8534,תַּלְתַּלִּים,,,"qui ondule, ondulé, qui flotte (pour la chevelure féminine – figuré)",1,
H8535,תָּם,,,"parfait, complet, accompli",15,
H8536,תַּמָּה,,,là,4,
H8537,תֹּם,,,"intégrité, perfection",23,
H8538,תֻּמָּה,,,intégrité,5,
H8539,תָּמַהּ,,,"être étonné, être stupéfait, s’étonner, être frappé de mutisme",9,
H8540,תְּמַהּ,,,"merveille, miracle",3,
H8541,תִּמָּהוֹן,,,"étonnement, égarement, stupéfaction",2,
H8542,תַּמּוּז,,,Thammuz = «rejeton de vie»,1,
H8543,תְּמוֹל,,,"avant, auparavant, jadis, autrefois, dans le passé, hier, le jour avant hier, récemment, précédemment",23,
H8544,תְּמוּנָה,,,"forme, image, ressemblance, représentation, similitude",10,
H8545,תְּמוּרָה,,,"ce qui est échangé, échange, substitution, récompense",6,
H8546,תְּמוּתָה,,,mort,2,
H8547,תָּ֑מַח,,,Thamach = «rire»,2,
H8548,תָּמִיד,,,"continuité, perpétuité ; perpétuellement, toujours",104,2024-11-01T08:15:49.825Z
H8549,תָּמִים,,,"complet, entier, sain, solide",91,
H8550,תֻּמִּים,,,Thummim = «perfections»,5,
H8551,תָּמַךְ,,,"saisir, tenir, supporter, atteindre, soutenir",21,
H8552,תָּמַם,,,"être complet, être fini, être à son terme",63,
H8553,תִּמְנָה,,,Thimna ou Thimnatha = «portion allouée»,12,
H8554,תִּמְנִי,,,Thimnien = «tu compteras  une portion»,1,
H8555,תִּמְנָע,,,Thimna = «entraves»,6,
H8556,תִּמְנַת סֶ֫רַח,,,Thimnath-Hérès ou Thimnath-Sérach = «portion de soleil»,6,
H8557,תֶּ֫מֶס,,,"dissoudre, fondre, se fondre (au loin)",1,
H8558,תָּמָר,,,"palmier dattier,",8,
H8559,תָּמָר,,,Tamar = «palmier»,25,
H8560,תֹּ֫מֶר,,,"palmier, poteau, colonne",2,
H8561,תִּמֹרָה,,,"palme, image de palmier (comme ornement)",19,
H8562,תַּמְרוּק,,,"un grattement, raclement, frottement",4,
H8563,תַּמְרוּר,,,amertume,3,
H8564,תַּמְרוּר,,,"poteaux indicateurs, marques, signaux, un haut tas",1,
H8565,תַּן,,,"dragon, peut-être le dinosaure disparu «plesiosaurus», baleine",1,
H8566,תָּנָה,,,"louer, engager",2,
H8567,תָּנָה,,,"(piel) raconter, répéter, dire encore",2,
H8569,תְּנוּאָה,,,"opposition, aliénation, inimitié",2,
H8570,תְּנוּבָה,,,"fruit, production",5,
H8571,תְּנוּךְ,,,"bout, lobe (de l’oreille)",8,
H8572,תְּנוּמָה,,,"sommeiller, assoupissement, dormir",5,
H8573,תְּנוּפָה,,,"balancement, agitation, offrande agitée",30,
H8574,תַּנּוּר,,,"fournaise, four, fourneau (portable)",15,
H8575,תַּנְחוּם,,,consolation(s),5,
H8576,תַּנְחֻ֫מֶת,,,Thanhumeth = «consolation»,2,
H8577,תַּנִּין,,,"dragon, monstre marin ; crocodile ; serpent ; chacal",28,2024-11-01T08:15:49.825Z
H8578,תִּנְיָן,,,second,1,
H8579,תִּנְיָנוּת,,,"une seconde fois, de nouveau, encore",1,
H8580,תִּנְשֶׁ֫מֶת,,,un animal impur,3,
H8581,תַּעָב,,,"abhorrer, être abominable, faire d’une façon abominable",22,
H8582,תָּעָה,,,"errer, s’égarer, chanceler",50,
H8583,"תֹּ֫עִי, תֹּעוּ",,,"Thoï ou Thohu = «errer, s’égarer»",5,
H8584,תְּעוּדָה,,,"témoignage, attestation, confirmation",3,
H8585,תְּעָלָה,,,"un conduit, un cours d’eau, tranchée",11,
H8586,תַּעֲלוּלִים,,,"libertinage, caprice, vexation",2,
H8587,תַּעֲלֻמָּהֿ,,,"chose secrète, secret, ce qui est caché",3,
H8588,תַּעֲנוּג,,,"délicatesse, luxe, délices exquis, choses agréables, conforts",5,
H8589,תַּעֲנִית,,,"humiliation (par le jeûne), pratique ascétique du jeûne",1,
H8590,תַּעֲנָךְ,,,"Taanac, Thaanac = «sablonneux»",7,
H8591,תָּעַע,,,"tromper, décevoir, maltraiter",2,
H8592,תַּעֲצֻמָה,,,"puissance, pouvoir",1,
H8593,תַּ֫עַר,,,"rasoir, étui",13,
H8594,תַּעֲרֻבָה,,,"gage, garantie, otage",2,
H8595,תֵּעְתֻּעִים,,,"erreurs, illusions",2,
H8596,תֹּף,,,"petit tambour, tambourin",17,
H8597,תִּפְאָרָה,,,"beauté, splendeur, gloire",51,
H8598,תַּפּוּחַ,,,"pomme, pommier",6,
H8599,תַּפּוּחַ,,,"Tappuach = «pomme, ou coing, ou abricot»",6,
H8600,תְּפוֹצָה,,,dispersion,1,
H8601,תֻּפִינִים,,,"morceau brisé, morceaux cuits",1,
H8602,תָּפֵל,,,"insensé, insipide",7,
H8603,תֹּ֫פֶל,,,Tophel = «blanc»,1,
H8604,תִּפְלָה,,,"ce qui est vide, folie, sottise, chose insensée",3,
H8605,תְּפִלָּה,,,prière,77,
H8606,תִּפְלֶ֫צֶת,,,"frissonnement, frémissement, horreur",1,
H8607,תִּפְסַח,,,"Thiphsach = «passage, gué»",2,
H8608,תָּפַף,,,"jouer ou battre du tambourin, frapper (sur un tambour ou sur unautre objet)",2,
H8609,תָּפַר,,,coudre ensemble,4,
H8610,תָּפַשׂ,,,"attraper, saisir, manier, poser, manipuler",65,
H8611,תֹּ֫פֶת,,,"action de cracher, crachat",1,
H8612,תֹּ֫פֶת,,,Topheth = «lieu pour brûler»,9,
H8613,תׇּפְתֶּה,,,Voir Topheth = «lieu pour brûler»,1,
H8614,תִּפְתָּיֵא,,,magistrat,2,
H8615,תִּקְוָה,,,"corde, cordon",34,
H8616,תִּקְוָה,,,"Thikva, Thokehath = «espoir»",3,
H8617,תְּקוּמָה,,,"se tenir, capacité ou pouvoir de se tenir",1,
H8618,תְּקוֹמֵם,,,(Hitpol) un soulèvement contre,1,
H8619,תָּקוֹעַ,,,"un instrument à vent, trompette",1,
H8620,תְּקוֹעַ,,,Tekoa = «une palissade»,7,
H8621,תְּקוֹעִי,,,Tekoïte = voir Tekoa «coup de trompette»,7,
H8622,תְּקוּפָה,,,"revenir, circuit en temps ou espace, un tour, une course",4,
H8623,תַּקִּיף,,,puissant,1,
H8624,תַּקִּיף,,,"pouvoir, fort, puissant",5,
H8625,תְּקֵל,,,peser,3,
H8626,תָּקַן,,,"égaliser, rendre droit, devenir droit, redresser",3,
H8627,תְּקַן,,,être en ordre,1,
H8628,תָּקַע,,,frapper ; enfoncer ; sonner (d'un instrument),69,2025-06-06T09:18:34.000Z
H8629,תֵּ֫קַע,,,"son, coup (de corne), son de trompette",1,
H8630,תָּקֵף,,,"(qal) prévaloir sur ou envers, vaincre, subjuguer, accabler",3,
H8631,תְּקֵף,,,"grandir en force, être endurci",5,
H8632,תְּקֹף,,,"force, puissance",2,
H8633,תֹּ֫קֶף,,,"autorité, puissance, force, énergie",3,
H8634,תַּרְאֲלָה,,,"Thareala = «chancelant, titubant»",1,
H8635,תַּרְבּוּת,,,"augmentation, couvée, progéniture, descendance",1,
H8636,תַּרְבִּית,,,"accroissement, usure, intérêt, gratification",6,
H8637,תִּרְגַּל,,,"aller à pied, explorer, faire marcher",1,
H8638,תִּרְגֵּם,,,"(pual) interpréter, traduire",1,
H8639,תַּרְדֵּמָה,,,"profond sommeil, transe, catalepsie",7,
H8640,תִּרְהָקָה,,,Tirhaka = «il rechercha le pieux»,2,
H8641,תְּרוּמָה,,,"contribution, offrande",76,
H8642,תְּרוּמִיָּה,,,"portion, contribution, ce qui appartient à une contribution ou seconde contribution, ou subdivision",1,
H8643,תְּרוּעָה,,,"alarme, signal, son de trompette, cri, hurlement ou cri de guerre ou d’alarme ou de joie",36,
H8644,תְּרוּפָה,,,guérison,1,
H8645,תִּרְזָה,,,un type d’arbre,1,
H8646,תֶּ֫רַח,,,"Térach, Tarach = «halte, délai, retard»",13,
H8647,תִּרְחֲנָה,,,Tirchana = «faveur»,1,
H8648,תְּרֵין,,,deux,4,
H8649,תׇּרְמָה,,,"trahison, fraude, tromperie, tricherie",6,
H8650,תֹּ֫רֶן,,,"balise, mât, mât de drapeau",3,
H8651,תְּרַע,,,"portail, porte",2,
H8652,תָּרָע,,,"portier, gardien de la porte (au temple)",1,
H8653,תַּרְעֵלָה,,,"action de chanceler, vacillement",3,
H8654,תִּרְעָתִים,,,Thireathiens = «les hommes de la porte»,1,
H8655,תְּרָפִים,,,"idolâtrie, idoles, image(s), théraphim, idoles de famille",15,
H8656,תִּרְצָה,,,Thirtsa = «favorable»,18,
H8657,תֶּ֫רֶשׁ,,,Théresch = «rigueur»,2,
H8658,תַּרְשִׁישׁ,,,"pierre précieuse, quelquefois traduite par Béryl, à la quatrième rangée du pectoral du souverain sacrificateur, de couleur jaune?",7,
H8659,תַּרְשִׁישׁ,,,Tarsis = «jaspe jaune»,28,
H8660,תִּרְשָׁתָא,,,Tirshatha – gouverneur,5,
H8661,תַּרְתָּן,,,"Tharthan – maréchal, général, ou commandant",2,
H8662,תַּרְתָּ֑ק,,,Tharthak = «prince des ténèbres»,1,
H8663,תְּשֻׁאָה,,,"bruit, clameur",4,
H8664,תִּשְׁבִּי,,,Thischbite = «captivité»,6,
H8665,תַּשְׁבֵּץ,,,"ouvrage tissé, ouvrage marqueté ou plissé",1,
H8666,תְּשׁוּבָה,,,"un retour, une répétition, une réponse",8,
H8667,תְּשׂ֫וּמֶת,,,"gage, caution, dépôt",1,
H8668,תְּשׁוּעָה,,,"salut, délivrance",34,
H8669,תְּשׁוּקָה,,,"désir, désir ardent, besoin impérieux",3,
H8670,תְּשׁוּרָה,,,"don, cadeau, présent",1,
H8671,תְּשִׁיעִי,,,neuvième (nombre ordinal),18,
H8672,תֵּ֫שַׁע,,,"neuf, neuvaine",58,2025-05-29T09:47:15.000Z
H8673,תִּשְׁעִים,,,quatre-vingt-dix,20,
H8674,תַּתְּנַי,,,"Thathnaï = «don, cadeau»",4,
